"Longueuil",1.627434,32.52,13.35,43690
"Longueuil",1.625946,32.57,13.35,43690
"Longueuil",1.627289,32.51,13.37,43690
"Longueuil",1.627352,32.51,13.38,43690
"Longueuil",1.627658,32.5,13.34,43690
"Longueuil",1.628543,32.48,13.34,43690
"Longueuil",1.628271,32.47,13.37,43690
"Longueuil",1.628281,32.48,13.39,43690
"Longueuil",1.626505,32.46,13.38,43690
"Longueuil",1.629547,32.43,13.33,43690
"Longueuil",1.629049,32.44,13.38,43690
"Longueuil",1.626485,32.42,13.37,43690
"Longueuil",1.628807,32.41,13.35,43690
"Longueuil",1.628708,32.4,13.36,43690
"Longueuil",1.630193,32.38,13.33,43690
"Longueuil",1.633258,32.36,13.33,43690
"Longueuil",1.632751,32.49,13.37,43690
"Longueuil",1.631638,32.5,13.36,43690
"Longueuil",1.634593,32.35,13.36,43690
"Longueuil",1.634837,32.35,13.37,43690
"Longueuil",1.633789,32.35,13.4,43690
"Longueuil",1.635923,32.36,13.45,43690
"Longueuil",1.638395,32.36,13.46,43690
"Longueuil",1.636737,32.37,13.42,43690
"Longueuil",1.638662,32.38,13.39,43690
"Longueuil",1.635813,32.39,13.42,43690
"Longueuil",1.637906,32.41,13.4,43690
"Longueuil",1.638054,32.42,13.46,43690
"Longueuil",1.63799,32.43,13.37,43690
"Longueuil",1.637955,32.43,13.37,43690
"Longueuil",1.637812,32.44,13.33,43690
"Longueuil",1.637594,32.47,13.36,43690
"Longueuil",1.638636,32.47,13.35,43690
"Longueuil",1.636436,32.5,13.41,43690
"Longueuil",1.633975,32.5,13.38,43690
"Longueuil",1.634033,32.5,13.37,43690
"Longueuil",1.634328,32.51,13.37,43690
"Longueuil",1.634435,32.53,13.37,43690
"Longueuil",1.633214,32.52,13.39,43690
"Longueuil",1.634275,32.52,13.33,43690
"Longueuil",1.631686,32.52,13.42,43690
"Longueuil",1.634054,32.51,13.34,43690
"Longueuil",1.632782,32.49,13.31,43690
"Longueuil",1.632439,32.47,13.31,43690
"Longueuil",1.635933,32.47,13.31,43690
"Longueuil",1.631732,32.45,13.32,43690
"Longueuil",1.631091,32.44,13.32,43690
"Longueuil",1.631432,32.44,13.34,43690
"Longueuil",1.63309,32.43,13.34,43690
"Longueuil",1.632088,32.4,13.32,43690
"Longueuil",1.633214,32.39,13.31,43690
"Longueuil",1.632324,32.39,13.35,43690
"Longueuil",1.631671,32.38,13.37,43690
"Longueuil",1.635122,32.39,13.39,43690
"Longueuil",1.632828,32.39,13.41,43690
"Longueuil",1.632675,32.37,13.4,43690
"Longueuil",1.633888,32.37,13.38,43690
"Longueuil",1.634206,32.36,13.39,43690
"Longueuil",1.636345,32.37,13.39,43690
"Longueuil",1.634743,32.37,13.47,43690
"Longueuil",1.635412,32.37,13.43,43690
"Longueuil",1.634033,32.38,13.37,43690
"Longueuil",1.633494,32.38,13.35,43690
"Longueuil",1.633052,32.37,13.32,43690
"Longueuil",1.634982,32.39,13.3,43690
"Longueuil",1.63562,32.4,13.29,43690
"Longueuil",1.63343,32.41,13.34,43690
"Longueuil",1.631899,32.44,13.4,43690
"Longueuil",1.633741,32.46,13.36,43690
"Longueuil",1.632093,32.47,13.34,43690
"Longueuil",1.630257,32.49,13.36,43690
"Longueuil",1.629822,32.5,13.34,43690
"Longueuil",1.630152,32.52,13.37,43690
"Longueuil",1.63311,32.51,13.4,43690
"Longueuil",1.63165,32.53,13.38,43690
"Longueuil",1.629921,32.53,13.37,43690
"Longueuil",1.630666,32.51,13.35,43690
"Longueuil",1.628838,32.59,13.34,43690
"Longueuil",1.629278,32.52,13.39,43690
"Longueuil",1.628644,32.52,13.4,43690
"Longueuil",1.627983,32.52,13.36,43690
"Longueuil",1.628278,32.5,13.36,43690
"Longueuil",1.627202,32.49,13.37,43690
"Longueuil",1.628118,32.49,13.39,43690
"Longueuil",1.629097,32.48,13.36,43690
"Longueuil",1.627815,32.47,13.36,43690
"Longueuil",1.62941,32.46,13.39,43690
"Longueuil",1.628606,32.43,13.42,43690
"Longueuil",1.629156,32.43,13.35,43690
"Longueuil",1.629003,32.4,13.35,43690
"Longueuil",1.630323,32.38,13.32,43690
"Longueuil",1.628863,32.38,13.31,43690
"Longueuil",1.629705,32.36,13.34,43690
"Longueuil",1.629595,32.38,13.38,43690
"Longueuil",1.627925,32.39,13.38,43690
"Longueuil",1.630933,32.37,13.39,43690
"Longueuil",1.633494,32.37,13.34,43690
"Longueuil",1.630216,32.38,13.35,43690
"Longueuil",1.629397,32.38,13.37,43690
"Longueuil",1.628977,32.37,13.34,43690
"Longueuil",1.627192,32.39,13.36,43690
"Longueuil",1.630137,32.41,13.37,43690
"Longueuil",1.632047,32.42,13.37,43690
"Longueuil",1.630819,32.45,13.38,43690
"Longueuil",1.629428,32.48,13.39,43690
"Longueuil",1.632113,32.48,13.37,43690
"Longueuil",1.630511,32.49,13.38,43690
"Longueuil",1.630135,32.52,13.36,43690
"Longueuil",1.631477,32.6,13.39,43690
"Longueuil",1.629771,32.53,13.42,43690
"Longueuil",1.627474,32.55,13.43,43690
"Longueuil",1.628286,32.6,13.43,43690
"Longueuil",1.627983,32.57,13.41,43690
"Longueuil",1.629979,32.57,13.38,43690
"Longueuil",1.626747,32.62,13.4,43690
"Longueuil",1.625938,32.57,13.46,43690
"Longueuil",1.62691,32.57,13.39,43690
"Longueuil",1.623728,32.56,13.36,43690
"Longueuil",1.626607,32.54,13.37,43690
"Longueuil",1.625333,32.54,13.34,43690
"Longueuil",1.625409,32.53,13.33,43690
"Longueuil",1.624763,32.54,13.38,43690
"Longueuil",1.626907,32.52,13.37,43690
"Longueuil",1.62694,32.6,13.38,43690
"Longueuil",1.625481,32.5,13.4,43690
"Longueuil",1.625364,32.49,13.41,43690
"Longueuil",1.624448,32.47,13.38,43690
"Longueuil",1.625514,32.46,13.37,43690
"Longueuil",1.628159,32.44,13.4,43690
"Longueuil",1.628062,32.43,13.41,43690
"Longueuil",1.628011,32.42,13.41,43690
"Longueuil",1.631091,32.41,13.43,43690
"Longueuil",1.630554,32.39,13.41,43690
"Longueuil",1.630468,32.38,13.42,43690
"Longueuil",1.631915,32.38,13.42,43690
"Longueuil",1.631729,32.4,13.42,43690
"Longueuil",1.630953,32.49,13.42,43690
"Longueuil",1.633461,32.39,13.39,43690
"Longueuil",1.632179,32.39,13.41,43690
"Longueuil",1.631579,32.42,13.39,43690
"Longueuil",1.632261,32.39,13.38,43690
"Longueuil",1.633016,32.41,13.37,43690
"Longueuil",1.631032,32.43,13.4,43690
"Longueuil",1.631055,32.44,13.42,43690
"Longueuil",1.628713,32.46,13.43,43690
"Longueuil",1.628792,32.47,13.4,43690
"Longueuil",1.628568,32.49,13.37,43690
"Longueuil",1.630323,32.54,13.39,43690
"Longueuil",1.628029,32.51,13.41,43690
"Longueuil",1.625893,32.52,13.41,43690
"Longueuil",1.629458,32.52,13.39,43690
"Longueuil",1.628413,32.53,13.37,43690
"Longueuil",1.627602,32.53,13.37,43690
"Longueuil",1.62768,32.53,13.37,43690
"Longueuil",1.62381,32.54,13.39,43690
"Longueuil",1.62398,32.53,13.41,43690
"Longueuil",1.626111,32.64,13.4,43690
"Longueuil",1.625722,32.52,13.37,43690
"Longueuil",1.625982,32.51,13.36,43690
"Longueuil",1.627012,32.51,13.36,43690
"Longueuil",1.625265,32.5,13.34,43690
"Longueuil",1.625908,32.49,13.34,43690
"Longueuil",1.623482,32.47,13.32,43690
"Longueuil",1.624547,32.52,13.34,43690
"Longueuil",1.625615,32.45,13.34,43690
"Longueuil",1.624095,32.43,13.44,43690
"Longueuil",1.626045,32.53,13.37,43690
"Longueuil",1.627368,32.41,13.38,43690
"Longueuil",1.626661,32.4,13.41,43690
"Longueuil",1.626689,32.39,13.37,43690
"Longueuil",1.626279,32.37,13.38,43690
"Longueuil",1.626836,32.35,13.37,43690
"Longueuil",1.627452,32.36,13.37,43690
"Longueuil",1.626106,32.35,13.36,43690
"Longueuil",1.626808,32.37,13.35,43690
"Longueuil",1.628316,32.37,13.34,43690
"Longueuil",1.625425,32.39,13.34,43690
"Longueuil",1.628995,32.39,13.36,43690
"Longueuil",1.628624,32.41,13.39,43690
"Longueuil",1.630595,32.41,13.39,43690
"Longueuil",1.630219,32.41,13.38,43690
"Longueuil",1.628545,32.42,13.36,43690
"Longueuil",1.629575,32.43,13.37,43690
"Longueuil",1.629776,32.49,13.42,43690
"Longueuil",1.628179,32.45,13.46,43690
"Longueuil",1.628629,32.47,13.42,43690
"Longueuil",1.627612,32.48,13.42,43690
"Longueuil",1.625615,32.6,13.43,43690
"Longueuil",1.627457,32.5,13.43,43690
"Longueuil",1.627055,32.51,13.4,43690
"Longueuil",1.625534,32.51,13.38,43690
"Longueuil",1.624232,32.51,13.33,43690
"Longueuil",1.624479,32.54,13.36,43690
"Longueuil",1.623304,32.52,13.39,43690
"Longueuil",1.621188,32.54,13.38,43690
"Longueuil",1.621869,32.54,13.39,43690
"Longueuil",1.62251,32.52,13.39,43690
"Longueuil",1.62367,32.51,13.37,43690
"Longueuil",1.621244,32.51,13.38,43690
"Longueuil",1.622719,32.5,13.38,43690
"Longueuil",1.619446,32.49,13.38,43690
"Longueuil",1.62308,32.48,13.4,43690
"Longueuil",1.620051,32.53,13.38,43690
"Longueuil",1.619952,32.46,13.33,43690
"Longueuil",1.617599,32.43,13.39,43690
"Longueuil",1.619954,32.42,13.4,43690
"Longueuil",1.619723,32.4,13.39,43690
"Longueuil",1.621231,32.26,13.4,43690
"Longueuil",1.619621,32.27,13.41,43690
"Longueuil",1.623756,32.32,13.45,43690
"Longueuil",1.622709,32.32,13.43,43690
"Longueuil",1.622136,32.32,13.4,43690
"Longueuil",1.62277,32.31,13.37,43690
"Longueuil",1.621488,32.31,13.37,43690
"Longueuil",1.621819,32.33,13.43,43690
"Longueuil",1.621523,32.32,13.44,43690
"Longueuil",1.620616,32.33,13.41,43690
"Longueuil",1.619329,32.36,13.4,43690
"Longueuil",1.619471,32.37,13.42,43690
"Longueuil",1.621216,32.37,13.4,43690
"Longueuil",1.619204,32.37,13.37,43690
"Longueuil",1.618668,32.44,13.38,43690
"Longueuil",1.618215,32.39,13.39,43690
"Longueuil",1.619428,32.44,13.37,43690
"Longueuil",1.617462,32.46,13.39,43690
"Longueuil",1.61805,32.44,13.35,43690
"Longueuil",1.617836,32.45,13.4,43690
"Longueuil",1.616152,32.46,13.42,43690
"Longueuil",1.612188,32.48,13.41,43690
"Longueuil",1.613897,32.49,13.37,43690
"Longueuil",1.614647,32.48,13.36,43690
"Longueuil",1.611661,32.48,13.36,43690
"Longueuil",1.610575,32.49,13.34,43690
"Longueuil",1.612307,32.48,13.34,43690
"Longueuil",1.611989,32.49,13.35,43690
"Longueuil",1.611603,32.49,13.38,43690
"Longueuil",1.610021,32.49,13.37,43690
"Longueuil",1.609398,32.5,13.38,43690
"Longueuil",1.6092,32.48,13.37,43690
"Longueuil",1.608116,32.47,13.4,43690
"Longueuil",1.607666,32.45,13.36,43690
"Longueuil",1.607396,32.45,13.38,43690
"Longueuil",1.607379,32.43,13.37,43690
"Longueuil",1.606288,32.42,13.41,43690
"Longueuil",1.604332,32.4,13.44,43690
"Longueuil",1.605392,32.39,13.43,43690
"Longueuil",1.605715,32.47,13.48,43690
"Longueuil",1.604792,32.37,13.41,43690
"Longueuil",1.605199,32.35,13.39,43690
"Longueuil",1.604973,32.34,13.37,43690
"Longueuil",1.604334,32.34,13.39,43690
"Longueuil",1.604312,32.33,13.36,43690
"Longueuil",1.605146,32.32,13.33,43690
"Longueuil",1.603299,32.32,13.38,43690
"Longueuil",1.602537,32.43,13.43,43690
"Longueuil",1.601896,32.35,13.41,43690
"Longueuil",1.604754,32.35,13.41,43690
"Longueuil",1.603495,32.36,13.39,43690
"Longueuil",1.605919,32.36,13.38,43690
"Longueuil",1.604838,32.38,13.39,43690
"Longueuil",1.602445,32.39,13.39,43690
"Longueuil",1.603312,32.4,13.42,43690
"Longueuil",1.601542,32.42,13.4,43690
"Longueuil",1.599673,32.44,13.4,43690
"Longueuil",1.597816,32.45,13.38,43690
"Longueuil",1.597702,32.47,13.48,43690
"Longueuil",1.597575,32.47,13.45,43690
"Longueuil",1.596741,32.18,13.41,43690
"Longueuil",1.594477,32.49,13.43,43690
"Longueuil",1.594012,32.51,13.46,43690
"Longueuil",1.590808,32.5,13.47,43690
"Longueuil",1.592763,32.49,13.47,43690
"Longueuil",1.58916,32.5,13.46,43690
"Longueuil",1.590536,32.47,13.48,43690
"Longueuil",1.586227,32.47,13.47,43690
"Longueuil",1.588768,32.46,13.45,43690
"Longueuil",1.587524,32.45,13.42,43690
"Longueuil",1.587227,32.45,13.43,43690
"Longueuil",1.587329,32.43,13.42,43690
"Longueuil",1.586955,32.43,13.4,43690
"Longueuil",1.586774,32.4,13.39,43690
"Longueuil",1.58489,32.45,13.42,43690
"Longueuil",1.58815,32.37,13.4,43690
"Longueuil",1.588659,32.54,13.39,43690
"Longueuil",1.58638,32.35,13.4,43690
"Longueuil",1.588145,32.34,13.41,43690
"Longueuil",1.588537,32.33,13.43,43690
"Longueuil",1.585767,32.33,13.43,43690
"Longueuil",1.585457,32.32,13.43,43690
"Longueuil",1.584295,32.33,13.43,43690
"Longueuil",1.583115,32.32,13.42,43690
"Longueuil",1.584353,32.31,13.41,43690
"Longueuil",1.584292,32.18,13.43,43690
"Longueuil",1.584081,32.24,13.42,43690
"Longueuil",1.584338,32.27,13.43,43690
"Longueuil",1.58328,32.33,13.43,43690
"Longueuil",1.583961,32.34,13.41,43690
"Longueuil",1.581355,32.35,13.41,43690
"Longueuil",1.58209,32.37,13.39,43690
"Longueuil",1.581617,32.38,13.39,43690
"Longueuil",1.582509,32.4,13.43,43690
"Longueuil",1.58181,32.42,13.41,43690
"Longueuil",1.579445,32.45,13.38,43690
"Longueuil",1.578766,32.56,13.39,43690
"Longueuil",1.578161,32.5,13.36,43690
"Longueuil",1.576907,32.47,13.4,43690
"Longueuil",1.575849,32.48,13.36,43690
"Longueuil",1.575373,32.49,13.38,43690
"Longueuil",1.573237,32.51,13.37,43690
"Longueuil",1.574099,32.51,13.37,43690
"Longueuil",1.572784,32.51,13.34,43690
"Longueuil",1.571599,32.5,13.38,43690
"Longueuil",1.573405,32.51,13.35,43690
"Longueuil",1.568502,32.49,13.35,43690
"Longueuil",1.567869,32.47,13.32,43690
"Longueuil",1.567418,32.5,13.31,43690
"Longueuil",1.566633,32.45,13.3,43690
"Longueuil",1.56793,32.45,13.32,43690
"Longueuil",1.566579,32.44,13.34,43690
"Longueuil",1.563972,32.44,13.31,43690
"Longueuil",1.561226,32.42,13.31,43690
"Longueuil",1.564397,32.4,13.34,43690
"Longueuil",1.563731,32.21,13.31,43690
"Longueuil",1.565142,32.37,13.32,43690
"Longueuil",1.562998,32.35,13.32,43690
"Longueuil",1.559713,32.34,13.32,43690
"Longueuil",1.560069,32.34,13.35,43690
"Longueuil",1.562111,32.34,13.34,43690
"Longueuil",1.559181,32.34,13.36,43690
"Longueuil",1.560674,32.35,13.39,43690
"Longueuil",1.560946,32.45,13.42,43690
"Longueuil",1.558807,32.03,13.4,43690
"Longueuil",1.559858,32.37,13.4,43690
"Longueuil",1.556959,32.37,13.4,43690
"Longueuil",1.558716,32.38,13.4,43690
"Longueuil",1.559977,32.45,13.42,43690
"Longueuil",1.55633,32.39,13.43,43690
"Longueuil",1.557053,32.47,13.44,43690
"Longueuil",1.55629,32.41,13.39,43690
"Longueuil",1.553876,32.5,13.36,43690
"Longueuil",1.552775,32.46,13.38,43690
"Longueuil",1.554695,32.46,13.38,43690
"Longueuil",1.55409,32.48,13.41,43690
"Longueuil",1.551323,32.49,13.38,43690
"Longueuil",1.549845,32.5,13.37,43690
"Longueuil",1.549835,32.53,13.38,43690
"Longueuil",1.544731,32.54,13.38,43690
"Longueuil",1.545774,32.53,13.45,43690
"Longueuil",1.545542,32.53,13.38,43690
"Longueuil",1.542625,32.55,13.41,43690
"Longueuil",1.542671,32.56,13.43,43690
"Longueuil",1.541003,32.55,13.44,43690
"Longueuil",1.542399,32.54,13.41,43690
"Longueuil",1.540059,32.53,13.42,43690
"Longueuil",1.540077,32.52,13.4,43690
"Longueuil",1.537382,32.52,13.39,43690
"Longueuil",1.538701,32.61,13.4,43690
"Longueuil",1.5364,32.48,13.37,43690
"Longueuil",1.537994,32.48,13.37,43690
"Longueuil",1.535594,32.5,13.32,43690
"Longueuil",1.536385,32.46,13.36,43690
"Longueuil",1.536296,32.45,13.34,43690
"Longueuil",1.535166,32.42,13.31,43690
"Longueuil",1.532486,32.42,13.33,43690
"Longueuil",1.533285,32.39,13.3,43690
"Longueuil",1.533834,32.49,13.32,43690
"Longueuil",1.53214,32.37,13.31,43690
"Longueuil",1.532934,32.37,13.32,43690
"Longueuil",1.531385,32.36,13.38,43690
"Longueuil",1.533651,32.39,13.38,43690
"Longueuil",1.529114,32.39,13.4,43690
"Longueuil",1.528376,32.38,13.39,43690
"Longueuil",1.527016,32.39,13.42,43690
"Longueuil",1.529256,32.46,13.38,43690
"Longueuil",1.528244,32.4,13.36,43690
"Longueuil",1.52666,32.39,13.36,43690
"Longueuil",1.526906,32.38,13.3,43690
"Longueuil",1.527049,32.38,13.33,43690
"Longueuil",1.527585,32.4,13.35,43690
"Longueuil",1.52491,32.42,13.35,43690
"Longueuil",1.524691,32.44,13.37,43690
"Longueuil",1.522909,32.46,13.4,43690
"Longueuil",1.521136,32.47,13.38,43690
"Longueuil",1.522257,32.49,13.38,43690
"Longueuil",1.521975,32.48,13.33,43690
"Longueuil",1.519808,32.5,13.42,43690
"Longueuil",1.516721,32.51,13.38,43690
"Longueuil",1.515386,32.51,13.37,43690
"Longueuil",1.514359,32.5,13.37,43690
"Longueuil",1.511393,32.5,13.36,43690
"Longueuil",1.513565,32.5,13.34,43690
"Longueuil",1.508914,32.49,13.33,43690
"Longueuil",1.508092,32.48,13.32,43690
"Longueuil",1.505475,32.49,13.34,43690
"Longueuil",1.505196,32.47,13.33,43690
"Longueuil",1.506482,32.46,13.35,43690
"Longueuil",1.50499,32.45,13.37,43690
"Longueuil",1.501279,32.44,13.4,43690
"Longueuil",1.500814,32.44,13.41,43690
"Longueuil",1.501218,32.42,13.42,43690
"Longueuil",1.501737,32.42,13.42,43690
"Longueuil",1.502391,32.4,13.43,43690
"Longueuil",1.502635,32.38,13.42,43690
"Longueuil",1.500303,32.38,13.41,43690
"Longueuil",1.504588,32.35,13.44,43690
"Longueuil",1.500239,32.35,13.43,43690
"Longueuil",1.502045,32.34,13.41,43690
"Longueuil",1.499369,32.34,13.43,43690
"Longueuil",1.496775,32.32,13.42,43690
"Longueuil",1.496058,32.32,13.42,43690
"Longueuil",1.496656,32.31,13.41,43690
"Longueuil",1.496592,32.3,13.38,43690
"Longueuil",1.495796,32.31,13.39,43690
"Longueuil",1.494598,32.33,13.38,43690
"Longueuil",1.492119,32.35,13.41,43690
"Longueuil",1.494591,32.38,13.42,43690
"Longueuil",1.492231,32.39,13.43,43690
"Longueuil",1.490323,32.41,13.43,43690
"Longueuil",1.490278,32.42,13.44,43690
"Longueuil",1.491376,32.42,13.38,43690
"Longueuil",1.487109,32.45,13.36,43690
"Longueuil",1.485931,32.45,13.35,43690
"Longueuil",1.483304,32.48,13.39,43690
"Longueuil",1.4845,32.49,13.39,43690
"Longueuil",1.481758,32.49,13.4,43690
"Longueuil",1.481392,32.49,13.37,43690
"Longueuil",1.478071,32.35,13.38,43690
"Longueuil",1.480624,32.52,13.38,43690
"Longueuil",1.478411,32.5,13.37,43690
"Longueuil",1.476791,32.49,13.34,43690
"Longueuil",1.479426,32.48,13.35,43690
"Longueuil",1.475321,32.49,13.38,43690
"Longueuil",1.474876,32.5,13.4,43690
"Longueuil",1.474546,32.59,13.42,43690
"Longueuil",1.473989,32.57,13.39,43690
"Longueuil",1.470889,32.46,13.38,43690
"Longueuil",1.471601,32.45,13.36,43690
"Longueuil",1.470151,32.44,13.39,43690
"Longueuil",1.470566,32.43,13.37,43690
"Longueuil",1.467964,32.39,13.35,43690
"Longueuil",1.467857,32.37,13.34,43690
"Longueuil",1.467664,32.36,13.31,43690
"Longueuil",1.465795,32.36,13.31,43690
"Longueuil",1.466087,32.34,13.31,43690
"Longueuil",1.465612,32.33,13.31,43690
"Longueuil",1.464867,32.33,13.32,43690
"Longueuil",1.463605,32.33,13.31,43690
"Longueuil",1.461558,32.44,13.34,43690
"Longueuil",1.463628,32.36,13.35,43690
"Longueuil",1.46284,32.36,13.38,43690
"Longueuil",1.463501,32.38,13.36,43690
"Longueuil",1.460932,32.37,13.36,43690
"Longueuil",1.462084,32.38,13.37,43690
"Longueuil",1.461306,32.37,13.33,43690
"Longueuil",1.461596,32.51,13.3,43690
"Longueuil",1.460597,32.39,13.33,43690
"Longueuil",1.460098,32.41,13.35,43690
"Longueuil",1.457998,32.43,13.34,43690
"Longueuil",1.457202,32.44,13.32,43690
"Longueuil",1.456965,32.44,13.31,43690
"Longueuil",1.454422,32.45,13.31,43690
"Longueuil",1.45372,32.46,13.32,43690
"Longueuil",1.453596,32.48,13.32,43690
"Longueuil",1.452156,32.48,13.34,43690
"Longueuil",1.45222,32.49,13.35,43690
"Longueuil",1.450155,32.5,13.3,43690
"Longueuil",1.450233,32.51,13.33,43690
"Longueuil",1.44503,32.58,13.32,43690
"Longueuil",1.447421,32.51,13.35,43690
"Longueuil",1.445696,32.51,13.32,43690
"Longueuil",1.444684,32.49,13.37,43690
"Longueuil",1.444425,32.49,13.33,43690
"Longueuil",1.444265,32.48,13.31,43690
"Longueuil",1.440837,32.46,13.3,43690
"Longueuil",1.441124,32.46,13.31,43690
"Longueuil",1.43985,32.44,13.31,43690
"Longueuil",1.441027,32.44,13.31,43690
"Longueuil",1.440025,32.44,13.31,43690
"Longueuil",1.437497,32.43,13.31,43690
"Longueuil",1.43865,32.4,13.35,43690
"Longueuil",1.437383,32.4,13.36,43690
"Longueuil",1.439051,32.39,13.38,43690
"Longueuil",1.438797,32.39,13.37,43690
"Longueuil",1.435061,32.37,13.39,43690
"Longueuil",1.435623,32.5,13.42,43690
"Longueuil",1.434352,32.37,13.4,43690
"Longueuil",1.433955,32.38,13.43,43690
"Longueuil",1.433927,32.37,13.44,43690
"Longueuil",1.435015,32.37,13.41,43690
"Longueuil",1.433332,32.51,13.45,43690
"Longueuil",1.431994,32.37,13.41,43690
"Longueuil",1.436165,32.39,13.42,43690
"Longueuil",1.433228,32.4,13.46,43690
"Longueuil",1.433406,32.41,13.42,43690
"Longueuil",1.431773,32.42,13.43,43690
"Longueuil",1.430979,32.42,13.44,43690
"Longueuil",1.428759,32.44,13.43,43690
"Longueuil",1.431101,32.44,13.43,43690
"Longueuil",1.427414,32.47,13.43,43690
"Longueuil",1.428762,32.47,13.44,43690
"Longueuil",1.43075,32.5,13.41,43690
"Longueuil",1.424873,32.51,13.39,43690
"Longueuil",1.423846,32.52,13.39,43690
"Longueuil",1.42171,32.52,13.43,43690
"Longueuil",1.422223,32.52,13.42,43690
"Longueuil",1.420942,32.52,13.39,43690
"Longueuil",1.420164,32.51,13.35,43690
"Longueuil",1.421191,32.5,13.33,43690
"Longueuil",1.418421,32.59,13.34,43690
"Longueuil",1.418536,32.49,13.36,43690
"Longueuil",1.417056,32.49,13.4,43690
"Longueuil",1.41642,32.48,13.36,43690
"Longueuil",1.416087,32.52,13.36,43690
"Longueuil",1.414225,32.46,13.36,43690
"Longueuil",1.413427,32.45,13.38,43690
"Longueuil",1.414884,32.43,13.34,43690
"Longueuil",1.413989,32.41,13.31,43690
"Longueuil",1.415037,32.39,13.31,43690
"Longueuil",1.415316,32.41,13.3,43690
"Longueuil",1.41743,32.37,13.32,43690
"Longueuil",1.413956,32.37,13.34,43690
"Longueuil",1.413996,32.36,13.35,43690
"Longueuil",1.414919,32.34,13.33,43690
"Longueuil",1.414314,32.34,13.31,43690
"Longueuil",1.415133,32.33,13.31,43690
"Longueuil",1.41362,32.34,13.31,43690
"Longueuil",1.414663,32.35,13.32,43690
"Longueuil",1.413058,32.35,13.34,43690
"Longueuil",1.410398,32.49,13.31,43690
"Longueuil",1.412209,32.35,13.33,43690
"Longueuil",1.41141,32.37,13.3,43690
"Longueuil",1.411484,32.47,13.33,43690
"Longueuil",1.413668,32.41,13.35,43690
"Longueuil",1.410497,32.49,13.38,43690
"Longueuil",1.409299,32.45,13.34,43690
"Longueuil",1.408175,32.43,13.31,43690
"Longueuil",1.407206,32.44,13.34,43690
"Longueuil",1.408269,32.45,13.36,43690
"Longueuil",1.406222,32.46,13.32,43690
"Longueuil",1.405724,32.47,13.31,43690
"Longueuil",1.406558,32.47,13.3,43690
"Longueuil",1.405673,32.48,13.3,43690
"Longueuil",1.403534,32.49,13.3,43690
"Longueuil",1.405767,32.48,13.34,43690
"Longueuil",1.405034,32.5,13.35,43690
"Longueuil",1.404452,32.49,13.37,43690
"Longueuil",1.402865,32.33,13.4,43690
"Longueuil",1.402568,32.46,13.43,43690
"Longueuil",1.403295,32.47,13.41,43690
"Longueuil",1.403381,32.33,13.4,43690
"Longueuil",1.402056,32.32,13.39,43690
"Longueuil",1.401721,32.36,13.39,43690
"Longueuil",1.401207,32.38,13.39,43690
"Longueuil",1.401978,32.36,13.37,43690
"Longueuil",1.399851,32.35,13.39,43690
"Longueuil",1.404353,32.35,13.37,43690
"Longueuil",1.399907,32.34,13.36,43690
"Longueuil",1.401156,32.33,13.33,43690
"Longueuil",1.40137,32.33,13.33,43690
"Longueuil",1.403175,32.33,13.38,43690
"Longueuil",1.400742,32.33,13.39,43690
"Longueuil",1.399445,32.33,13.39,43690
"Longueuil",1.40051,32.33,13.43,43690
"Longueuil",1.398272,32.34,13.43,43690
"Longueuil",1.400958,32.35,13.43,43690
"Longueuil",1.399396,32.35,13.42,43690
"Longueuil",1.397921,32.35,13.4,43690
"Longueuil",1.399986,32.36,13.4,43690
"Longueuil",1.400688,32.36,13.41,43690
"Longueuil",1.401329,32.39,13.39,43690
"Longueuil",1.400047,32.43,13.39,43690
"Longueuil",1.399251,32.38,13.38,43690
"Longueuil",1.398109,32.4,13.35,43690
"Longueuil",1.399574,32.26,13.33,43690
"Longueuil",1.399414,32.3,13.36,43690
"Longueuil",1.398827,32.36,13.37,43690
"Longueuil",1.39743,32.41,13.37,43690
"Longueuil",1.397883,32.44,13.37,43690
"Longueuil",1.395055,32.44,13.37,43690
"Longueuil",1.39385,32.6,13.35,43690
"Longueuil",1.392606,32.45,13.33,43690
"Longueuil",1.392049,32.46,13.31,43690
"Longueuil",1.391647,32.5,13.36,43690
"Longueuil",1.391914,32.48,13.34,43690
"Longueuil",1.390549,32.46,13.29,43690
"Longueuil",1.390106,32.46,13.31,43690
"Longueuil",1.39108,32.46,13.32,43690
"Longueuil",1.390872,32.51,13.32,43690
"Longueuil",1.394076,32.45,13.31,43690
"Longueuil",1.39299,32.44,13.34,43690
"Longueuil",1.393247,32.43,13.33,43690
"Longueuil",1.392359,32.55,13.35,43690
"Longueuil",1.394081,32.41,13.36,43690
"Longueuil",1.395159,32.4,13.36,43690
"Longueuil",1.397046,32.39,13.35,43690
"Longueuil",1.397863,32.36,13.33,43690
"Longueuil",1.397303,32.37,13.36,43690
"Longueuil",1.398753,32.36,13.34,43690
"Longueuil",1.398585,32.35,13.35,43690
"Longueuil",1.395757,32.33,13.33,43690
"Longueuil",1.399834,32.37,13.34,43690
"Longueuil",1.398158,32.35,13.37,43690
"Longueuil",1.396851,32.34,13.32,43690
"Longueuil",1.398397,32.36,13.32,43690
"Longueuil",1.396212,32.34,13.34,43690
"Longueuil",1.394763,32.37,13.37,43690
"Longueuil",1.395976,32.47,13.41,43690
"Longueuil",1.394671,32.39,13.38,43690
"Longueuil",1.395014,32.4,13.37,43690
"Longueuil",1.394643,32.41,13.35,43690
"Longueuil",1.393074,32.4,13.3,43690
"Longueuil",1.39576,32.42,13.31,43690
"Longueuil",1.397369,32.43,13.35,43690
"Longueuil",1.393427,32.47,13.36,43690
"Longueuil",1.396838,32.48,13.36,43690
"Longueuil",1.393852,32.5,13.38,43690
"Longueuil",1.394369,32.52,13.38,43690
"Longueuil",1.395042,32.52,13.32,43690
"Longueuil",1.394753,32.52,13.38,43690
"Longueuil",1.392136,32.54,13.36,43690
"Longueuil",1.394485,32.55,13.38,43690
"Longueuil",1.394295,32.55,13.41,43690
"Longueuil",1.392682,32.56,13.45,43690
"Longueuil",1.393743,32.56,13.45,43690
"Longueuil",1.394699,32.3,13.44,43690
"Longueuil",1.39755,32.54,13.41,43690
"Longueuil",1.39271,32.54,13.45,43690
"Longueuil",1.39182,32.52,13.45,43690
"Longueuil",1.391902,32.51,13.39,43690
"Longueuil",1.392336,32.51,13.42,43690
"Longueuil",1.390765,32.49,13.42,43690
"Longueuil",1.392377,32.47,13.42,43690
"Longueuil",1.39094,32.47,13.39,43690
"Longueuil",1.39153,32.46,13.39,43690
"Longueuil",1.391863,32.44,13.37,43690
"Longueuil",1.391245,32.42,13.35,43690
"Longueuil",1.390261,32.4,13.35,43690
"Longueuil",1.391696,32.4,13.38,43690
"Longueuil",1.392766,32.38,13.33,43690
"Longueuil",1.392812,32.53,13.34,43690
"Longueuil",1.391652,32.38,13.35,43690
"Longueuil",1.394035,32.38,13.34,43690
"Longueuil",1.394259,32.39,13.34,43690
"Longueuil",1.395157,32.38,13.35,43690
"Longueuil",1.395658,32.39,13.37,43690
"Longueuil",1.396039,32.46,13.36,43690
"Longueuil",1.397275,32.42,13.39,43690
"Longueuil",1.398244,32.43,13.38,43690
"Longueuil",1.398916,32.44,13.39,43690
"Longueuil",1.39842,32.46,13.39,43690
"Longueuil",1.400874,32.46,13.39,43690
"Longueuil",1.399249,32.48,13.41,43690
"Longueuil",1.400851,32.49,13.39,43690
"Longueuil",1.397858,32.5,13.41,43690
"Longueuil",1.398153,32.52,13.38,43690
"Longueuil",1.395218,32.53,13.39,43690
"Longueuil",1.397237,32.3,13.42,43690
"Longueuil",1.395309,32.56,13.43,43690
"Longueuil",1.394915,32.56,13.44,43690
"Longueuil",1.393346,32.56,13.43,43690
"Longueuil",1.396535,32.56,13.37,43690
"Longueuil",1.392642,32.56,13.34,43690
"Longueuil",1.389442,32.55,13.31,43690
"Longueuil",1.391919,32.55,13.32,43690
"Longueuil",1.393288,32.55,13.34,43690
"Longueuil",1.394707,32.56,13.35,43690
"Longueuil",1.392769,32.56,13.37,43690
"Longueuil",1.394943,32.53,13.35,43690
"Longueuil",1.393534,32.52,13.33,43690
"Longueuil",1.395101,32.55,13.33,43690
"Longueuil",1.394485,32.51,13.34,43690
"Longueuil",1.395676,32.5,13.35,43690
"Longueuil",1.397827,32.46,13.31,43690
"Longueuil",1.398649,32.46,13.34,43690
"Longueuil",1.399801,32.43,13.32,43690
"Longueuil",1.401082,32.41,13.31,43690
"Longueuil",1.403763,32.41,13.31,43690
"Longueuil",1.402636,32.33,13.36,43690
"Longueuil",1.402318,32.24,13.35,43690
"Longueuil",1.404803,32.31,13.32,43690
"Longueuil",1.404116,32.35,13.37,43690
"Longueuil",1.40331,32.37,13.38,43690
"Longueuil",1.400457,32.39,13.42,43690
"Longueuil",1.402634,32.4,13.39,43690
"Longueuil",1.400035,32.41,13.43,43690
"Longueuil",1.399473,32.4,13.39,43690
"Longueuil",1.399857,32.42,13.41,43690
"Longueuil",1.40185,32.44,13.41,43690
"Longueuil",1.401121,32.44,13.42,43690
"Longueuil",1.401329,32.46,13.43,43690
"Longueuil",1.401927,32.47,13.4,43690
"Longueuil",1.403786,32.48,13.42,43690
"Longueuil",1.404233,32.48,13.37,43690
"Longueuil",1.402364,32.51,13.37,43690
"Longueuil",1.40431,32.52,13.41,43690
"Longueuil",1.403936,32.53,13.42,43690
"Longueuil",1.403656,32.55,13.39,43690
"Longueuil",1.403091,32.55,13.37,43690
"Longueuil",1.405472,32.53,13.38,43690
"Longueuil",1.401965,32.53,13.35,43690
"Longueuil",1.401082,32.54,13.32,43690
"Longueuil",1.40081,32.54,13.31,43690
"Longueuil",1.402087,32.53,13.3,43690
"Longueuil",1.399363,32.57,13.32,43690
"Longueuil",1.401405,32.53,13.32,43690
"Longueuil",1.39945,32.52,13.32,43690
"Longueuil",1.397107,32.51,13.34,43690
"Longueuil",1.396996,32.51,13.31,43690
"Longueuil",1.397502,32.48,13.33,43690
"Longueuil",1.398239,32.48,13.37,43690
"Longueuil",1.395182,32.48,13.32,43690
"Longueuil",1.39857,32.46,13.34,43690
"Longueuil",1.396113,32.5,13.36,43690
"Longueuil",1.396599,32.44,13.38,43690
"Longueuil",1.397944,32.43,13.37,43690
"Longueuil",1.398435,32.42,13.39,43690
"Longueuil",1.400113,32.42,13.41,43690
"Longueuil",1.400874,32.41,13.41,43690
"Longueuil",1.401408,32.41,13.39,43690
"Longueuil",1.404111,32.4,13.39,43690
"Longueuil",1.404795,32.41,13.39,43690
"Longueuil",1.406675,32.4,13.36,43690
"Longueuil",1.406769,32.39,13.35,43690
"Longueuil",1.407504,32.4,13.34,43690
"Longueuil",1.40696,32.41,13.37,43690
"Longueuil",1.409444,32.43,13.4,43690
"Longueuil",1.407893,32.44,13.38,43690
"Longueuil",1.411652,32.44,13.39,43690
"Longueuil",1.41055,32.45,13.38,43690
"Longueuil",1.41039,32.46,13.36,43690
"Longueuil",1.408165,32.48,13.43,43690
"Longueuil",1.407926,32.49,13.38,43690
"Longueuil",1.407326,32.49,13.36,43690
"Longueuil",1.407822,32.51,13.39,43690
"Longueuil",1.406693,32.65,13.36,43690
"Longueuil",1.404818,32.53,13.36,43690
"Longueuil",1.403778,32.53,13.37,43690
"Longueuil",1.403483,32.54,13.4,43690
"Longueuil",1.404831,32.33,13.4,43690
"Longueuil",1.4046,32.55,13.41,43690
"Longueuil",1.403465,32.54,13.39,43690
"Longueuil",1.406214,32.54,13.38,43690
"Longueuil",1.405444,32.52,13.37,43690
"Longueuil",1.406245,32.52,13.4,43690
"Longueuil",1.405876,32.52,13.42,43690
"Longueuil",1.407725,32.5,13.43,43690
"Longueuil",1.407341,32.49,13.42,43690
"Longueuil",1.409121,32.54,13.43,43690
"Longueuil",1.408297,32.48,13.39,43690
"Longueuil",1.40875,32.45,13.41,43690
"Longueuil",1.41021,32.44,13.46,43690
"Longueuil",1.411736,32.38,13.43,43690
"Longueuil",1.41023,32.42,13.42,43690
"Longueuil",1.412094,32.4,13.4,43690
"Longueuil",1.414965,32.39,13.41,43690
"Longueuil",1.412577,32.45,13.4,43690
"Longueuil",1.415014,32.37,13.38,43690
"Longueuil",1.415904,32.37,13.37,43690
"Longueuil",1.416306,32.34,13.37,43690
"Longueuil",1.416644,32.37,13.35,43690
"Longueuil",1.415085,32.37,13.35,43690
"Longueuil",1.415909,32.37,13.35,43690
"Longueuil",1.417328,32.38,13.38,43690
"Longueuil",1.417526,32.4,13.4,43690
"Longueuil",1.417353,32.4,13.43,43690
"Longueuil",1.418398,32.41,13.44,43690
"Longueuil",1.419197,32.42,13.38,43690
"Longueuil",1.41922,32.42,13.34,43690
"Longueuil",1.420713,32.44,13.34,43690
"Longueuil",1.420057,32.45,13.35,43690
"Longueuil",1.419154,32.45,13.32,43690
"Longueuil",1.419001,32.47,13.32,43690
"Longueuil",1.417671,32.48,13.36,43690
"Longueuil",1.41611,32.55,13.36,43690
"Longueuil",1.417951,32.49,13.39,43690
"Longueuil",1.417257,32.51,13.42,43690
"Longueuil",1.417933,32.5,13.4,43690
"Longueuil",1.416392,32.41,13.4,43690
"Longueuil",1.417114,32.38,13.4,43690
"Longueuil",1.415003,32.44,13.44,43690
"Longueuil",1.414836,32.46,13.43,43690
"Longueuil",1.413534,32.45,13.4,43690
"Longueuil",1.414495,32.44,13.41,43690
"Longueuil",1.414116,32.61,13.45,43690
"Longueuil",1.41124,32.45,13.39,43690
"Longueuil",1.412242,32.43,13.39,43690
"Longueuil",1.412481,32.4,13.34,43690
"Longueuil",1.411308,32.41,13.38,43690
"Longueuil",1.412971,32.4,13.38,43690
"Longueuil",1.412643,32.38,13.33,43690
"Longueuil",1.411123,32.36,13.32,43690
"Longueuil",1.412949,32.25,13.32,43690
"Longueuil",1.414182,32.31,13.33,43690
"Longueuil",1.4126,32.25,13.31,43690
"Longueuil",1.4136,32.28,13.33,43690
"Longueuil",1.418116,32.29,13.36,43690
"Longueuil",1.414497,32.3,13.34,43690
"Longueuil",1.413806,32.31,13.37,43690
"Longueuil",1.416178,32.3,13.39,43690
"Longueuil",1.416219,32.41,13.42,43690
"Longueuil",1.417966,32.3,13.39,43690
"Longueuil",1.419187,32.31,13.39,43690
"Longueuil",1.417674,32.29,13.34,43690
"Longueuil",1.418661,32.29,13.36,43690
"Longueuil",1.421422,32.32,13.36,43690
"Longueuil",1.421204,32.32,13.34,43690
"Longueuil",1.420774,32.26,13.38,43690
"Longueuil",1.424339,32.22,13.33,43690
"Longueuil",1.420296,32.29,13.33,43690
"Longueuil",1.421712,32.33,13.33,43690
"Longueuil",1.421028,32.38,13.37,43690
"Longueuil",1.4191,32.4,13.36,43690
"Longueuil",1.417257,32.42,13.4,43690
"Longueuil",1.417625,32.46,13.36,43690
"Longueuil",1.416555,32.42,13.36,43690
"Longueuil",1.414007,32.43,13.33,43690
"Longueuil",1.415276,32.42,13.34,43690
"Longueuil",1.415174,32.42,13.34,43690
"Longueuil",1.412794,32.42,13.33,43690
"Longueuil",1.41511,32.4,13.33,43690
"Longueuil",1.414619,32.29,13.31,43690
"Longueuil",1.41347,32.22,13.31,43690
"Longueuil",1.414182,32.28,13.31,43690
"Longueuil",1.414627,32.3,13.34,43690
"Longueuil",1.414144,32.33,13.34,43690
"Longueuil",1.414579,32.31,13.35,43690
"Longueuil",1.416242,32.29,13.34,43690
"Longueuil",1.418256,32.41,13.33,43690
"Longueuil",1.421082,32.27,13.37,43690
"Longueuil",1.421394,32.25,13.37,43690
"Longueuil",1.421801,32.22,13.34,43690
"Longueuil",1.421453,32.21,13.3,43690
"Longueuil",1.423103,32.18,13.32,43690
"Longueuil",1.425957,32.19,13.31,43690
"Longueuil",1.424268,32.21,13.36,43690
"Longueuil",1.424807,32.22,13.39,43690
"Longueuil",1.426175,32.22,13.38,43690
"Longueuil",1.428645,32.23,13.36,43690
"Longueuil",1.426646,32.37,13.36,43690
"Longueuil",1.424533,32.25,13.34,43690
"Longueuil",1.424805,32.25,13.33,43690
"Longueuil",1.426272,32.29,13.4,43690
"Longueuil",1.424706,32.31,13.4,43690
"Longueuil",1.425331,32.4,13.42,43690
"Longueuil",1.427012,32.33,13.43,43690
"Longueuil",1.425189,32.35,13.46,43690
"Longueuil",1.427999,32.36,13.45,43690
"Longueuil",1.426361,32.36,13.43,43690
"Longueuil",1.42601,32.35,13.39,43690
"Longueuil",1.425641,32.35,13.38,43690
"Longueuil",1.428485,32.36,13.4,43690
"Longueuil",1.426994,32.36,13.38,43690
"Longueuil",1.428429,32.36,13.34,43690
"Longueuil",1.428472,32.42,13.36,43690
"Longueuil",1.428652,32.3,13.38,43690
"Longueuil",1.430898,32.26,13.39,43690
"Longueuil",1.430364,32.35,13.33,43690
"Longueuil",1.429108,32.37,13.38,43690
"Longueuil",1.431422,32.38,13.34,43690
"Longueuil",1.430392,32.4,13.33,43690
"Longueuil",1.430756,32.4,13.34,43690
"Longueuil",1.430669,32.39,13.37,43690
"Longueuil",1.430603,32.4,13.37,43690
"Longueuil",1.427404,32.39,13.39,43690
"Longueuil",1.431475,32.38,13.37,43690
"Longueuil",1.429759,32.37,13.38,43690
"Longueuil",1.429212,32.35,13.37,43690
"Longueuil",1.430547,32.31,13.39,43690
"Longueuil",1.432152,32.3,13.38,43690
"Longueuil",1.433538,32.27,13.34,43690
"Longueuil",1.433261,32.26,13.39,43690
"Longueuil",1.43351,32.26,13.41,43690
"Longueuil",1.434347,32.26,13.39,43690
"Longueuil",1.434288,32.25,13.43,43690
"Longueuil",1.437037,32.24,13.43,43690
"Longueuil",1.437772,32.08,13.4,43690
"Longueuil",1.439654,32.14,13.37,43690
"Longueuil",1.441251,32.17,13.35,43690
"Longueuil",1.442996,32.2,13.33,43690
"Longueuil",1.445651,32.23,13.37,43690
"Longueuil",1.442434,32.25,13.33,43690
"Longueuil",1.445241,32.26,13.36,43690
"Longueuil",1.444885,32.27,13.34,43690
"Longueuil",1.442902,32.29,13.35,43690
"Longueuil",1.44516,32.3,13.36,43690
"Longueuil",1.446416,32.32,13.36,43690
"Longueuil",1.445702,32.34,13.38,43690
"Longueuil",1.444654,32.35,13.38,43690
"Longueuil",1.445053,32.36,13.35,43690
"Longueuil",1.443329,32.37,13.31,43690
"Longueuil",1.441523,32.37,13.33,43690
"Longueuil",1.441701,32.37,13.3,43690
"Longueuil",1.444448,32.39,13.3,43690
"Longueuil",1.441294,32.52,13.31,43690
"Longueuil",1.445585,32.41,13.3,43690
"Longueuil",1.443563,32.42,13.35,43690
"Longueuil",1.444221,32.48,13.34,43690
"Longueuil",1.44131,32.45,13.4,43690
"Longueuil",1.441246,32.44,13.41,43690
"Longueuil",1.442881,32.43,13.42,43690
"Longueuil",1.443929,32.42,13.43,43690
"Longueuil",1.446065,32.42,13.4,43690
"Longueuil",1.44518,32.41,13.36,43690
"Longueuil",1.444784,32.14,13.39,43690
"Longueuil",1.446411,32.42,13.42,43690
"Longueuil",1.447861,32.51,13.42,43690
"Longueuil",1.445928,32.37,13.42,43690
"Longueuil",1.449453,32.35,13.43,43690
"Longueuil",1.449615,32.34,13.42,43690
"Longueuil",1.449097,32.34,13.39,43690
"Longueuil",1.450289,32.33,13.4,43690
"Longueuil",1.451897,32.31,13.38,43690
"Longueuil",1.451108,32.3,13.37,43690
"Longueuil",1.452863,32.28,13.36,43690
"Longueuil",1.448161,32.33,13.38,43690
"Longueuil",1.451017,32.29,13.42,43690
"Longueuil",1.449364,32.3,13.41,43690
"Longueuil",1.449148,32.3,13.4,43690
"Longueuil",1.449282,32.42,13.37,43690
"Longueuil",1.450455,32.14,13.37,43690
"Longueuil",1.450877,32.18,13.38,43690
"Longueuil",1.45226,32.24,13.37,43690
"Longueuil",1.451889,32.26,13.35,43690
"Longueuil",1.454468,32.29,13.35,43690
"Longueuil",1.453824,32.32,13.33,43690
"Longueuil",1.453285,32.33,13.35,43690
"Longueuil",1.454076,32.34,13.36,43690
"Longueuil",1.454353,32.34,13.35,43690
"Longueuil",1.454147,32.34,13.33,43690
"Longueuil",1.456764,32.37,13.34,43690
"Longueuil",1.457146,32.37,13.36,43690
"Longueuil",1.454333,32.38,13.37,43690
"Longueuil",1.454887,32.39,13.38,43690
"Longueuil",1.453028,32.41,13.36,43690
"Longueuil",1.453585,32.31,13.4,43690
"Longueuil",1.456245,32.3,13.36,43690
"Longueuil",1.45402,32.22,13.4,43690
"Longueuil",1.454516,32.38,13.38,43690
"Longueuil",1.454976,32.39,13.34,43690
"Longueuil",1.455345,32.4,13.37,43690
"Longueuil",1.453601,32.39,13.39,43690
"Longueuil",1.453636,32.4,13.37,43690
"Longueuil",1.454671,32.46,13.37,43690
"Longueuil",1.453669,32.39,13.39,43690
"Longueuil",1.45477,32.37,13.34,43690
"Longueuil",1.4534,32.34,13.35,43690
"Longueuil",1.452209,32.33,13.33,43690
"Longueuil",1.456357,32.3,13.33,43690
"Longueuil",1.454702,32.31,13.33,43690
"Longueuil",1.456451,32.31,13.37,43690
"Longueuil",1.455597,32.3,13.35,43690
"Longueuil",1.457494,32.3,13.36,43690
"Longueuil",1.459208,32.31,13.37,43690
"Longueuil",1.45754,32.3,13.38,43690
"Longueuil",1.458995,32.3,13.37,43690
"Longueuil",4.409355,32.29,13.33,43690
"Longueuil",1.792941,32.31,13.37,43690
"Longueuil",1.469195,32.31,13.37,43690
"Longueuil",1.466103,32.32,13.34,43690
"Longueuil",1.464795,32.33,13.33,43690
"Longueuil",1.4648,32.52,13.36,43690
"Longueuil",1.464381,32.35,13.37,43690
"Longueuil",1.464249,32.38,13.43,43690
"Longueuil",1.463849,32.38,13.41,43690
"Longueuil",1.464063,32.41,13.37,43690
"Longueuil",1.462865,32.4,13.38,43690
"Longueuil",1.466911,32.41,13.43,43690
"Longueuil",1.46475,32.52,13.4,43690
"Longueuil",1.463323,32.41,13.36,43690
"Longueuil",1.463628,32.42,13.39,43690
"Longueuil",1.463125,32.44,13.37,43690
"Longueuil",1.463641,32.42,13.34,43690
"Longueuil",1.46449,32.44,13.37,43690
"Longueuil",1.463608,32.45,13.36,43690
"Longueuil",1.465566,32.45,13.35,43690
"Longueuil",1.464371,32.52,13.31,43690
"Longueuil",1.463679,32.46,13.31,43690
"Longueuil",1.466637,32.45,13.31,43690
"Longueuil",1.466949,32.47,13.32,43690
"Longueuil",1.466103,32.49,13.31,43690
"Longueuil",1.467372,32.35,13.33,43690
"Longueuil",1.467908,32.4,13.35,43690
"Longueuil",1.467054,32.45,13.34,43690
"Longueuil",1.468653,32.47,13.37,43690
"Longueuil",1.470179,32.49,13.35,43690
"Longueuil",1.470243,32.51,13.36,43690
"Longueuil",1.470067,32.51,13.39,43690
"Longueuil",1.471049,32.5,13.36,43690
"Longueuil",1.470497,32.49,13.35,43690
"Longueuil",1.469851,32.5,13.36,43690
"Longueuil",1.469706,32.52,13.37,43690
"Longueuil",1.469833,32.5,13.34,43690
"Longueuil",1.470996,32.52,13.35,43690
"Longueuil",1.472694,32.5,13.35,43690
"Longueuil",1.473066,32.52,13.35,43690
"Longueuil",1.471199,32.44,13.34,43690
"Longueuil",1.472059,32.41,13.35,43690
"Longueuil",1.473796,32.47,13.33,43690
"Longueuil",1.47481,32.5,13.34,43690
"Longueuil",1.473742,32.54,13.34,43690
"Longueuil",1.473671,32.55,13.4,43690
"Longueuil",1.474813,32.57,13.43,43690
"Longueuil",1.474882,32.56,13.44,43690
"Longueuil",1.475197,32.56,13.44,43690
"Longueuil",1.474726,32.6,13.4,43690
"Longueuil",1.475019,32.56,13.4,43690
"Longueuil",1.478086,32.57,13.4,43690
"Longueuil",1.475502,32.57,13.44,43690
"Longueuil",1.478157,32.57,13.43,43690
"Longueuil",1.477511,32.57,13.38,43690
"Longueuil",1.478015,32.52,13.42,43690
"Longueuil",1.478419,32.45,13.43,43690
"Longueuil",1.477038,32.52,13.43,43690
"Longueuil",1.479337,32.54,13.41,43690
"Longueuil",1.477837,32.57,13.38,43690
"Longueuil",1.4807,32.59,13.38,43690
"Longueuil",1.477603,32.61,13.36,43690
"Longueuil",1.481252,32.61,13.34,43690
"Longueuil",1.479073,32.62,13.36,43690
"Longueuil",1.484062,32.63,13.34,43690
"Longueuil",1.483208,32.64,13.35,43690
"Longueuil",1.480537,32.66,13.34,43690
"Longueuil",1.48113,32.65,13.31,43690
"Longueuil",1.482129,32.67,13.32,43690
"Longueuil",1.48085,32.67,13.3,43690
"Longueuil",1.480573,32.7,13.37,43690
"Longueuil",1.483505,32.71,13.37,43690
"Longueuil",1.483498,32.72,13.4,43690
"Longueuil",1.482371,32.72,13.45,43690
"Longueuil",1.481941,32.73,13.42,43690
"Longueuil",1.48337,32.73,13.42,43690
"Longueuil",1.484037,32.77,13.39,43690
"Longueuil",1.48676,32.72,13.36,43690
"Longueuil",1.487394,32.73,13.39,43690
"Longueuil",1.486626,32.74,13.39,43690
"Longueuil",1.485232,32.74,13.38,43690
"Longueuil",1.487177,32.75,13.36,43690
"Longueuil",1.487282,32.74,13.32,43690
"Longueuil",1.488538,32.76,13.36,43690
"Longueuil",1.489199,32.76,13.4,43690
"Longueuil",1.490097,32.77,13.35,43690
"Longueuil",1.491419,32.76,13.33,43690
"Longueuil",1.489466,32.76,13.3,43690
"Longueuil",1.491783,32.78,13.3,43690
"Longueuil",1.490011,32.77,13.35,43690
"Longueuil",1.492391,32.78,13.34,43690
"Longueuil",1.490672,32.79,13.38,43690
"Longueuil",1.492536,32.79,13.37,43690
"Longueuil",1.494748,32.8,13.36,43690
"Longueuil",1.493487,32.81,13.35,43690
"Longueuil",1.495049,32.81,13.35,43690
"Longueuil",1.495443,32.81,13.37,43690
"Longueuil",1.495143,32.82,13.36,43690
"Longueuil",1.496747,32.82,13.34,43690
"Longueuil",1.500542,32.82,13.31,43690
"Longueuil",1.496905,32.83,13.37,43690
"Longueuil",1.501536,32.85,13.38,43690
"Longueuil",1.49912,32.87,13.38,43690
"Longueuil",1.500201,32.86,13.43,43690
"Longueuil",1.500392,32.87,13.47,43690
"Longueuil",1.501134,32.86,13.4,43690
"Longueuil",1.502523,32.88,13.4,43690
"Longueuil",1.502558,32.87,13.39,43690
"Longueuil",1.503952,32.88,13.39,43690
"Longueuil",1.505577,32.88,13.37,43690
"Longueuil",1.502294,32.9,13.37,43690
"Longueuil",1.503802,32.89,13.44,43690
"Longueuil",1.50532,32.9,13.43,43690
"Longueuil",1.506861,32.9,13.41,43690
"Longueuil",1.506287,32.9,13.36,43690
"Longueuil",1.50768,32.9,13.33,43690
"Longueuil",1.50853,32.89,13.33,43690
"Longueuil",1.507807,32.89,13.31,43690
"Longueuil",1.508855,32.91,13.39,43690
"Longueuil",1.508911,32.92,13.38,43690
"Longueuil",1.50976,32.92,13.38,43690
"Longueuil",1.511136,32.92,13.34,43690
"Longueuil",1.51285,32.92,13.31,43690
"Longueuil",1.513649,32.93,13.33,43690
"Longueuil",1.513982,32.94,13.33,43690
"Longueuil",1.513036,32.94,13.33,43690
"Longueuil",1.515572,32.79,13.3,43690
"Longueuil",1.516294,32.97,13.33,43690
"Longueuil",1.51842,32.98,13.33,43690
"Longueuil",1.517896,32.97,13.35,43690
"Longueuil",1.5199,32.99,13.42,43690
"Longueuil",1.51887,32.99,13.41,43690
"Longueuil",1.522624,32.99,13.38,43690
"Longueuil",1.522003,32.98,13.37,43690
"Longueuil",1.519226,32.99,13.38,43690
"Longueuil",1.519641,32.99,13.33,43690
"Longueuil",1.521014,32.98,13.3,43690
"Longueuil",1.520643,32.99,13.32,43690
"Longueuil",1.523122,33,13.34,43690
"Longueuil",1.522031,32.99,13.33,43690
"Longueuil",1.522809,33,13.34,43690
"Longueuil",1.523394,32.99,13.32,43690
"Longueuil",1.525467,33,13.3,43690
"Longueuil",1.525922,33.01,13.31,43690
"Longueuil",1.529096,33.04,13.38,43690
"Longueuil",1.529475,33.03,13.36,43690
"Longueuil",1.528366,33.04,13.36,43690
"Longueuil",1.529533,33.03,13.34,43690
"Longueuil",1.528844,33.04,13.32,43690
"Longueuil",1.530968,33.04,13.31,43690
"Longueuil",1.533567,33.05,13.32,43690
"Longueuil",1.534419,33.05,13.3,43690
"Longueuil",1.533094,33.06,13.31,43690
"Longueuil",1.532893,33.05,13.35,43690
"Longueuil",1.53466,33.07,13.34,43690
"Longueuil",1.534365,33.07,13.34,43690
"Longueuil",1.536891,33.08,13.35,43690
"Longueuil",1.537994,33.1,13.32,43690
"Longueuil",1.537079,33.1,13.35,43690
"Longueuil",1.539197,33.1,13.3,43690
"Longueuil",1.537743,33.1,13.32,43690
"Longueuil",1.537931,33.1,13.33,43690
"Longueuil",1.538531,33.1,13.32,43690
"Longueuil",1.537033,33.1,13.31,43690
"Longueuil",1.539981,33.11,13.3,43690
"Longueuil",1.540489,33.11,13.32,43690
"Longueuil",1.54067,33.12,13.3,43690
"Longueuil",1.543556,33.12,13.3,43690
"Longueuil",1.544662,33.13,13.31,43690
"Longueuil",1.549085,33.14,13.31,43690
"Longueuil",1.546883,33.12,13.38,43690
"Longueuil",1.54878,33.15,13.38,43690
"Longueuil",1.550385,33.16,13.41,43690
"Longueuil",1.549756,33.16,13.42,43690
"Longueuil",1.550331,33.16,13.39,43690
"Longueuil",1.550921,33.16,13.39,43690
"Longueuil",1.552183,33.15,13.39,43690
"Longueuil",1.555384,33.16,13.41,43690
"Longueuil",1.556857,33.17,13.39,43690
"Longueuil",1.557047,33.17,13.42,43690
"Longueuil",1.556351,33.17,13.36,43690
"Longueuil",1.558996,33.18,13.38,43690
"Longueuil",1.559616,33.18,13.42,43690
"Longueuil",1.559756,33.18,13.46,43690
"Longueuil",1.561798,33.19,13.42,43690
"Longueuil",1.561043,33.19,13.4,43690
"Longueuil",1.563062,33.2,13.36,43690
"Longueuil",1.563629,33.2,13.39,43690
"Longueuil",1.566948,33.2,13.38,43690
"Longueuil",1.569608,33.2,13.35,43690
"Longueuil",1.568891,33.18,13.35,43690
"Longueuil",1.57075,33.2,13.36,43690
"Longueuil",1.571599,33.2,13.33,43690
"Longueuil",1.572729,33.19,13.35,43690
"Longueuil",1.573586,33.2,13.36,43690
"Longueuil",1.576808,33.21,13.34,43690
"Longueuil",1.577919,33.21,13.35,43690
"Longueuil",1.579445,33.2,13.35,43690
"Longueuil",1.579806,33.22,13.38,43690
"Longueuil",1.578,33.21,13.35,43690
"Longueuil",1.582687,33.21,13.45,43690
"Longueuil",1.585215,33.23,13.36,43690
"Longueuil",1.58491,33.23,13.4,43690
"Longueuil",1.585485,33.23,13.42,43690
"Longueuil",1.588982,33.23,13.39,43690
"Longueuil",1.58905,33.24,13.36,43690
"Longueuil",1.590345,33.23,13.39,43690
"Longueuil",1.592768,33.23,13.37,43690
"Longueuil",1.59313,33.25,13.38,43690
"Longueuil",1.597743,33.25,13.41,43690
"Longueuil",1.598246,33.25,13.39,43690
"Longueuil",1.600377,33.26,13.37,43690
"Longueuil",1.601768,33.26,13.36,43690
"Longueuil",1.601367,33.26,13.37,43690
"Longueuil",1.601807,33.25,13.34,43690
"Longueuil",1.605637,33.24,13.3,43690
"Longueuil",1.608337,33.24,13.31,43690
"Longueuil",1.606995,33.24,13.33,43690
"Longueuil",1.609614,33.26,13.32,43690
"Longueuil",1.612829,33.26,13.33,43690
"Longueuil",1.613419,33.27,13.38,43690
"Longueuil",1.616051,33.28,13.42,43690
"Longueuil",1.616132,33.29,13.34,43690
"Longueuil",1.617628,33.29,13.3,43690
"Longueuil",1.618749,33.28,13.31,43690
"Longueuil",1.62074,33.3,13.31,43690
"Longueuil",1.620338,33.3,13.3,43690
"Longueuil",1.626007,33.29,13.31,43690
"Longueuil",1.621442,33.3,13.39,43690
"Longueuil",1.627042,33.3,13.31,43690
"Longueuil",1.629412,33.3,13.31,43690
"Longueuil",1.629852,33.3,13.34,43690
"Longueuil",1.631093,33.31,13.32,43690
"Longueuil",1.631597,33.31,13.33,43690
"Longueuil",1.63549,33.32,13.34,43690
"Longueuil",1.63579,33.34,13.36,43690
"Longueuil",1.635671,33.32,13.38,43690
"Longueuil",1.63634,33.33,13.37,43690
"Longueuil",1.640005,33.33,13.36,43690
"Longueuil",1.638763,33.33,13.36,43690
"Longueuil",1.642532,33.33,13.35,43690
"Longueuil",1.643166,33.34,13.34,43690
"Longueuil",1.642367,33.35,13.39,43690
"Longueuil",1.644974,33.34,13.37,43690
"Longueuil",1.646985,33.34,13.34,43690
"Longueuil",1.64753,33.34,13.36,43690
"Longueuil",1.648165,33.35,13.33,43690
"Longueuil",1.649417,33.36,13.37,43690
"Longueuil",1.650055,33.36,13.34,43690
"Longueuil",1.651362,33.36,13.36,43690
"Longueuil",1.650037,33.36,13.38,43690
"Longueuil",1.652519,33.36,13.31,43690
"Longueuil",1.65125,33.35,13.31,43690
"Longueuil",1.650378,33.35,13.31,43690
"Longueuil",1.652443,33.36,13.34,43690
"Longueuil",1.652718,33.37,13.37,43690
"Longueuil",1.654513,33.36,13.35,43690
"Longueuil",1.655032,33.36,13.35,43690
"Longueuil",1.65687,33.38,13.35,43690
"Longueuil",1.659437,33.38,13.39,43690
"Longueuil",1.656807,33.38,13.39,43690
"Longueuil",1.658925,33.37,13.39,43690
"Longueuil",1.659037,33.38,13.38,43690
"Longueuil",1.660019,33.38,13.37,43690
"Longueuil",1.661207,33.38,13.39,43690
"Longueuil",1.660886,33.38,13.36,43690
"Longueuil",1.662173,33.38,13.36,43690
"Longueuil",1.663536,33.39,13.41,43690
"Longueuil",1.664258,33.39,13.4,43690
"Longueuil",1.664449,33.39,13.42,43690
"Longueuil",1.665436,33.39,13.41,43690
"Longueuil",1.667437,33.4,13.43,43690
"Longueuil",1.665283,33.4,13.37,43690
"Longueuil",1.666837,33.39,13.33,43690
"Longueuil",1.667656,33.39,13.34,43690
"Longueuil",1.666506,33.4,13.36,43690
"Longueuil",1.667801,33.4,13.33,43690
"Longueuil",1.668854,33.4,13.32,43690
"Longueuil",1.66877,33.4,13.3,43690
"Longueuil",1.671221,33.4,13.31,43690
"Longueuil",1.671155,33.41,13.31,43690
"Longueuil",1.672854,33.41,13.37,43690
"Longueuil",1.670642,33.42,13.36,43690
"Longueuil",1.671346,33.42,13.35,43690
"Longueuil",1.673904,33.4,13.34,43690
"Longueuil",1.67454,33.41,13.32,43690
"Longueuil",1.674266,33.43,13.36,43690
"Longueuil",1.675799,33.43,13.37,43690
"Longueuil",1.67627,33.44,13.35,43690
"Longueuil",1.677467,33.44,13.39,43690
"Longueuil",1.677493,33.44,13.41,43690
"Longueuil",1.676552,33.44,13.43,43690
"Longueuil",1.677172,33.45,13.39,43690
"Longueuil",1.676964,33.44,13.39,43690
"Longueuil",1.678523,33.44,13.37,43690
"Longueuil",1.678831,33.45,13.36,43690
"Longueuil",1.680285,33.45,13.4,43690
"Longueuil",1.679029,33.44,13.39,43690
"Longueuil",1.677963,33.45,13.41,43690
"Longueuil",1.67823,33.46,13.4,43690
"Longueuil",1.67599,33.09,13.44,43690
"Longueuil",1.677592,33.45,13.44,43690
"Longueuil",1.678314,33.46,13.44,43690
"Longueuil",1.679255,33.45,13.45,43690
"Longueuil",1.679688,33.45,13.45,43690
"Longueuil",1.678813,33.44,13.41,43690
"Longueuil",1.682332,33.46,13.46,43690
"Longueuil",1.679804,33.45,13.39,43690
"Longueuil",1.680178,33.28,13.43,43690
"Longueuil",1.678345,33.46,13.41,43690
"Longueuil",1.6813,33.2,13.43,43690
"Longueuil",1.680608,33.45,13.39,43690
"Longueuil",1.680128,33.44,13.41,43690
"Longueuil",1.679146,33.46,13.42,43690
"Longueuil",1.679113,33.45,13.42,43690
"Longueuil",1.680941,33.45,13.42,43690
"Longueuil",1.681257,33.45,13.41,43690
"Longueuil",1.680262,33.46,13.4,43690
"Longueuil",1.681732,33.44,13.37,43690
"Longueuil",1.680084,33.46,13.38,43690
"Longueuil",1.68013,33.46,13.37,43690
"Longueuil",1.683207,33.47,13.39,43690
"Longueuil",1.680552,33.46,13.4,43690
"Longueuil",1.680974,33.47,13.42,43690
"Longueuil",1.681343,33.46,13.38,43690
"Longueuil",1.68174,33.46,13.38,43690
"Longueuil",1.679769,33.46,13.37,43690
"Longueuil",1.683665,33.46,13.36,43690
"Longueuil",1.682472,33.47,13.41,43690
"Longueuil",1.683446,33.47,13.39,43690
"Longueuil",1.682424,33.48,13.42,43690
"Longueuil",1.683968,33.48,13.42,43690
"Longueuil",1.68279,33.47,13.39,43690
"Longueuil",1.680407,33.48,13.37,43690
"Longueuil",1.682192,33.47,13.38,43690
"Longueuil",1.682971,33.46,13.37,43690
"Longueuil",1.681712,33.48,13.39,43690
"Longueuil",1.681633,33.48,13.43,43690
"Longueuil",1.68367,33.47,13.4,43690
"Longueuil",1.684306,33.47,13.41,43690
"Longueuil",1.684133,33.47,13.39,43690
"Longueuil",1.682823,33.47,13.36,43690
"Longueuil",1.68634,33.47,13.34,43690
"Longueuil",1.685298,33.47,13.34,43690
"Longueuil",1.685471,33.48,13.34,43690
"Longueuil",1.685837,33.48,13.36,43690
"Longueuil",1.688054,33.5,13.38,43690
"Longueuil",1.688861,33.48,13.33,43690
"Longueuil",1.688733,33.5,13.37,43690
"Longueuil",1.688103,33.49,13.4,43690
"Longueuil",1.687327,33.51,13.4,43690
"Longueuil",1.68988,33.51,13.43,43690
"Longueuil",1.689916,33.5,13.41,43690
"Longueuil",1.690094,33.5,13.39,43690
"Longueuil",1.690877,33.5,13.38,43690
"Longueuil",1.691205,33.49,13.35,43690
"Longueuil",1.691386,33.5,13.37,43690
"Longueuil",1.692734,33.51,13.35,43690
"Longueuil",1.691345,33.48,13.31,43690
"Longueuil",1.69369,33.49,13.31,43690
"Longueuil",1.69297,33.49,13.3,43690
"Longueuil",1.692991,33.48,13.3,43690
"Longueuil",1.693924,33.49,13.31,43690
"Longueuil",1.69179,33.51,13.31,43690
"Longueuil",1.69309,33.5,13.29,43690
"Longueuil",1.693148,33.51,13.31,43690
"Longueuil",1.692881,33.52,13.31,43690
"Longueuil",1.693843,33.52,13.3,43690
"Longueuil",1.694893,33.51,13.29,43690
"Longueuil",1.695961,33.51,13.3,43690
"Longueuil",1.694463,33.52,13.31,43690
"Longueuil",1.697736,33.53,13.34,43690
"Longueuil",1.69767,33.52,13.3,43690
"Longueuil",1.697835,33.52,13.33,43690
"Longueuil",1.699501,33.52,13.36,43690
"Longueuil",1.696421,33.52,13.33,43690
"Longueuil",1.698959,33.52,13.32,43690
"Longueuil",1.701782,33.53,13.32,43690
"Longueuil",1.699178,33.52,13.35,43690
"Longueuil",1.701037,33.53,13.38,43690
"Longueuil",1.698784,33.54,13.35,43690
"Longueuil",1.699425,33.53,13.34,43690
"Longueuil",1.697716,33.52,13.33,43690
"Longueuil",1.699295,33.52,13.31,43690
"Longueuil",1.700643,33.53,13.33,43690
"Longueuil",1.700686,33.53,13.39,43690
"Longueuil",1.702721,33.52,13.4,43690
"Longueuil",1.702731,33.54,13.42,43690
"Longueuil",1.699648,33.54,13.43,43690
"Longueuil",1.701871,33.54,13.4,43690
"Longueuil",1.701637,33.55,13.39,43690
"Longueuil",1.701411,33.54,13.42,43690
"Longueuil",1.703445,33.54,13.4,43690
"Longueuil",1.702408,33.53,13.39,43690
"Longueuil",1.702527,33.52,13.34,43690
"Longueuil",1.703163,33.53,13.34,43690
"Longueuil",1.701884,33.52,13.3,43690
"Longueuil",1.704056,33.53,13.32,43690
"Longueuil",1.703901,33.39,13.37,43690
"Longueuil",1.704915,33.55,13.35,43690
"Longueuil",1.706108,33.55,13.39,43690
"Longueuil",1.704488,33.55,13.34,43690
"Longueuil",1.704341,33.32,13.37,43690
"Longueuil",1.70548,33.55,13.36,43690
"Longueuil",1.705666,33.57,13.36,43690
"Longueuil",1.707575,33.57,13.33,43690
"Longueuil",1.7058,33.57,13.29,43690
"Longueuil",1.705854,33.57,13.32,43690
"Longueuil",1.707845,33.56,13.35,43690
"Longueuil",1.705742,33.58,13.37,43690
"Longueuil",1.706289,33.58,13.36,43690
"Longueuil",1.705429,33.58,13.36,43690
"Longueuil",1.704152,33.59,13.33,43690
"Longueuil",1.706083,33.58,13.3,43690
"Longueuil",1.70782,33.58,13.32,43690
"Longueuil",1.707921,33.59,13.33,43690
"Longueuil",1.70591,33.6,13.33,43690
"Longueuil",1.707016,33.61,13.33,43690
"Longueuil",1.709432,33.6,13.32,43690
"Longueuil",1.707026,33.6,13.33,43690
"Longueuil",1.708127,33.62,13.38,43690
"Longueuil",1.708171,33.63,13.4,43690
"Longueuil",1.707995,33.63,13.36,43690
"Longueuil",1.709366,33.63,13.38,43690
"Longueuil",1.709765,33.64,13.41,43690
"Longueuil",1.712573,33.63,13.39,43690
"Longueuil",1.710215,33.64,13.37,43690
"Longueuil",1.712906,33.64,13.36,43690
"Longueuil",1.713158,33.64,13.39,43690
"Longueuil",1.713531,33.63,13.35,43690
"Longueuil",1.713575,33.62,13.33,43690
"Longueuil",1.715398,33.63,13.31,43690
"Longueuil",1.714111,33.62,13.29,43690
"Longueuil",1.712212,33.6,13.3,43690
"Longueuil",1.712896,33.61,13.29,43690
"Longueuil",1.714745,33.61,13.29,43690
"Longueuil",1.714511,33.62,13.31,43690
"Longueuil",1.713755,33.63,13.32,43690
"Longueuil",1.715693,33.64,13.31,43690
"Longueuil",1.713727,33.62,13.29,43690
"Longueuil",1.715902,33.63,13.31,43690
"Longueuil",1.717326,33.63,13.3,43690
"Longueuil",1.718348,33.64,13.33,43690
"Longueuil",1.716408,33.65,13.35,43690
"Longueuil",1.717672,33.66,13.39,43690
"Longueuil",1.717117,33.65,13.39,43690
"Longueuil",1.717674,33.66,13.38,43690
"Longueuil",1.718325,33.66,13.39,43690
"Longueuil",1.718544,33.66,13.37,43690
"Longueuil",1.719391,33.66,13.41,43690
"Longueuil",1.720009,33.66,13.35,43690
"Longueuil",1.717326,33.66,13.39,43690
"Longueuil",1.721214,33.66,13.36,43690
"Longueuil",1.721285,33.64,13.37,43690
"Longueuil",1.720182,33.66,13.4,43690
"Longueuil",1.721565,33.65,13.37,43690
"Longueuil",1.721362,33.65,13.33,43690
"Longueuil",1.722959,33.65,13.34,43690
"Longueuil",1.722669,33.65,13.33,43690
"Longueuil",1.720444,33.66,13.36,43690
"Longueuil",1.721326,33.65,13.36,43690
"Longueuil",1.721512,33.64,13.31,43690
"Longueuil",1.724327,33.66,13.29,43690
"Longueuil",1.719945,33.65,13.36,43690
"Longueuil",1.722071,33.67,13.39,43690
"Longueuil",1.721077,33.67,13.39,43690
"Longueuil",1.724291,33.66,13.39,43690
"Longueuil",1.723902,33.67,13.38,43690
"Longueuil",1.72467,33.67,13.39,43690
"Longueuil",1.720449,33.66,13.39,43690
"Longueuil",1.721141,33.66,13.39,43690
"Longueuil",1.72419,33.67,13.37,43690
"Longueuil",1.722501,33.66,13.36,43690
"Longueuil",1.723315,33.66,13.36,43690
"Longueuil",1.72552,33.65,13.34,43690
"Longueuil",1.724854,33.66,13.36,43690
"Longueuil",1.722122,33.65,13.33,43690
"Longueuil",1.723653,33.66,13.32,43690
"Longueuil",1.72834,33.66,13.31,43690
"Longueuil",1.725632,33.65,13.34,43690
"Longueuil",1.72522,33.65,13.31,43690
"Longueuil",1.72716,33.66,13.31,43690
"Longueuil",1.726784,33.65,13.31,43690
"Longueuil",1.725759,33.66,13.34,43690
"Longueuil",1.724808,33.66,13.31,43690
"Longueuil",1.726212,33.66,13.3,43690
"Longueuil",1.728287,33.66,13.34,43690
"Longueuil",1.729746,33.66,13.34,43690
"Longueuil",1.726865,33.67,13.31,43690
"Longueuil",1.72526,33.66,13.31,43690
"Longueuil",1.723933,33.66,13.32,43690
"Longueuil",1.727242,33.67,13.35,43690
"Longueuil",1.725965,33.68,13.34,43690
"Longueuil",1.726761,33.67,13.35,43690
"Longueuil",1.726456,33.68,13.33,43690
"Longueuil",1.725889,33.68,13.36,43690
"Longueuil",1.727394,33.68,13.36,43690
"Longueuil",1.727804,33.68,13.35,43690
"Longueuil",1.728312,33.68,13.34,43690
"Longueuil",1.729604,33.66,13.33,43690
"Longueuil",1.728457,33.67,13.39,43690
"Longueuil",1.727852,33.67,13.37,43690
"Longueuil",1.72627,33.67,13.38,43690
"Longueuil",1.727618,33.68,13.44,43690
"Longueuil",1.726746,33.69,13.44,43690
"Longueuil",1.726372,33.68,13.42,43690
"Longueuil",1.728701,33.68,13.38,43690
"Longueuil",1.726618,33.68,13.41,43690
"Longueuil",1.728221,33.69,13.4,43690
"Longueuil",1.730164,33.69,13.36,43690
"Longueuil",1.730644,33.68,13.34,43690
"Longueuil",1.725967,33.68,13.32,43690
"Longueuil",1.726748,33.67,13.31,43690
"Longueuil",1.725802,33.68,13.34,43690
"Longueuil",1.728343,33.68,13.33,43690
"Longueuil",1.727768,33.68,13.36,43690
"Longueuil",1.726382,33.49,13.31,43690
"Longueuil",1.728251,33.68,13.29,43690
"Longueuil",1.727979,33.69,13.32,43690
"Longueuil",1.728353,33.69,13.29,43690
"Longueuil",1.727465,33.7,13.3,43690
"Longueuil",1.729128,33.7,13.3,43690
"Longueuil",1.728874,33.7,13.31,43690
"Longueuil",1.73027,33.43,13.3,43690
"Longueuil",1.729391,33.72,13.32,43690
"Longueuil",1.726858,33.71,13.33,43690
"Longueuil",1.726819,33.71,13.36,43690
"Longueuil",1.730586,33.66,13.34,43690
"Longueuil",1.728488,33.58,13.38,43690
"Longueuil",1.729418,33.65,13.38,43690
"Longueuil",1.728116,33.68,13.36,43690
"Longueuil",1.729271,33.69,13.33,43690
"Longueuil",1.730151,33.68,13.32,43690
"Longueuil",1.7314,33.69,13.3,43690
"Longueuil",1.728963,33.7,13.34,43690
"Longueuil",1.729108,33.72,13.34,43690
"Longueuil",1.729507,33.71,13.37,43690
"Longueuil",1.731028,33.71,13.34,43690
"Longueuil",1.726969,33.71,13.31,43690
"Longueuil",1.730461,33.71,13.29,43690
"Longueuil",1.730876,33.7,13.29,43690
"Longueuil",1.7298,33.71,13.28,43690
"Longueuil",1.730827,33.72,13.29,43690
"Longueuil",1.73101,33.73,13.31,43690
"Longueuil",1.728251,33.72,13.31,43690
"Longueuil",1.728745,33.74,13.32,43690
"Longueuil",1.729182,33.73,13.32,43690
"Longueuil",1.729085,33.73,13.34,43690
"Longueuil",1.732549,33.73,13.33,43690
"Longueuil",1.730703,33.74,13.33,43690
"Longueuil",1.729904,33.74,13.34,43690
"Longueuil",1.728513,33.73,13.34,43690
"Longueuil",1.731494,33.71,13.3,43690
"Longueuil",1.730649,33.71,13.33,43690
"Longueuil",1.731677,33.69,13.31,43690
"Longueuil",1.732437,33.67,13.29,43690
"Longueuil",1.730003,33.66,13.3,43690
"Longueuil",1.731389,33.66,13.27,43690
"Longueuil",1.730031,33.58,13.3,43690
"Longueuil",1.73112,33.59,13.3,43690
"Longueuil",1.730403,33.64,13.28,43690
"Longueuil",1.733882,33.67,13.3,43690
"Longueuil",1.731796,33.69,13.31,43690
"Longueuil",1.730799,33.7,13.31,43690
"Longueuil",1.731674,33.7,13.34,43690
"Longueuil",1.732463,33.71,13.33,43690
"Longueuil",1.73394,33.72,13.36,43690
"Longueuil",1.732307,33.71,13.32,43690
"Longueuil",1.73214,33.7,13.32,43690
"Longueuil",1.729772,33.69,13.3,43690
"Longueuil",1.733192,33.67,13.32,43690
"Longueuil",1.732974,33.67,13.33,43690
"Longueuil",1.730881,33.68,13.31,43690
"Longueuil",1.732274,33.6,13.31,43690
"Longueuil",1.732302,33.55,13.34,43690
"Longueuil",1.735692,33.61,13.33,43690
"Longueuil",1.733513,33.65,13.33,43690
"Longueuil",1.734576,33.67,13.35,43690
"Longueuil",1.732999,33.67,13.31,43690
"Longueuil",1.73557,33.68,13.37,43690
"Longueuil",1.735324,33.69,13.34,43690
"Longueuil",1.734029,33.7,13.37,43690
"Longueuil",1.736282,33.71,13.38,43690
"Longueuil",1.737467,33.71,13.33,43690
"Longueuil",1.736585,33.71,13.3,43690
"Longueuil",1.737137,33.7,13.32,43690
"Longueuil",1.738063,33.7,13.29,43690
"Longueuil",1.736048,33.69,13.29,43690
"Longueuil",1.737694,33.7,13.3,43690
"Longueuil",1.737976,33.74,13.32,43690
"Longueuil",1.739616,33.74,13.33,43690
"Longueuil",1.738197,33.73,13.3,43690
"Longueuil",1.738851,33.72,13.32,43690
"Longueuil",1.738139,33.72,13.32,43690
"Longueuil",1.739535,33.72,13.33,43690
"Longueuil",1.740822,33.71,13.31,43690
"Longueuil",1.738714,33.71,13.31,43690
"Longueuil",1.738647,33.38,13.28,43690
"Longueuil",1.739189,33.58,13.28,43690
"Longueuil",1.738742,33.64,13.3,43690
"Longueuil",1.742582,33.67,13.3,43690
"Longueuil",1.740814,33.71,13.31,43690
"Longueuil",1.740771,33.71,13.33,43690
"Longueuil",1.742617,33.72,13.35,43690
"Longueuil",1.741824,33.73,13.35,43690
"Longueuil",1.741117,33.74,13.36,43690
"Longueuil",1.741292,33.75,13.35,43690
"Longueuil",1.739606,33.75,13.35,43690
"Longueuil",1.74054,33.72,13.36,43690
"Longueuil",1.742175,33.71,13.36,43690
"Longueuil",1.741206,33.71,13.35,43690
"Longueuil",1.740486,33.7,13.37,43690
"Longueuil",1.741625,33.69,13.39,43690
"Longueuil",1.740529,33.67,13.37,43690
"Longueuil",1.741669,33.66,13.34,43690
"Longueuil",1.741302,33.63,13.33,43690
"Longueuil",1.741717,33.61,13.34,43690
"Longueuil",1.741877,33.59,13.31,43690
"Longueuil",1.745603,33.57,13.31,43690
"Longueuil",1.741885,33.55,13.32,43690
"Longueuil",1.742327,33.53,13.3,43690
"Longueuil",1.741358,33.5,13.29,43690
"Longueuil",1.743879,33.5,13.32,43690
"Longueuil",1.739802,33.47,13.34,43690
"Longueuil",1.742411,33.45,13.34,43690
"Longueuil",1.743385,33.42,13.3,43690
"Longueuil",1.743126,33.42,13.31,43690
"Longueuil",1.745038,33.39,13.35,43690
"Longueuil",1.742073,33.36,13.38,43690
"Longueuil",1.74232,33.34,13.39,43690
"Longueuil",1.744726,33.31,13.31,43690
"Longueuil",1.742861,33.28,13.32,43690
"Longueuil",1.743011,33.28,13.33,43690
"Longueuil",1.742956,33.24,13.31,43690
"Longueuil",1.743876,33.01,13.3,43690
"Longueuil",1.745265,33.18,13.33,43690
"Longueuil",1.744748,33.17,13.32,43690
"Longueuil",1.743858,33.14,13.29,43690
"Longueuil",1.745041,33.12,13.3,43690
"Longueuil",1.745099,33.11,13.29,43690
"Longueuil",1.744774,33.09,13.31,43690
"Longueuil",1.744792,33.07,13.35,43690
"Longueuil",1.745631,33.05,13.33,43690
"Longueuil",1.745575,33.03,13.34,43690
"Longueuil",1.747317,33.03,13.38,43690
"Longueuil",1.74692,33,13.38,43690
"Longueuil",1.747286,32.99,13.41,43690
"Longueuil",1.747815,32.95,13.42,43690
"Longueuil",1.747195,32.92,13.38,43690
"Longueuil",1.749133,32.91,13.34,43690
"Longueuil",1.745369,32.89,13.36,43690
"Longueuil",1.749522,32.87,13.39,43690
"Longueuil",1.751381,32.85,13.36,43690
"Longueuil",1.750888,32.82,13.37,43690
"Longueuil",1.750374,32.8,13.33,43690
"Longueuil",1.750397,32.77,13.34,43690
"Longueuil",1.751335,32.76,13.33,43690
"Longueuil",1.750407,32.75,13.33,43690
"Longueuil",1.751925,32.71,13.34,43690
"Longueuil",1.751233,32.71,13.33,43690
"Longueuil",1.753008,32.69,13.35,43690
"Longueuil",1.75133,32.68,13.36,43690
"Longueuil",1.753835,32.66,13.34,43690
"Longueuil",1.751795,32.65,13.34,43690
"Longueuil",1.751366,32.64,13.41,43690
"Longueuil",1.752294,32.61,13.35,43690
"Longueuil",1.755371,32.64,13.37,43690
"Longueuil",1.753698,32.59,13.35,43690
"Longueuil",1.756421,32.56,13.36,43690
"Longueuil",1.753911,32.56,13.39,43690
"Longueuil",1.755381,32.54,13.4,43690
"Longueuil",1.754344,32.55,13.39,43690
"Longueuil",1.754293,32.49,13.36,43690
"Longueuil",1.753189,32.46,13.4,43690
"Longueuil",1.756042,32.43,13.36,43690
"Longueuil",1.756505,32.39,13.36,43690
"Longueuil",1.75533,32.37,13.34,43690
"Longueuil",1.75666,32.26,13.36,43690
"Longueuil",1.758809,32.24,13.4,43690
"Longueuil",1.754763,32.3,13.39,43690
"Longueuil",1.757957,32.3,13.36,43690
"Longueuil",1.756416,32.3,13.35,43690
"Longueuil",1.757858,32.3,13.37,43690
"Longueuil",1.75663,32.28,13.38,43690
"Longueuil",1.757317,32.28,13.38,43690
"Longueuil",1.757955,32.25,13.33,43690
"Longueuil",1.759252,32.26,13.36,43690
"Longueuil",1.760841,32.24,13.35,43690
"Longueuil",1.759305,32.23,13.38,43690
"Longueuil",1.760053,32.23,13.38,43690
"Longueuil",1.761759,32.33,13.36,43690
"Longueuil",1.76281,32.21,13.35,43690
"Longueuil",1.761968,32.19,13.33,43690
"Longueuil",1.762957,32.18,13.37,43690
"Longueuil",1.762118,32.16,13.35,43690
"Longueuil",1.763893,32.14,13.38,43690
"Longueuil",1.763603,32.14,13.34,43690
"Longueuil",1.761551,32.13,13.33,43690
"Longueuil",1.763898,32.11,13.33,43690
"Longueuil",1.766113,32.1,13.37,43690
"Longueuil",1.764593,32.1,13.36,43690
"Longueuil",1.762932,32.09,13.37,43690
"Longueuil",1.765691,32.08,13.38,43690
"Longueuil",1.76536,32.06,13.39,43690
"Longueuil",1.766406,32.06,13.42,43690
"Longueuil",1.764547,32.05,13.44,43690
"Longueuil",1.766617,32.03,13.44,43690
"Longueuil",1.762751,32.04,13.41,43690
"Longueuil",1.76605,32.01,13.39,43690
"Longueuil",1.768834,32,13.4,43690
"Longueuil",1.765984,31.99,13.39,43690
"Longueuil",1.765752,31.87,13.38,43690
"Longueuil",1.768339,31.82,13.37,43690
"Longueuil",1.767815,31.9,13.39,43690
"Longueuil",1.767599,31.93,13.4,43690
"Longueuil",1.76844,31.95,13.39,43690
"Longueuil",1.771271,31.97,13.42,43690
"Longueuil",1.771523,32.13,13.38,43690
"Longueuil",1.770968,32,13.37,43690
"Longueuil",1.772316,32.01,13.34,43690
"Longueuil",1.773387,32.02,13.34,43690
"Longueuil",1.771021,32.03,13.32,43690
"Longueuil",1.772568,32.04,13.37,43690
"Longueuil",1.773277,32.06,13.38,43690
"Longueuil",1.773905,32.08,13.4,43690
"Longueuil",1.774567,32.1,13.41,43690
"Longueuil",1.776357,32.12,13.42,43690
"Longueuil",1.774109,32.17,13.39,43690
"Longueuil",1.774874,32.14,13.38,43690
"Longueuil",1.775091,32.15,13.36,43690
"Longueuil",1.777377,32.17,13.38,43690
"Longueuil",1.778247,32.19,13.39,43690
"Longueuil",1.776293,32.21,13.38,43690
"Longueuil",1.77405,32.24,13.41,43690
"Longueuil",1.775121,32.26,13.41,43690
"Longueuil",1.775215,32.27,13.38,43690
"Longueuil",1.775261,32.28,13.36,43690
"Longueuil",1.776502,32.3,13.43,43690
"Longueuil",1.776253,32.34,13.42,43690
"Longueuil",1.774989,32.35,13.43,43690
"Longueuil",1.775518,32.37,13.44,43690
"Longueuil",1.775421,32.41,13.39,43690
"Longueuil",1.777336,32.4,13.39,43690
"Longueuil",1.779081,32.41,13.4,43690
"Longueuil",1.781565,32.43,13.35,43690
"Longueuil",1.779544,32.44,13.32,43690
"Longueuil",1.778104,32.44,13.34,43690
"Longueuil",1.779009,32.57,13.34,43690
"Longueuil",1.781685,32.48,13.35,43690
"Longueuil",1.777466,32.51,13.39,43690
"Longueuil",1.779711,32.53,13.44,43690
"Longueuil",1.778648,32.57,13.42,43690
"Longueuil",1.780195,32.57,13.39,43690
"Longueuil",1.778811,32.58,13.37,43690
"Longueuil",1.778361,32.59,13.36,43690
"Longueuil",1.778185,32.6,13.38,43690
"Longueuil",1.779874,32.61,13.39,43690
"Longueuil",1.776293,32.63,13.41,43690
"Longueuil",1.776939,32.65,13.4,43690
"Longueuil",1.779826,32.64,13.37,43690
"Longueuil",1.776459,32.66,13.4,43690
"Longueuil",1.779551,32.68,13.38,43690
"Longueuil",1.775208,32.68,13.4,43690
"Longueuil",1.778435,32.7,13.42,43690
"Longueuil",1.776858,32.72,13.4,43690
"Longueuil",1.780449,32.71,13.36,43690
"Longueuil",1.778524,32.73,13.37,43690
"Longueuil",1.78125,32.74,13.39,43690
"Longueuil",1.783491,32.75,13.38,43690
"Longueuil",1.781458,32.76,13.34,43690
"Longueuil",1.780276,32.76,13.35,43690
"Longueuil",1.779818,32.81,13.35,43690
"Longueuil",1.778094,32.79,13.32,43690
"Longueuil",1.779935,32.79,13.31,43690
"Longueuil",1.779638,32.82,13.3,43690
"Longueuil",1.7811,32.84,13.34,43690
"Longueuil",1.778112,32.85,13.36,43690
"Longueuil",1.779236,32.87,13.33,43690
"Longueuil",1.780289,32.87,13.4,43690
"Longueuil",1.77903,32.88,13.3,43690
"Longueuil",1.778778,32.89,13.31,43690
"Longueuil",1.777931,32.91,13.28,43690
"Longueuil",1.779531,32.91,13.31,43690
"Longueuil",1.77815,32.93,13.33,43690
"Longueuil",1.778887,32.95,13.31,43690
"Longueuil",1.778381,32.96,13.32,43690
"Longueuil",1.780665,32.97,13.31,43690
"Longueuil",1.777939,32.99,13.3,43690
"Longueuil",1.780088,33.01,13.35,43690
"Longueuil",1.77918,33.02,13.33,43690
"Longueuil",1.779106,33.01,13.32,43690
"Longueuil",1.780179,33.04,13.33,43690
"Longueuil",1.778679,33.03,13.34,43690
"Longueuil",1.778277,33.05,13.35,43690
"Longueuil",1.779391,33.05,13.38,43690
"Longueuil",1.780724,33.06,13.31,43690
"Longueuil",1.77907,33.07,13.33,43690
"Longueuil",1.779279,33.09,13.31,43690
"Longueuil",1.779803,33.09,13.28,43690
"Longueuil",1.778948,33.1,13.32,43690
"Longueuil",1.781942,33.1,13.29,43690
"Longueuil",1.777011,33.11,13.28,43690
"Longueuil",1.780378,33.12,13.31,43690
"Longueuil",1.7789,33.14,13.34,43690
"Longueuil",1.778928,33.15,13.34,43690
"Longueuil",1.77917,33.15,13.37,43690
"Longueuil",1.780657,33.16,13.38,43690
"Longueuil",1.777636,33.18,13.37,43690
"Longueuil",1.779602,33.2,13.39,43690
"Longueuil",1.780434,33.19,13.33,43690
"Longueuil",1.781769,33.19,13.31,43690
"Longueuil",1.780441,33.19,13.29,43690
"Longueuil",1.780581,33.19,13.3,43690
"Longueuil",1.782443,33.2,13.29,43690
"Longueuil",1.780451,33.21,13.31,43690
"Longueuil",1.78019,33.22,13.32,43690
"Longueuil",1.780479,33.23,13.31,43690
"Longueuil",1.782066,33.23,13.28,43690
"Longueuil",1.780914,33.23,13.31,43690
"Longueuil",1.78154,33.23,13.31,43690
"Longueuil",1.78467,33.25,13.34,43690
"Longueuil",1.784378,33.14,13.41,43690
"Longueuil",1.78317,33.16,13.37,43690
"Longueuil",1.781105,33.21,13.34,43690
"Longueuil",1.78244,33.24,13.34,43690
"Longueuil",1.782366,33.27,13.38,43690
"Longueuil",1.782191,33.27,13.38,43690
"Longueuil",1.781921,33.28,13.4,43690
"Longueuil",1.781461,33.3,13.38,43690
"Longueuil",1.782667,33.3,13.38,43690
"Longueuil",1.783335,33.31,13.41,43690
"Longueuil",1.782229,33.31,13.38,43690
"Longueuil",1.780998,33.32,13.39,43690
"Longueuil",1.780902,33.32,13.39,43690
"Longueuil",1.779462,33.33,13.38,43690
"Longueuil",1.782743,33.33,13.37,43690
"Longueuil",1.781247,33.34,13.39,43690
"Longueuil",1.780889,33.33,13.4,43690
"Longueuil",1.780319,33.35,13.39,43690
"Longueuil",1.780418,33.35,13.42,43690
"Longueuil",1.781087,33.37,13.44,43690
"Longueuil",1.78198,33.37,13.43,43690
"Longueuil",1.780218,33.37,13.42,43690
"Longueuil",1.781845,33.37,13.39,43690
"Longueuil",1.782262,33.37,13.36,43690
"Longueuil",1.779213,33.38,13.35,43690
"Longueuil",1.783958,33.37,13.36,43690
"Longueuil",1.780838,33.38,13.37,43690
"Longueuil",1.782247,33.37,13.34,43690
"Longueuil",1.77906,33.4,13.35,43690
"Longueuil",1.7801,33.27,13.4,43690
"Longueuil",1.78081,33.29,13.36,43690
"Longueuil",1.783638,33.34,13.31,43690
"Longueuil",1.779559,33.35,13.33,43690
"Longueuil",1.781306,33.36,13.31,43690
"Longueuil",1.780365,33.38,13.32,43690
"Longueuil",1.780123,33.39,13.31,43690
"Longueuil",1.779566,33.4,13.31,43690
"Longueuil",1.78021,33.4,13.31,43690
"Longueuil",1.781685,33.43,13.32,43690
"Longueuil",1.781807,33.42,13.33,43690
"Longueuil",1.780378,33.43,13.33,43690
"Longueuil",1.77934,33.45,13.34,43690
"Longueuil",1.778259,33.45,13.35,43690
"Longueuil",1.776003,33.32,13.35,43690
"Longueuil",1.779238,33.34,13.31,43690
"Longueuil",1.777718,33.14,13.31,43690
"Longueuil",1.779355,33.39,13.29,43690
"Longueuil",1.77992,33.41,13.29,43690
"Longueuil",1.780912,33.42,13.31,43690
"Longueuil",1.77993,33.44,13.31,43690
"Longueuil",1.77907,33.44,13.35,43690
"Longueuil",1.780571,33.46,13.35,43690
"Longueuil",1.777341,33.46,13.36,43690
"Longueuil",1.778442,33.47,13.33,43690
"Longueuil",1.78006,33.47,13.32,43690
"Longueuil",1.780253,33.48,13.37,43690
"Longueuil",1.778043,33.48,13.32,43690
"Longueuil",1.778386,33.49,13.32,43690
"Longueuil",1.776917,33.5,13.36,43690
"Longueuil",1.776942,33.49,13.33,43690
"Longueuil",1.779088,33.49,13.35,43690
"Longueuil",1.778852,33.49,13.33,43690
"Longueuil",1.779274,33.48,13.32,43690
"Longueuil",1.778445,33.47,13.29,43690
"Longueuil",1.77669,33.46,13.28,43690
"Longueuil",1.77857,33.47,13.28,43690
"Longueuil",1.778198,33.47,13.29,43690
"Longueuil",1.777209,33.48,13.29,43690
"Longueuil",1.776924,33.5,13.36,43690
"Longueuil",1.777578,33.49,13.33,43690
"Longueuil",1.778226,33.5,13.33,43690
"Longueuil",1.778455,33.51,13.33,43690
"Longueuil",1.777537,33.5,13.35,43690
"Longueuil",1.779953,33.5,13.31,43690
"Longueuil",1.779757,33.51,13.31,43690
"Longueuil",1.779106,33.51,13.34,43690
"Longueuil",1.777367,33.51,13.33,43690
"Longueuil",1.779579,33.52,13.35,43690
"Longueuil",1.778018,33.53,13.33,43690
"Longueuil",1.778961,33.53,13.31,43690
"Longueuil",1.78093,33.52,13.3,43690
"Longueuil",1.779259,33.51,13.28,43690
"Longueuil",1.779882,33.53,13.28,43690
"Longueuil",1.780622,33.53,13.35,43690
"Longueuil",1.7789,33.54,13.31,43690
"Longueuil",1.778646,33.54,13.3,43690
"Longueuil",1.779745,33.54,13.3,43690
"Longueuil",1.781619,33.52,13.29,43690
"Longueuil",1.778966,33.54,13.29,43690
"Longueuil",1.778407,33.54,13.32,43690
"Longueuil",1.781166,33.54,13.3,43690
"Longueuil",1.77862,33.53,13.32,43690
"Longueuil",1.778684,33.33,13.29,43690
"Longueuil",1.778361,33.57,13.32,43690
"Longueuil",1.778587,33.57,13.37,43690
"Longueuil",1.776057,33.57,13.39,43690
"Longueuil",1.778735,33.58,13.42,43690
"Longueuil",1.781471,33.56,13.39,43690
"Longueuil",1.780202,33.58,13.38,43690
"Longueuil",1.782023,33.6,13.34,43690
"Longueuil",1.778961,33.57,13.33,43690
"Longueuil",1.780258,33.58,13.31,43690
"Longueuil",1.781659,33.57,13.33,43690
"Longueuil",1.782837,33.57,13.34,43690
"Longueuil",1.780637,33.58,13.35,43690
"Longueuil",1.782023,33.6,13.42,43690
"Longueuil",1.78315,33.59,13.38,43690
"Longueuil",1.781934,33.59,13.37,43690
"Longueuil",1.782318,33.59,13.34,43690
"Longueuil",1.783844,33.59,13.3,43690
"Longueuil",1.782885,33.59,13.34,43690
"Longueuil",1.782468,33.6,13.35,43690
"Longueuil",1.782613,33.61,13.34,43690
"Longueuil",1.783643,33.6,13.38,43690
"Longueuil",1.784978,33.61,13.32,43690
"Longueuil",1.782051,33.61,13.33,43690
"Longueuil",1.781883,33.62,13.37,43690
"Longueuil",1.783269,33.62,13.36,43690
"Longueuil",1.782677,33.62,13.39,43690
"Longueuil",1.785558,33.62,13.35,43690
"Longueuil",1.78422,33.63,13.37,43690
"Longueuil",1.785772,33.64,13.34,43690
"Longueuil",1.784976,33.63,13.32,43690
"Longueuil",1.782199,33.62,13.33,43690
"Longueuil",1.785108,33.62,13.32,43690
"Longueuil",1.7857,33.62,13.3,43690
"Longueuil",1.786123,33.62,13.29,43690
"Longueuil",1.783546,33.61,13.29,43690
"Longueuil",1.786026,33.62,13.3,43690
"Longueuil",1.788302,33.63,13.3,43690
"Longueuil",1.785393,33.63,13.3,43690
"Longueuil",1.783554,33.63,13.36,43690
"Longueuil",1.784152,33.62,13.31,43690
"Longueuil",1.783091,33.62,13.32,43690
"Longueuil",1.784365,33.6,13.3,43690
"Longueuil",1.785909,33.59,13.33,43690
"Longueuil",1.786209,33.59,13.35,43690
"Longueuil",1.787287,33.57,13.34,43690
"Longueuil",1.78538,33.55,13.35,43690
"Longueuil",1.783923,33.54,13.36,43690
"Longueuil",1.783938,33.52,13.4,43690
"Longueuil",1.785334,33.5,13.41,43690
"Longueuil",1.786074,33.48,13.38,43690
"Longueuil",1.783846,33.46,13.35,43690
"Longueuil",1.785347,33.42,13.36,43690
"Longueuil",1.783264,33.41,13.36,43690
"Longueuil",1.78551,33.4,13.37,43690
"Longueuil",1.784917,33.37,13.37,43690
"Longueuil",1.785065,33.34,13.37,43690
"Longueuil",1.783936,33.33,13.34,43690
"Longueuil",1.783658,33.07,13.31,43690
"Longueuil",1.785589,33.26,13.31,43690
"Longueuil",1.785711,33.23,13.36,43690
"Longueuil",1.784332,33.21,13.32,43690
"Longueuil",1.785985,33.21,13.36,43690
"Longueuil",1.78613,33.18,13.39,43690
"Longueuil",1.784678,33.16,13.38,43690
"Longueuil",1.787755,33.13,13.38,43690
"Longueuil",1.787112,33.1,13.35,43690
"Longueuil",1.784429,33.08,13.37,43690
"Longueuil",1.78437,33.06,13.36,43690
"Longueuil",1.786898,33.04,13.39,43690
"Longueuil",1.786179,33.02,13.37,43690
"Longueuil",1.786133,33,13.35,43690
"Longueuil",1.783518,32.97,13.35,43690
"Longueuil",1.785082,32.95,13.37,43690
"Longueuil",1.787351,32.93,13.4,43690
"Longueuil",1.784538,32.91,13.4,43690
"Longueuil",1.786504,32.89,13.43,43690
"Longueuil",1.787473,32.87,13.42,43690
"Longueuil",1.787829,32.86,13.42,43690
"Longueuil",1.786606,32.83,13.39,43690
"Longueuil",1.787542,32.8,13.39,43690
"Longueuil",1.787394,32.78,13.34,43690
"Longueuil",1.784912,32.76,13.39,43690
"Longueuil",1.787888,32.73,13.36,43690
"Longueuil",1.786331,32.73,13.39,43690
"Longueuil",1.787109,32.71,13.41,43690
"Longueuil",1.785578,32.69,13.39,43690
"Longueuil",1.790019,32.67,13.39,43690
"Longueuil",1.788691,32.65,13.41,43690
"Longueuil",1.787514,32.63,13.4,43690
"Longueuil",1.789762,32.61,13.39,43690
"Longueuil",1.790354,32.59,13.45,43690
"Longueuil",1.789976,32.59,13.45,43690
"Longueuil",1.788488,32.56,13.43,43690
"Longueuil",1.788615,32.55,13.43,43690
"Longueuil",1.789632,32.52,13.42,43690
"Longueuil",1.788984,32.5,13.35,43690
"Longueuil",1.790377,32.48,13.34,43690
"Longueuil",1.789358,32.47,13.31,43690
"Longueuil",1.788645,32.47,13.31,43690
"Longueuil",1.790873,32.43,13.33,43690
"Longueuil",1.792351,32.41,13.33,43690
"Longueuil",1.78993,32.39,13.33,43690
"Longueuil",1.787516,32.39,13.33,43690
"Longueuil",1.790848,32.38,13.3,43690
"Longueuil",1.791977,32.35,13.31,43690
"Longueuil",1.78892,32.06,13.32,43690
"Longueuil",1.788549,32.31,13.34,43690
"Longueuil",1.789271,32.3,13.33,43690
"Longueuil",1.791094,32.3,13.36,43690
"Longueuil",1.790174,32.29,13.34,43690
"Longueuil",1.790866,32.28,13.36,43690
"Longueuil",1.791695,32.26,13.38,43690
"Longueuil",1.790792,32.25,13.38,43690
"Longueuil",1.791033,32.24,13.37,43690
"Longueuil",1.793335,32.21,13.35,43690
"Longueuil",1.795382,32.29,13.36,43690
"Longueuil",1.792753,32.18,13.36,43690
"Longueuil",1.793208,32.05,13.39,43690
"Longueuil",1.791199,32.05,13.37,43690
"Longueuil",1.795392,32.24,13.38,43690
"Longueuil",1.792272,32.11,13.39,43690
"Longueuil",1.792506,32.1,13.35,43690
"Longueuil",1.793393,32.1,13.36,43690
"Longueuil",1.795334,32.09,13.37,43690
"Longueuil",1.793678,32.1,13.33,43690
"Longueuil",1.793065,32.08,13.34,43690
"Longueuil",1.795626,32.07,13.37,43690
"Longueuil",1.793159,32.06,13.41,43690
"Longueuil",1.797714,32.06,13.35,43690
"Longueuil",1.797272,32.05,13.38,43690
"Longueuil",1.797859,32.07,13.37,43690
"Longueuil",1.796232,32.07,13.42,43690
"Longueuil",1.797989,32.06,13.39,43690
"Longueuil",1.798144,32.07,13.42,43690
"Longueuil",1.799866,32.1,13.41,43690
"Longueuil",1.799927,32.1,13.41,43690
"Longueuil",1.799451,32.12,13.4,43690
"Longueuil",1.800947,32.12,13.37,43690
"Longueuil",1.800189,32.12,13.38,43690
"Longueuil",1.802208,32.13,13.38,43690
"Longueuil",1.802645,32.15,13.39,43690
"Longueuil",1.802663,32.16,13.4,43690
"Longueuil",1.80363,32.23,13.43,43690
"Longueuil",1.802577,32.19,13.41,43690
"Longueuil",1.801132,32.21,13.37,43690
"Longueuil",1.802976,32.21,13.34,43690
"Longueuil",1.805692,32.23,13.36,43690
"Longueuil",1.803813,32.25,13.34,43690
"Longueuil",1.80395,32.26,13.34,43690
"Longueuil",1.807228,32.28,13.36,43690
"Longueuil",1.804761,32.3,13.35,43690
"Longueuil",1.803965,32.33,13.39,43690
"Longueuil",1.803741,32.4,13.38,43690
"Longueuil",1.80513,32.35,13.37,43690
"Longueuil",1.806351,32.39,13.36,43690
"Longueuil",1.805707,32.4,13.34,43690
"Longueuil",1.806664,32.39,13.36,43690
"Longueuil",1.80678,32.43,13.38,43690
"Longueuil",1.806386,32.43,13.39,43690
"Longueuil",1.808123,32.45,13.42,43690
"Longueuil",1.805796,32.47,13.41,43690
"Longueuil",1.808726,32.48,13.38,43690
"Longueuil",1.808599,32.57,13.39,43690
"Longueuil",1.809504,32.52,13.39,43690
"Longueuil",1.809199,32.54,13.39,43690
"Longueuil",1.809634,32.54,13.36,43690
"Longueuil",1.809517,32.56,13.38,43690
"Longueuil",1.809865,32.57,13.4,43690
"Longueuil",1.809647,32.66,13.43,43690
"Longueuil",1.80938,32.58,13.38,43690
"Longueuil",1.810577,32.62,13.37,43690
"Longueuil",1.810504,32.61,13.37,43690
"Longueuil",1.812004,32.63,13.37,43690
"Longueuil",1.814412,32.65,13.39,43690
"Longueuil",1.812228,32.66,13.34,43690
"Longueuil",1.812744,32.67,13.35,43690
"Longueuil",1.814191,32.68,13.33,43690
"Longueuil",1.815107,32.66,13.31,43690
"Longueuil",1.813754,32.67,13.3,43690
"Longueuil",1.813718,32.68,13.32,43690
"Longueuil",1.814697,32.6,13.33,43690
"Longueuil",1.815404,32.64,13.35,43690
"Longueuil",1.81619,32.7,13.4,43690
"Longueuil",1.814489,32.75,13.41,43690
"Longueuil",1.817187,32.76,13.43,43690
"Longueuil",1.815778,32.77,13.4,43690
"Longueuil",1.817291,32.78,13.39,43690
"Longueuil",1.818588,32.78,13.39,43690
"Longueuil",1.81812,32.8,13.46,43690
"Longueuil",1.81973,32.81,13.39,43690
"Longueuil",1.81911,32.81,13.38,43690
"Longueuil",1.818113,32.8,13.38,43690
"Longueuil",1.819491,32.81,13.38,43690
"Longueuil",1.817123,32.82,13.37,43690
"Longueuil",1.820073,32.83,13.36,43690
"Longueuil",1.820485,32.72,13.34,43690
"Longueuil",1.822039,32.73,13.34,43690
"Longueuil",1.820363,32.8,13.31,43690
"Longueuil",1.820625,32.83,13.31,43690
"Longueuil",1.820201,32.86,13.3,43690
"Longueuil",1.823738,32.88,13.33,43690
"Longueuil",1.822876,32.91,13.36,43690
"Longueuil",1.820864,32.91,13.35,43690
"Longueuil",1.822484,32.92,13.31,43690
"Longueuil",1.820854,32.93,13.32,43690
"Longueuil",1.821259,32.95,13.31,43690
"Longueuil",1.82206,32.97,13.3,43690
"Longueuil",1.824816,32.97,13.31,43690
"Longueuil",1.825706,32.99,13.31,43690
"Longueuil",1.822924,32.99,13.31,43690
"Longueuil",1.824847,33,13.3,43690
"Longueuil",1.826241,33.02,13.31,43690
"Longueuil",1.825272,33.02,13.32,43690
"Longueuil",1.825165,33.04,13.39,43690
"Longueuil",1.828112,32.93,13.35,43690
"Longueuil",1.825976,32.94,13.34,43690
"Longueuil",1.825605,32.99,13.34,43690
"Longueuil",1.826037,33.02,13.38,43690
"Longueuil",1.827316,33.05,13.33,43690
"Longueuil",1.827779,33.07,13.37,43690
"Longueuil",1.825363,33.08,13.34,43690
"Longueuil",1.826368,33.1,13.36,43690
"Longueuil",1.827543,33.1,13.38,43690
"Longueuil",1.830826,33.12,13.38,43690
"Longueuil",1.829051,33.13,13.37,43690
"Longueuil",1.829419,33.14,13.38,43690
"Longueuil",1.82962,33.15,13.38,43690
"Longueuil",1.829559,33.16,13.39,43690
"Longueuil",1.831502,33.16,13.41,43690
"Longueuil",1.830419,33.16,13.41,43690
"Longueuil",1.829417,33.17,13.4,43690
"Longueuil",1.830894,33.18,13.39,43690
"Longueuil",1.829923,33.2,13.36,43690
"Longueuil",1.832334,33.2,13.33,43690
"Longueuil",1.830887,33.2,13.35,43690
"Longueuil",1.833987,33.21,13.34,43690
"Longueuil",1.832504,33.2,13.36,43690
"Longueuil",1.832413,33.21,13.3,43690
"Longueuil",1.833979,33.1,13.34,43690
"Longueuil",1.83287,33.11,13.35,43690
"Longueuil",1.835045,33.16,13.35,43690
"Longueuil",1.832639,33.18,13.33,43690
"Longueuil",1.834295,33.18,13.3,43690
"Longueuil",1.834745,33.19,13.28,43690
"Longueuil",1.835907,33.21,13.29,43690
"Longueuil",1.835782,33.22,13.3,43690
"Longueuil",1.8383,33.24,13.35,43690
"Longueuil",1.835729,33.25,13.33,43690
"Longueuil",1.835706,33,13.37,43690
"Longueuil",1.838582,33.27,13.35,43690
"Longueuil",1.837039,33.28,13.35,43690
"Longueuil",1.838549,33.28,13.31,43690
"Longueuil",1.836522,33.27,13.3,43690
"Longueuil",1.836441,33.28,13.31,43690
"Longueuil",1.836258,33.29,13.35,43690
"Longueuil",1.83699,33.31,13.33,43690
"Longueuil",1.835103,33.31,13.34,43690
"Longueuil",1.835322,33.3,13.3,43690
"Longueuil",1.837926,33.3,13.35,43690
"Longueuil",1.834862,33.31,13.33,43690
"Longueuil",1.835332,33.3,13.43,43690
"Longueuil",1.836281,33.3,13.34,43690
"Longueuil",1.835971,33.28,13.31,43690
"Longueuil",1.838872,33.27,13.33,43690
"Longueuil",1.837428,33.26,13.35,43690
"Longueuil",1.835243,33.26,13.36,43690
"Longueuil",1.83532,33.25,13.35,43690
"Longueuil",1.838313,33.22,13.38,43690
"Longueuil",1.835459,33.21,13.33,43690
"Longueuil",1.836695,33.19,13.32,43690
"Longueuil",1.836975,33.18,13.36,43690
"Longueuil",1.839437,33.17,13.32,43690
"Longueuil",1.836929,33.15,13.31,43690
"Longueuil",1.839488,33.14,13.35,43690
"Longueuil",1.837163,33.1,13.33,43690
"Longueuil",1.83681,33.09,13.34,43690
"Longueuil",1.838587,33.06,13.34,43690
"Longueuil",1.836235,33.03,13.34,43690
"Longueuil",1.838145,33.01,13.34,43690
"Longueuil",1.837685,32.99,13.31,43690
"Longueuil",1.837644,32.98,13.31,43690
"Longueuil",1.837901,32.96,13.31,43690
"Longueuil",1.83876,32.94,13.33,43690
"Longueuil",1.838379,32.91,13.28,43690
"Longueuil",1.838877,32.89,13.31,43690
"Longueuil",1.840118,32.87,13.34,43690
"Longueuil",1.840538,32.86,13.33,43690
"Longueuil",1.840363,32.84,13.34,43690
"Longueuil",1.841482,32.82,13.38,43690
"Longueuil",1.840385,32.8,13.34,43690
"Longueuil",1.839386,32.78,13.35,43690
"Longueuil",1.840144,32.75,13.33,43690
"Longueuil",1.842326,32.71,13.38,43690
"Longueuil",1.842522,32.7,13.39,43690
"Longueuil",1.842995,32.68,13.37,43690
"Longueuil",1.84317,32.67,13.4,43690
"Longueuil",1.842059,32.65,13.4,43690
"Longueuil",1.841667,32.63,13.39,43690
"Longueuil",1.843028,32.61,13.41,43690
"Longueuil",1.84038,32.6,13.42,43690
"Longueuil",1.842143,32.57,13.43,43690
"Longueuil",1.843102,32.54,13.45,43690
"Longueuil",1.842667,32.53,13.43,43690
"Longueuil",1.843872,32.54,13.44,43690
"Longueuil",1.842204,32.51,13.43,43690
"Longueuil",1.844648,32.49,13.41,43690
"Longueuil",1.842486,32.48,13.42,43690
"Longueuil",1.843145,32.45,13.42,43690
"Longueuil",1.841789,32.43,13.4,43690
"Longueuil",1.844744,32.4,13.43,43690
"Longueuil",1.842265,32.39,13.39,43690
"Longueuil",1.84374,32.36,13.39,43690
"Longueuil",1.843941,32.36,13.37,43690
"Longueuil",1.843633,32.34,13.34,43690
"Longueuil",1.842916,32.31,13.34,43690
"Longueuil",1.842285,32.31,13.35,43690
"Longueuil",1.845113,32.29,13.35,43690
"Longueuil",1.844526,32.27,13.37,43690
"Longueuil",1.843981,32.28,13.39,43690
"Longueuil",1.845487,32.26,13.37,43690
"Longueuil",1.846079,32.25,13.39,43690
"Longueuil",1.844185,32.23,13.4,43690
"Longueuil",1.845273,32.21,13.34,43690
"Longueuil",1.845093,32.18,13.33,43690
"Longueuil",1.847305,32.17,13.33,43690
"Longueuil",1.847262,32.25,13.36,43690
"Longueuil",1.84731,32.19,13.38,43690
"Longueuil",1.847466,32.18,13.43,43690
"Longueuil",1.846817,32.16,13.4,43690
"Longueuil",1.847534,32.18,13.38,43690
"Longueuil",1.846931,32.16,13.41,43690
"Longueuil",1.84875,32.16,13.41,43690
"Longueuil",1.846789,32.17,13.4,43690
"Longueuil",1.847082,32.2,13.38,43690
"Longueuil",1.848501,32.18,13.4,43690
"Longueuil",1.847949,32.18,13.37,43690
"Longueuil",1.848707,32.21,13.39,43690
"Longueuil",1.848874,32.36,13.41,43690
"Longueuil",1.848206,32.28,13.38,43690
"Longueuil",1.84818,32.25,13.36,43690
"Longueuil",1.851771,32.25,13.38,43690
"Longueuil",1.849742,32.24,13.37,43690
"Longueuil",1.851486,32.27,13.41,43690
"Longueuil",1.851797,32.28,13.38,43690
"Longueuil",1.850731,32.3,13.39,43690
"Longueuil",1.850443,32.31,13.39,43690
"Longueuil",1.852598,32.34,13.35,43690
"Longueuil",1.850759,32.35,13.38,43690
"Longueuil",1.851481,32.36,13.39,43690
"Longueuil",1.850342,32.37,13.39,43690
"Longueuil",1.85126,32.39,13.38,43690
"Longueuil",1.854462,32.39,13.36,43690
"Longueuil",1.854207,32.42,13.38,43690
"Longueuil",1.853739,32.42,13.32,43690
"Longueuil",1.852821,32.42,13.31,43690
"Longueuil",1.851105,32.43,13.38,43690
"Longueuil",1.853243,32.46,13.37,43690
"Longueuil",1.854375,32.47,13.37,43690
"Longueuil",1.851837,32.5,13.38,43690
"Longueuil",1.852903,32.52,13.38,43690
"Longueuil",1.853605,32.53,13.38,43690
"Longueuil",1.852768,32.62,13.36,43690
"Longueuil",1.854291,32.55,13.35,43690
"Longueuil",1.856326,32.57,13.43,43690
"Longueuil",1.855247,32.58,13.43,43690
"Longueuil",1.854548,32.6,13.44,43690
"Longueuil",1.853963,32.66,13.43,43690
"Longueuil",1.855489,32.61,13.43,43690
"Longueuil",1.853378,32.62,13.41,43690
"Longueuil",1.85495,32.64,13.46,43690
"Longueuil",1.854431,32.65,13.43,43690
"Longueuil",1.854767,32.68,13.43,43690
"Longueuil",1.854899,32.68,13.42,43690
"Longueuil",1.855962,32.68,13.41,43690
"Longueuil",1.854963,32.7,13.41,43690
"Longueuil",1.856738,32.71,13.42,43690
"Longueuil",1.854253,32.72,13.41,43690
"Longueuil",1.856895,32.74,13.39,43690
"Longueuil",1.856878,32.73,13.4,43690
"Longueuil",1.857867,32.5,13.37,43690
"Longueuil",1.857989,32.77,13.38,43690
"Longueuil",1.855489,32.79,13.39,43690
"Longueuil",1.85688,32.79,13.38,43690
"Longueuil",1.859253,32.8,13.38,43690
"Longueuil",1.855008,32.81,13.37,43690
"Longueuil",1.858348,32.81,13.34,43690
"Longueuil",1.858442,32.82,13.32,43690
"Longueuil",1.856155,32.83,13.35,43690
"Longueuil",1.857849,32.85,13.37,43690
"Longueuil",1.85512,32.86,13.35,43690
"Longueuil",1.856351,32.87,13.34,43690
"Longueuil",1.856735,32.87,13.31,43690
"Longueuil",1.858457,32.88,13.33,43690
"Longueuil",1.858843,32.9,13.34,43690
"Longueuil",1.855944,32.91,13.34,43690
"Longueuil",1.856359,32.91,13.36,43690
"Longueuil",1.857674,32.91,13.37,43690
"Longueuil",1.855965,32.93,13.36,43690
"Longueuil",1.855143,32.94,13.35,43690
"Longueuil",1.857697,32.95,13.36,43690
"Longueuil",1.856043,32.96,13.37,43690
"Longueuil",1.858058,32.97,13.37,43690
"Longueuil",1.856036,32.99,13.38,43690
"Longueuil",1.854042,32.99,13.36,43690
"Longueuil",1.855133,32.99,13.35,43690
"Longueuil",1.85613,33.01,13.41,43690
"Longueuil",1.854701,33.01,13.43,43690
"Longueuil",1.856489,33.02,13.38,43690
"Longueuil",1.853495,33.03,13.37,43690
"Longueuil",1.856425,33.04,13.39,43690
"Longueuil",1.857091,33.06,13.39,43690
"Longueuil",1.85496,33.07,13.41,43690
"Longueuil",1.855871,33.07,13.44,43690
"Longueuil",1.856562,33.08,13.43,43690
"Longueuil",1.855606,33.09,13.41,43690
"Longueuil",1.855476,33.09,13.45,43690
"Longueuil",1.856501,33.08,13.45,43690
"Longueuil",1.855914,33.09,13.38,43690
"Longueuil",1.85598,33,13.4,43690
"Longueuil",1.856283,32.96,13.38,43690
"Longueuil",1.854118,33.05,13.35,43690
"Longueuil",1.852628,33.07,13.32,43690
"Longueuil",1.855293,33.11,13.36,43690
"Longueuil",1.855184,33.13,13.37,43690
"Longueuil",1.855357,33.14,13.33,43690
"Longueuil",1.855441,33.15,13.34,43690
"Longueuil",1.85365,33.17,13.33,43690
"Longueuil",1.854284,33.17,13.39,43690
"Longueuil",1.853488,33.19,13.34,43690
"Longueuil",1.852669,33.21,13.38,43690
"Longueuil",1.854665,33.2,13.37,43690
"Longueuil",1.853007,32.91,13.38,43690
"Longueuil",1.855072,33.22,13.36,43690
"Longueuil",1.850911,33.21,13.37,43690
"Longueuil",1.852707,33.22,13.4,43690
"Longueuil",1.851532,33.22,13.34,43690
"Longueuil",1.851438,33.24,13.37,43690
"Longueuil",1.852837,33.25,13.36,43690
"Longueuil",1.852798,33.25,13.33,43690
"Longueuil",1.854505,33.27,13.39,43690
"Longueuil",1.853671,33.28,13.42,43690
"Longueuil",1.853083,33.27,13.39,43690
"Longueuil",1.856463,33.27,13.37,43690
"Longueuil",1.852094,33.29,13.38,43690
"Longueuil",1.855217,33.29,13.44,43690
"Longueuil",1.854289,33.29,13.42,43690
"Longueuil",1.854553,33.29,13.44,43690
"Longueuil",1.854495,33.29,13.43,43690
"Longueuil",1.853783,33.29,13.4,43690
"Longueuil",1.852783,33.16,13.42,43690
"Longueuil",1.853284,33.19,13.42,43690
"Longueuil",1.851679,33.23,13.38,43690
"Longueuil",1.852572,33.27,13.4,43690
"Longueuil",1.851219,33.28,13.4,43690
"Longueuil",1.853951,33.29,13.39,43690
"Longueuil",1.853877,33.31,13.4,43690
"Longueuil",1.851237,33.32,13.37,43690
"Longueuil",1.852358,33.31,13.37,43690
"Longueuil",1.851715,33.32,13.38,43690
"Longueuil",1.853132,33.31,13.34,43690
"Longueuil",1.854332,33.34,13.36,43690
"Longueuil",1.85232,33.34,13.34,43690
"Longueuil",1.856229,33.35,13.36,43690
"Longueuil",1.852722,33.36,13.4,43690
"Longueuil",1.852806,33.37,13.38,43690
"Longueuil",1.852854,33.37,13.38,43690
"Longueuil",1.851888,33.38,13.41,43690
"Longueuil",1.852117,33.39,13.4,43690
"Longueuil",1.852206,33.38,13.39,43690
"Longueuil",1.852727,33.39,13.39,43690
"Longueuil",1.853795,33.4,13.4,43690
"Longueuil",1.852003,33.4,13.4,43690
"Longueuil",1.855349,33.4,13.43,43690
"Longueuil",1.855812,33.41,13.4,43690
"Longueuil",1.854525,33.41,13.38,43690
"Longueuil",1.854279,33.41,13.37,43690
"Longueuil",1.855685,33.42,13.35,43690
"Longueuil",1.857018,33.42,13.34,43690
"Longueuil",1.85449,33.42,13.36,43690
"Longueuil",1.855247,33.43,13.39,43690
"Longueuil",1.856133,33.44,13.4,43690
"Longueuil",1.854551,33.44,13.4,43690
"Longueuil",1.852974,33.45,13.42,43690
"Longueuil",1.854073,33.45,13.38,43690
"Longueuil",1.854174,33.46,13.4,43690
"Longueuil",1.854612,33.46,13.42,43690
"Longueuil",1.853696,33.47,13.46,43690
"Longueuil",1.854658,33.48,13.42,43690
"Longueuil",1.856092,33.46,13.41,43690
"Longueuil",1.853701,33.47,13.43,43690
"Longueuil",1.856522,33.47,13.39,43690
"Longueuil",1.858126,33.47,13.38,43690
"Longueuil",1.854706,33.47,13.4,43690
"Longueuil",1.855095,33.48,13.4,43690
"Longueuil",1.85701,33.47,13.38,43690
"Longueuil",1.858335,33.48,13.35,43690
"Longueuil",1.856799,33.46,13.31,43690
"Longueuil",1.85585,33.46,13.33,43690
"Longueuil",1.85806,33.38,13.32,43690
"Longueuil",1.858632,33.26,13.3,43690
"Longueuil",1.858182,33.34,13.3,43690
"Longueuil",1.858566,33.4,13.3,43690
"Longueuil",1.862078,33.42,13.34,43690
"Longueuil",1.859744,33.44,13.37,43690
"Longueuil",1.857714,33.48,13.36,43690
"Longueuil",1.860466,33.32,13.37,43690
"Longueuil",1.861046,33.5,13.39,43690
"Longueuil",1.86219,33.49,13.38,43690
"Longueuil",1.860781,33.51,13.38,43690
"Longueuil",1.861285,33.51,13.42,43690
"Longueuil",1.859362,33.52,13.39,43690
"Longueuil",1.860741,33.3,13.37,43690
"Longueuil",1.860578,33.52,13.41,43690
"Longueuil",1.863892,33.53,13.39,43690
"Longueuil",1.863675,33.53,13.37,43690
"Longueuil",1.860517,33.53,13.37,43690
"Longueuil",1.862989,33.52,13.36,43690
"Longueuil",1.860552,33.55,13.39,43690
"Longueuil",1.864771,33.54,13.39,43690
"Longueuil",1.860883,33.55,13.4,43690
"Longueuil",1.861903,33.54,13.4,43690
"Longueuil",1.862053,33.54,13.38,43690
"Longueuil",1.86336,33.55,13.41,43690
"Longueuil",1.862066,33.54,13.38,43690
"Longueuil",1.864217,33.55,13.42,43690
"Longueuil",1.862666,33.54,13.36,43690
"Longueuil",1.865649,33.54,13.33,43690
"Longueuil",1.865507,33.56,13.36,43690
"Longueuil",1.864428,33.55,13.34,43690
"Longueuil",1.864113,33.57,13.37,43690
"Longueuil",1.864665,33.56,13.33,43690
"Longueuil",1.86412,33.58,13.36,43690
"Longueuil",1.865545,33.57,13.37,43690
"Longueuil",1.866809,33.58,13.34,43690
"Longueuil",1.866638,33.58,13.38,43690
"Longueuil",1.868131,33.58,13.39,43690
"Longueuil",1.866824,33.59,13.43,43690
"Longueuil",1.866488,33.58,13.39,43690
"Longueuil",1.86718,33.45,13.4,43690
"Longueuil",1.867154,33.46,13.38,43690
"Longueuil",1.866437,33.52,13.37,43690
"Longueuil",1.867518,33.53,13.37,43690
"Longueuil",1.868421,33.54,13.35,43690
"Longueuil",1.869479,33.53,13.35,43690
"Longueuil",1.867978,33.55,13.36,43690
"Longueuil",1.869906,33.56,13.35,43690
"Longueuil",1.868846,33.56,13.35,43690
"Longueuil",1.870219,33.58,13.31,43690
"Longueuil",1.869642,33.55,13.31,43690
"Longueuil",1.871447,33.55,13.34,43690
"Longueuil",1.871302,33.54,13.34,43690
"Longueuil",1.869568,33.54,13.33,43690
"Longueuil",1.87088,33.55,13.32,43690
"Longueuil",1.8722,33.44,13.32,43690
"Longueuil",1.872632,33.41,13.3,43690
"Longueuil",1.873085,33.49,13.33,43690
"Longueuil",1.872325,33.53,13.38,43690
"Longueuil",1.872327,33.29,13.35,43690
"Longueuil",1.874776,33.58,13.34,43690
"Longueuil",1.871905,33.58,13.34,43690
"Longueuil",1.873431,33.59,13.33,43690
"Longueuil",1.874527,33.61,13.34,43690
"Longueuil",1.874606,33.61,13.35,43690
"Longueuil",1.873533,33.6,13.33,43690
"Longueuil",1.873423,33.6,13.35,43690
"Longueuil",1.872632,33.62,13.36,43690
"Longueuil",1.877065,33.61,13.36,43690
"Longueuil",1.874146,33.63,13.41,43690
"Longueuil",1.87631,33.61,13.39,43690
"Longueuil",1.875132,33.62,13.34,43690
"Longueuil",1.875615,33.6,13.35,43690
"Longueuil",1.874827,33.62,13.34,43690
"Longueuil",1.877009,33.62,13.34,43690
"Longueuil",1.874987,33.61,13.31,43690
"Longueuil",1.877075,33.63,13.32,43690
"Longueuil",1.877454,33.63,13.33,43690
"Longueuil",1.878309,33.62,13.33,43690
"Longueuil",1.879,33.64,13.31,43690
"Longueuil",1.878446,33.63,13.31,43690
"Longueuil",1.878329,33.64,13.31,43690
"Longueuil",1.878006,33.63,13.3,43690
"Longueuil",1.880007,33.64,13.33,43690
"Longueuil",1.878248,33.65,13.33,43690
"Longueuil",1.882497,33.64,13.33,43690
"Longueuil",1.880241,33.64,13.31,43690
"Longueuil",1.880274,33.66,13.31,43690
"Longueuil",1.878657,33.66,13.31,43690
"Longueuil",1.880196,33.65,13.31,43690
"Longueuil",1.881922,33.67,13.34,43690
"Longueuil",1.883675,33.68,13.33,43690
"Longueuil",1.880371,33.67,13.34,43690
"Longueuil",1.881289,33.68,13.34,43690
"Longueuil",1.884277,33.47,13.39,43690
"Longueuil",1.881589,33.69,13.39,43690
"Longueuil",1.884799,33.69,13.4,43690
"Longueuil",1.883196,33.7,13.39,43690
"Longueuil",1.886487,33.7,13.42,43690
"Longueuil",1.886073,33.7,13.39,43690
"Longueuil",1.887444,33.71,13.38,43690
"Longueuil",1.887212,33.7,13.38,43690
"Longueuil",1.886642,33.69,13.32,43690
"Longueuil",1.888555,33.68,13.3,43690
"Longueuil",1.889175,33.68,13.34,43690
"Longueuil",1.890188,33.69,13.33,43690
"Longueuil",1.88961,33.7,13.34,43690
"Longueuil",1.889913,33.71,13.31,43690
"Longueuil",1.890696,33.7,13.3,43690
"Longueuil",1.889623,33.7,13.3,43690
"Longueuil",1.890973,33.72,13.29,43690
"Longueuil",1.890701,33.71,13.31,43690
"Longueuil",1.89373,33.72,13.31,43690
"Longueuil",1.894033,33.71,13.31,43690
"Longueuil",1.894173,33.72,13.32,43690
"Longueuil",1.893552,33.59,13.31,43690
"Longueuil",1.895144,33.63,13.38,43690
"Longueuil",1.894864,33.69,13.38,43690
"Longueuil",1.894035,33.71,13.33,43690
"Longueuil",1.897987,33.71,13.31,43690
"Longueuil",1.894786,33.72,13.31,43690
"Longueuil",1.896578,33.42,13.33,43690
"Longueuil",1.897746,33.73,13.36,43690
"Longueuil",1.898201,33.74,13.4,43690
"Longueuil",1.898493,33.77,13.42,43690
"Longueuil",1.898458,33.76,13.38,43690
"Longueuil",1.89902,33.76,13.37,43690
"Longueuil",1.899139,33.76,13.38,43690
"Longueuil",1.899445,33.75,13.35,43690
"Longueuil",1.901133,33.76,13.39,43690
"Longueuil",1.904292,33.77,13.36,43690
"Longueuil",1.902494,33.77,13.38,43690
"Longueuil",1.902028,33.76,13.34,43690
"Longueuil",1.904846,33.77,13.37,43690
"Longueuil",1.907127,33.78,13.36,43690
"Longueuil",1.903524,33.78,13.35,43690
"Longueuil",1.906873,33.78,13.34,43690
"Longueuil",1.906718,33.79,13.36,43690
"Longueuil",1.907778,33.79,13.33,43690
"Longueuil",1.907148,33.78,13.3,43690
"Longueuil",1.910512,33.79,13.32,43690
"Longueuil",1.910517,33.78,13.3,43690
"Longueuil",1.910683,33.78,13.32,43690
"Longueuil",1.910945,33.78,13.28,43690
"Longueuil",1.911046,33.8,13.31,43690
"Longueuil",1.914019,33.8,13.3,43690
"Longueuil",1.9139,33.81,13.36,43690
"Longueuil",1.915092,33.82,13.36,43690
"Longueuil",1.916964,33.82,13.36,43690
"Longueuil",1.915955,33.67,13.33,43690
"Longueuil",1.917898,33.7,13.3,43690
"Longueuil",1.917913,33.75,13.35,43690
"Longueuil",1.918096,33.77,13.3,43690
"Longueuil",1.921705,33.77,13.32,43690
"Longueuil",1.919312,33.8,13.35,43690
"Longueuil",1.921389,33.8,13.3,43690
"Longueuil",1.924594,33.81,13.31,43690
"Longueuil",1.921066,33.82,13.31,43690
"Longueuil",1.924294,33.83,13.33,43690
"Longueuil",1.926295,33.83,13.36,43690
"Longueuil",1.926104,33.83,13.37,43690
"Longueuil",1.927633,33.83,13.34,43690
"Longueuil",1.930501,33.84,13.37,43690
"Longueuil",1.927648,33.84,13.39,43690
"Longueuil",1.930066,33.85,13.43,43690
"Longueuil",1.928121,33.86,13.44,43690
"Longueuil",1.933952,33.85,13.37,43690
"Longueuil",1.931719,33.86,13.36,43690
"Longueuil",1.933955,33.85,13.32,43690
"Longueuil",1.933685,33.83,13.31,43690
"Longueuil",1.936259,33.84,13.34,43690
"Longueuil",1.936457,33.84,13.34,43690
"Longueuil",1.936445,33.85,13.34,43690
"Longueuil",1.936968,33.84,13.31,43690
"Longueuil",1.94015,33.84,13.31,43690
"Longueuil",1.938466,33.85,13.31,43690
"Longueuil",1.941427,33.86,13.36,43690
"Longueuil",1.94118,33.85,13.33,43690
"Longueuil",1.940669,33.85,13.35,43690
"Longueuil",1.941233,33.86,13.38,43690
"Longueuil",1.942795,33.86,13.36,43690
"Longueuil",1.943288,33.87,13.4,43690
"Longueuil",1.946673,33.86,13.34,43690
"Longueuil",1.948046,33.85,13.34,43690
"Longueuil",1.948911,33.85,13.31,43690
"Longueuil",1.947116,33.85,13.33,43690
"Longueuil",1.946612,33.85,13.31,43690
"Longueuil",1.947637,33.84,13.31,43690
"Longueuil",1.945956,33.84,13.32,43690
"Longueuil",1.949974,33.83,13.32,43690
"Longueuil",2.293991,33.82,13.36,43690
"Longueuil",3.110446,33.82,13.37,43690
"Longueuil",1.96905,33.81,13.39,43690
"Longueuil",1.954697,33.79,13.41,43690
"Longueuil",1.954577,33.77,13.4,43690
"Longueuil",1.95416,33.77,13.4,43690
"Longueuil",1.954531,33.73,13.43,43690
"Longueuil",1.954234,33.73,13.4,43690
"Longueuil",1.955986,33.72,13.39,43690
"Longueuil",1.955213,33.68,13.41,43690
"Longueuil",1.955706,33.65,13.39,43690
"Longueuil",1.956869,33.64,13.4,43690
"Longueuil",1.960335,33.6,13.37,43690
"Longueuil",1.960676,33.58,13.38,43690
"Longueuil",1.960009,33.55,13.39,43690
"Longueuil",1.961444,33.54,13.36,43690
"Longueuil",1.964094,33.51,13.35,43690
"Longueuil",1.965032,33.47,13.36,43690
"Longueuil",1.965469,33.47,13.38,43690
"Longueuil",1.966044,33.45,13.42,43690
"Longueuil",1.967829,33.43,13.42,43690
"Longueuil",1.968007,33.4,13.4,43690
"Longueuil",1.970591,33.37,13.37,43690
"Longueuil",1.971527,33.33,13.37,43690
"Longueuil",1.974276,33.31,13.33,43690
"Longueuil",1.974757,33.3,13.34,43690
"Longueuil",1.976392,33.27,13.35,43690
"Longueuil",1.974497,33.24,13.34,43690
"Longueuil",1.975789,33.13,13.34,43690
"Longueuil",1.977918,33.08,13.32,43690
"Longueuil",1.978531,33.1,13.31,43690
"Longueuil",1.980583,33.1,13.31,43690
"Longueuil",1.982872,33.09,13.29,43690
"Longueuil",1.982786,33.07,13.3,43690
"Longueuil",1.985029,33.06,13.32,43690
"Longueuil",1.984492,33.06,13.33,43690
"Longueuil",1.988073,33.05,13.33,43690
"Longueuil",1.988752,33.02,13.29,43690
"Longueuil",1.986916,32.99,13.29,43690
"Longueuil",1.989281,32.97,13.28,43690
"Longueuil",1.989166,32.96,13.29,43690
"Longueuil",1.990852,32.94,13.29,43690
"Longueuil",1.990893,32.92,13.27,43690
"Longueuil",1.994926,32.92,13.31,43690
"Longueuil",1.993759,32.92,13.29,43690
"Longueuil",1.995216,32.89,13.28,43690
"Longueuil",1.996758,32.87,13.31,43690
"Longueuil",1.998578,32.74,13.31,43690
"Longueuil",1.998802,32.71,13.33,43690
"Longueuil",2.003192,32.76,13.34,43690
"Longueuil",1.999743,32.75,13.37,43690
"Longueuil",1.998726,32.76,13.33,43690
"Longueuil",2.002431,32.75,13.39,43690
"Longueuil",2.004191,32.73,13.37,43690
"Longueuil",2.005931,32.71,13.33,43690
"Longueuil",2.005643,32.69,13.34,43690
"Longueuil",2.008334,32.68,13.34,43690
"Longueuil",2.01138,32.65,13.31,43690
"Longueuil",2.009026,32.65,13.37,43690
"Longueuil",2.010132,32.64,13.33,43690
"Longueuil",2.013067,32.63,13.33,43690
"Longueuil",2.013776,32.61,13.32,43690
"Longueuil",2.015839,32.6,13.37,43690
"Longueuil",2.016009,32.58,13.39,43690
"Longueuil",2.017174,32.56,13.38,43690
"Longueuil",2.018443,32.56,13.36,43690
"Longueuil",2.020833,32.53,13.34,43690
"Longueuil",2.023539,32.51,13.36,43690
"Longueuil",2.024279,32.5,13.41,43690
"Longueuil",2.025508,32.49,13.41,43690
"Longueuil",2.026118,32.47,13.37,43690
"Longueuil",2.029279,32.47,13.39,43690
"Longueuil",2.0295,32.46,13.38,43690
"Longueuil",2.031255,32.44,13.35,43690
"Longueuil",2.03359,32.42,13.34,43690
"Longueuil",2.033396,32.41,13.35,43690
"Longueuil",2.034096,32.38,13.33,43690
"Longueuil",2.035167,32.38,13.31,43690
"Longueuil",2.035271,32.35,13.32,43690
"Longueuil",2.038757,32.35,13.31,43690
"Longueuil",2.038203,32.42,13.3,43690
"Longueuil",2.037984,32.35,13.36,43690
"Longueuil",2.03978,32.36,13.4,43690
"Longueuil",2.040029,32.33,13.38,43690
"Longueuil",2.045227,32.32,13.38,43690
"Longueuil",2.04675,32.32,13.39,43690
"Longueuil",2.046557,32.29,13.37,43690
"Longueuil",2.044103,32.28,13.39,43690
"Longueuil",2.048436,32.27,13.38,43690
"Longueuil",2.050278,32.26,13.33,43690
"Longueuil",2.05247,32.24,13.36,43690
"Longueuil",2.056424,32.22,13.34,43690
"Longueuil",2.055219,32.23,13.35,43690
"Longueuil",2.056107,32.2,13.36,43690
"Longueuil",2.055369,32.2,13.37,43690
"Longueuil",2.059128,32.2,13.37,43690
"Longueuil",2.059095,32.18,13.4,43690
"Longueuil",2.060043,32.17,13.4,43690
"Longueuil",2.061343,32.18,13.39,43690
"Longueuil",2.065048,32.15,13.37,43690
"Longueuil",2.066994,32.15,13.33,43690
"Longueuil",2.065002,32.12,13.31,43690
"Longueuil",2.065898,32.12,13.33,43690
"Longueuil",2.068898,32.11,13.34,43690
"Longueuil",2.068825,32.11,13.37,43690
"Longueuil",2.069448,32.11,13.39,43690
"Longueuil",2.072184,32.1,13.39,43690
"Longueuil",2.072978,32.09,13.36,43690
"Longueuil",2.074115,32.08,13.36,43690
"Longueuil",2.074193,32.06,13.35,43690
"Longueuil",2.077431,32.06,13.37,43690
"Longueuil",2.078257,32.05,13.36,43690
"Longueuil",2.079628,32.05,13.38,43690
"Longueuil",2.078534,32.04,13.39,43690
"Longueuil",2.079776,32.02,13.35,43690
"Longueuil",2.082357,32.05,13.36,43690
"Longueuil",2.084913,32.01,13.35,43690
"Longueuil",2.083115,32.01,13.4,43690
"Longueuil",2.08475,32,13.37,43690
"Longueuil",2.087138,31.98,13.37,43690
"Longueuil",2.084018,31.97,13.43,43690
"Longueuil",2.086126,31.96,13.37,43690
"Longueuil",2.08768,31.96,13.33,43690
"Longueuil",2.087713,31.94,13.35,43690
"Longueuil",2.089658,32.02,13.32,43690
"Longueuil",2.091316,31.93,13.32,43690
"Longueuil",2.089633,31.92,13.3,43690
"Longueuil",2.092534,31.93,13.31,43690
"Longueuil",2.094783,31.9,13.32,43690
"Longueuil",2.096046,31.9,13.36,43690
"Longueuil",2.096054,31.9,13.35,43690
"Longueuil",2.099414,31.89,13.35,43690
"Longueuil",2.09849,31.89,13.37,43690
"Longueuil",2.100677,31.89,13.38,43690
"Longueuil",2.100021,31.89,13.41,43690
"Longueuil",2.101649,31.88,13.44,43690
"Longueuil",2.10262,31.88,13.42,43690
"Longueuil",2.102877,31.87,13.42,43690
"Longueuil",2.103429,31.85,13.37,43690
"Longueuil",2.103602,31.84,13.38,43690
"Longueuil",2.103882,31.85,13.38,43690
"Longueuil",2.107959,31.85,13.4,43690
"Longueuil",2.108142,31.83,13.39,43690
"Longueuil",2.108582,31.81,13.4,43690
"Longueuil",2.11188,31.82,13.44,43690
"Longueuil",2.111448,31.82,13.42,43690
"Longueuil",2.112976,31.82,13.44,43690
"Longueuil",2.113281,31.79,13.43,43690
"Longueuil",2.116,31.79,13.46,43690
"Longueuil",2.117617,31.8,13.41,43690
"Longueuil",2.121,31.77,13.39,43690
"Longueuil",2.121653,31.77,13.41,43690
"Longueuil",2.123255,31.77,13.4,43690
"Longueuil",2.126188,31.77,13.39,43690
"Longueuil",2.128385,31.75,13.38,43690
"Longueuil",2.129588,31.76,13.39,43690
"Longueuil",2.13103,31.76,13.39,43690
"Longueuil",2.132286,31.78,13.41,43690
"Longueuil",2.13371,31.77,13.37,43690
"Longueuil",2.135719,31.8,13.39,43690
"Longueuil",2.138171,31.8,13.41,43690
"Longueuil",2.136935,31.8,13.4,43690
"Longueuil",2.142087,31.82,13.38,43690
"Longueuil",2.141139,31.83,13.42,43690
"Longueuil",2.141477,31.85,13.36,43690
"Longueuil",2.144124,31.86,13.38,43690
"Longueuil",2.142807,31.88,13.38,43690
"Longueuil",2.144346,31.9,13.38,43690
"Longueuil",2.147275,31.92,13.44,43690
"Longueuil",2.148664,32.05,13.43,43690
"Longueuil",2.153325,31.95,13.41,43690
"Longueuil",2.152822,31.97,13.44,43690
"Longueuil",2.155665,32.13,13.42,43690
"Longueuil",2.15789,32.01,13.39,43690
"Longueuil",2.159335,32.02,13.39,43690
"Longueuil",2.160512,32.04,13.4,43690
"Longueuil",2.160995,32.06,13.38,43690
"Longueuil",2.161705,32.07,13.39,43690
"Longueuil",2.161031,32.1,13.41,43690
"Longueuil",2.164029,32.18,13.43,43690
"Longueuil",2.167201,32.15,13.42,43690
"Longueuil",2.165868,32.15,13.42,43690
"Longueuil",2.171061,32.17,13.39,43690
"Longueuil",2.172404,32.2,13.36,43690
"Longueuil",2.17349,32.2,13.36,43690
"Longueuil",2.176501,32.22,13.34,43690
"Longueuil",2.175822,32.24,13.37,43690
"Longueuil",2.177447,32.25,13.35,43690
"Longueuil",2.175858,32.26,13.3,43690
"Longueuil",2.180367,32.28,13.37,43690
"Longueuil",2.178487,32.31,13.33,43690
"Longueuil",2.181737,32.35,13.32,43690
"Longueuil",2.183423,32.33,13.32,43690
"Longueuil",2.184036,32.35,13.32,43690
"Longueuil",2.184443,32.38,13.34,43690
"Longueuil",2.187202,32.38,13.35,43690
"Longueuil",2.189051,32.41,13.34,43690
"Longueuil",2.19091,32.43,13.34,43690
"Longueuil",2.188126,32.44,13.3,43690
"Longueuil",2.193135,32.47,13.37,43690
"Longueuil",2.190989,32.43,13.36,43690
"Longueuil",2.194471,32.5,13.34,43690
"Longueuil",2.195025,32.5,13.31,43690
"Longueuil",2.194496,32.49,13.33,43690
"Longueuil",2.197174,32.53,13.33,43690
"Longueuil",2.198583,32.56,13.3,43690
"Longueuil",2.200961,32.56,13.34,43690
"Longueuil",2.200498,32.58,13.34,43690
"Longueuil",2.2021,32.59,13.35,43690
"Longueuil",2.202222,32.61,13.36,43690
"Longueuil",2.204137,32.63,13.37,43690
"Longueuil",2.204486,32.66,13.36,43690
"Longueuil",2.206299,32.65,13.4,43690
"Longueuil",2.207647,32.66,13.33,43690
"Longueuil",2.204905,32.69,13.36,43690
"Longueuil",2.209343,32.7,13.35,43690
"Longueuil",2.210315,32.7,13.32,43690
"Longueuil",2.211268,32.71,13.33,43690
"Longueuil",2.21387,32.72,13.35,43690
"Longueuil",2.21214,32.73,13.37,43690
"Longueuil",2.216069,32.74,13.34,43690
"Longueuil",2.215996,32.76,13.37,43690
"Longueuil",2.217962,32.77,13.39,43690
"Longueuil",2.217379,32.82,13.36,43690
"Longueuil",2.220174,32.8,13.38,43690
"Longueuil",2.218488,32.82,13.38,43690
"Longueuil",2.22123,32.83,13.4,43690
"Longueuil",2.22099,32.84,13.37,43690
"Longueuil",2.219342,32.85,13.34,43690
"Longueuil",2.220398,32.87,13.35,43690
"Longueuil",2.223867,32.89,13.36,43690
"Longueuil",2.223157,32.9,13.33,43690
"Longueuil",2.22226,32.69,13.34,43690
"Longueuil",2.224571,32.91,13.34,43690
"Longueuil",2.225202,32.92,13.33,43690
"Longueuil",2.224948,32.94,13.35,43690
"Longueuil",2.225548,32.96,13.33,43690
"Longueuil",2.226583,32.96,13.37,43690
"Longueuil",2.224584,32.97,13.37,43690
"Longueuil",2.229535,32.99,13.4,43690
"Longueuil",2.230095,33,13.43,43690
"Longueuil",2.22949,33.02,13.43,43690
"Longueuil",2.228175,33.03,13.39,43690
"Longueuil",2.229154,33.02,13.39,43690
"Longueuil",2.230232,33.03,13.38,43690
"Longueuil",2.230281,33.03,13.37,43690
"Longueuil",2.228505,33.06,13.36,43690
"Longueuil",2.232201,33.05,13.37,43690
"Longueuil",2.234462,33.06,13.34,43690
"Longueuil",2.230914,33.07,13.35,43690
"Longueuil",2.235873,33.07,13.34,43690
"Longueuil",2.237905,33.09,13.37,43690
"Longueuil",2.238281,33.08,13.34,43690
"Longueuil",2.237104,33.1,13.33,43690
"Longueuil",2.236722,33.09,13.34,43690
"Longueuil",2.237872,33.11,13.32,43690
"Longueuil",2.239761,33.04,13.32,43690
"Longueuil",2.237038,33.14,13.3,43690
"Longueuil",2.238846,33.15,13.34,43690
"Longueuil",2.23907,33.15,13.32,43690
"Longueuil",2.240133,33.15,13.3,43690
"Longueuil",2.240891,33.16,13.29,43690
"Longueuil",2.242188,33.17,13.28,43690
"Longueuil",2.241323,33.18,13.3,43690
"Longueuil",2.241824,33.18,13.28,43690
"Longueuil",2.242727,33.21,13.28,43690
"Longueuil",2.242241,33.21,13.3,43690
"Longueuil",2.242282,33.21,13.31,43690
"Longueuil",2.245201,33.22,13.31,43690
"Longueuil",2.243256,33.23,13.31,43690
"Longueuil",2.244059,33.23,13.29,43690
"Longueuil",2.24409,33.23,13.31,43690
"Longueuil",2.245669,33.24,13.31,43690
"Longueuil",2.245603,33.25,13.31,43690
"Longueuil",2.243393,33.25,13.33,43690
"Longueuil",2.245359,33.28,13.38,43690
"Longueuil",2.248706,33.28,13.37,43690
"Longueuil",2.247726,33.3,13.36,43690
"Longueuil",2.247996,33.3,13.36,43690
"Longueuil",2.250486,33.29,13.33,43690
"Longueuil",2.250142,33.3,13.33,43690
"Longueuil",2.249771,33.3,13.35,43690
"Longueuil",2.250506,33.31,13.38,43690
"Longueuil",2.251503,33.33,13.42,43690
"Longueuil",2.250079,33.32,13.43,43690
"Longueuil",2.254222,33.33,13.44,43690
"Longueuil",2.252472,33.34,13.38,43690
"Longueuil",2.251282,33.33,13.37,43690
"Longueuil",2.250806,33.34,13.38,43690
"Longueuil",2.252541,33.36,13.39,43690
"Longueuil",2.252831,33.36,13.36,43690
"Longueuil",2.25176,33.36,13.38,43690
"Longueuil",2.251874,33.37,13.35,43690
"Longueuil",2.252459,33.36,13.34,43690
"Longueuil",2.250618,33.35,13.32,43690
"Longueuil",2.251762,33.12,13.31,43690
"Longueuil",2.255793,33.35,13.29,43690
"Longueuil",2.252568,33.35,13.28,43690
"Longueuil",2.253728,33.37,13.29,43690
"Longueuil",2.255506,33.38,13.31,43690
"Longueuil",2.251806,33.39,13.31,43690
"Longueuil",2.254245,33.4,13.34,43690
"Longueuil",2.254087,33.38,13.3,43690
"Longueuil",2.255086,33.4,13.32,43690
"Longueuil",2.256373,33.4,13.32,43690
"Longueuil",2.25369,33.41,13.31,43690
"Longueuil",2.25589,33.41,13.33,43690
"Longueuil",2.256096,33.41,13.31,43690
"Longueuil",2.254834,33.41,13.32,43690
"Longueuil",2.256101,33.42,13.31,43690
"Longueuil",2.252345,33.43,13.34,43690
"Longueuil",2.265984,33.43,13.33,43690
"Longueuil",2.26343,33.42,13.36,43690
"Longueuil",2.254804,33.43,13.31,43690
"Longueuil",2.256538,33.43,13.31,43690
"Longueuil",2.25588,33.43,13.32,43690
"Longueuil",2.253502,33.45,13.32,43690
"Longueuil",2.254552,33.47,13.32,43690
"Longueuil",2.251996,33.46,13.32,43690
"Longueuil",2.255834,33.47,13.31,43690
"Longueuil",2.252701,33.46,13.3,43690
"Longueuil",2.25382,33.45,13.31,43690
"Longueuil",2.251427,33.46,13.3,43690
"Longueuil",2.250727,33.46,13.3,43690
"Longueuil",2.25413,33.48,13.34,43690
"Longueuil",2.251076,33.48,13.33,43690
"Longueuil",2.250867,33.49,13.34,43690
"Longueuil",2.251971,33.48,13.36,43690
"Longueuil",2.252998,33.49,13.39,43690
"Longueuil",2.254415,33.51,13.41,43690
"Longueuil",2.253385,33.5,13.41,43690
"Longueuil",2.253019,33.49,13.39,43690
"Longueuil",2.254857,33.5,13.38,43690
"Longueuil",2.252658,33.49,13.34,43690
"Longueuil",2.252586,33.49,13.35,43690
"Longueuil",2.252362,33.49,13.38,43690
"Longueuil",2.251722,33.52,13.37,43690
"Longueuil",2.249402,33.5,13.36,43690
"Longueuil",2.251673,33.5,13.38,43690
"Longueuil",2.251485,33.51,13.35,43690
"Longueuil",2.250262,33.52,13.39,43690
"Longueuil",2.25163,33.52,13.38,43690
"Longueuil",2.250361,33.51,13.33,43690
"Longueuil",2.249997,33.52,13.37,43690
"Longueuil",2.249697,33.53,13.36,43690
"Longueuil",2.247737,33.52,13.39,43690
"Longueuil",2.24894,33.53,13.37,43690
"Longueuil",2.246964,33.53,13.37,43690
"Longueuil",2.247559,33.54,13.41,43690
"Longueuil",2.247022,33.54,13.34,43690
"Longueuil",2.247859,33.54,13.33,43690
"Longueuil",2.246394,33.53,13.33,43690
"Longueuil",2.248217,33.55,13.36,43690
"Longueuil",2.245305,33.54,13.33,43690
"Longueuil",2.247197,33.54,13.33,43690
"Longueuil",2.244563,33.54,13.32,43690
"Longueuil",2.246587,33.55,13.35,43690
"Longueuil",2.244965,33.57,13.36,43690
"Longueuil",2.245382,33.57,13.31,43690
"Longueuil",2.244006,33.56,13.33,43690
"Longueuil",2.242856,33.58,13.39,43690
"Longueuil",2.243645,33.57,13.38,43690
"Longueuil",2.245621,33.57,13.34,43690
"Longueuil",2.243365,33.57,13.32,43690
"Longueuil",2.242869,33.58,13.33,43690
"Longueuil",2.241096,33.59,13.31,43690
"Longueuil",2.242358,33.58,13.32,43690
"Longueuil",2.23852,33.59,13.32,43690
"Longueuil",2.240125,33.58,13.35,43690
"Longueuil",2.239782,33.6,13.35,43690
"Longueuil",2.239609,33.61,13.39,43690
"Longueuil",2.239133,33.62,13.39,43690
"Longueuil",2.238553,33.61,13.36,43690
"Longueuil",2.243261,33.63,13.33,43690
"Longueuil",2.239215,33.61,13.34,43690
"Longueuil",2.241709,33.63,13.35,43690
"Longueuil",2.241325,33.63,13.34,43690
"Longueuil",2.241272,33.63,13.34,43690
"Longueuil",2.240105,33.62,13.32,43690
"Longueuil",2.237117,33.62,13.32,43690
"Longueuil",2.238012,33.63,13.29,43690
"Longueuil",2.236801,33.63,13.32,43690
"Longueuil",2.237564,33.63,13.34,43690
"Longueuil",2.239934,33.66,13.31,43690
"Longueuil",2.236033,33.64,13.29,43690
"Longueuil",2.232348,33.65,13.31,43690
"Longueuil",2.23544,33.65,13.33,43690
"Longueuil",2.233505,33.67,13.35,43690
"Longueuil",2.231839,33.67,13.35,43690
"Longueuil",2.232925,33.67,13.35,43690
"Longueuil",2.231201,33.67,13.35,43690
"Longueuil",2.230914,33.66,13.36,43690
"Longueuil",2.228259,33.66,13.33,43690
"Longueuil",2.228554,33.66,13.32,43690
"Longueuil",2.22879,33.67,13.35,43690
"Longueuil",2.230759,33.66,13.31,43690
"Longueuil",2.226852,33.7,13.3,43690
"Longueuil",2.227409,33.73,13.36,43690
"Longueuil",2.228719,33.71,13.36,43690
"Longueuil",2.228343,33.71,13.38,43690
"Longueuil",2.228645,33.71,13.38,43690
"Longueuil",2.227745,33.7,13.41,43690
"Longueuil",2.22803,33.7,13.39,43690
"Longueuil",2.228597,33.71,13.43,43690
"Longueuil",2.226308,33.71,13.41,43690
"Longueuil",2.230588,33.7,13.4,43690
"Longueuil",2.225296,33.7,13.36,43690
"Longueuil",2.225606,33.7,13.38,43690
"Longueuil",2.225528,33.69,13.33,43690
"Longueuil",2.22153,33.69,13.32,43690
"Longueuil",2.223094,33.69,13.3,43690
"Longueuil",2.220395,33.69,13.3,43690
"Longueuil",2.221547,33.68,13.3,43690
"Longueuil",2.223246,33.7,13.3,43690
"Longueuil",2.217608,33.71,13.29,43690
"Longueuil",2.217339,33.71,13.3,43690
"Longueuil",2.218735,33.71,13.3,43690
"Longueuil",2.216716,33.72,13.35,43690
"Longueuil",2.215474,33.72,13.35,43690
"Longueuil",2.216639,33.73,13.39,43690
"Longueuil",2.215663,33.73,13.34,43690
"Longueuil",2.215144,33.72,13.36,43690
"Longueuil",2.215294,33.73,13.38,43690
"Longueuil",2.214114,33.73,13.41,43690
"Longueuil",2.214427,33.73,13.39,43690
"Longueuil",2.210897,33.73,13.36,43690
"Longueuil",2.212613,33.72,13.35,43690
"Longueuil",2.212133,33.73,13.35,43690
"Longueuil",2.211634,33.71,13.38,43690
"Longueuil",2.212883,33.71,13.32,43690
"Longueuil",2.211489,33.7,13.32,43690
"Longueuil",2.212596,33.7,13.31,43690
"Longueuil",2.211535,33.68,13.3,43690
"Longueuil",2.210648,33.65,13.26,43690
"Longueuil",2.211065,33.63,13.26,43690
"Longueuil",2.210396,33.63,13.26,43690
"Longueuil",2.211591,33.62,13.26,43690
"Longueuil",2.206131,33.64,13.27,43690
"Longueuil",2.207649,33.66,13.29,43690
"Longueuil",2.20491,33.56,13.29,43690
"Longueuil",2.203908,33.55,13.3,43690
"Longueuil",2.204509,33.63,13.29,43690
"Longueuil",2.199926,33.66,13.31,43690
"Longueuil",2.198664,33.67,13.28,43690
"Longueuil",2.202594,33.68,13.31,43690
"Longueuil",2.199788,33.69,13.29,43690
"Longueuil",2.199247,33.68,13.3,43690
"Longueuil",2.197965,33.72,13.34,43690
"Longueuil",2.196546,33.72,13.31,43690
"Longueuil",2.19592,33.72,13.31,43690
"Longueuil",2.196683,33.73,13.31,43690
"Longueuil",2.195498,33.71,13.28,43690
"Longueuil",2.194432,33.72,13.31,43690
"Longueuil",2.194331,33.73,13.33,43690
"Longueuil",2.192413,33.73,13.35,43690
"Longueuil",2.192736,33.74,13.37,43690
"Longueuil",2.192101,33.74,13.37,43690
"Longueuil",2.191081,33.74,13.34,43690
"Longueuil",2.1906,33.73,13.31,43690
"Longueuil",2.19194,33.74,13.31,43690
"Longueuil",2.191167,33.74,13.31,43690
"Longueuil",2.18988,33.75,13.34,43690
"Longueuil",2.191483,33.73,13.31,43690
"Longueuil",2.188136,33.75,13.33,43690
"Longueuil",2.189061,33.75,13.36,43690
"Longueuil",2.187675,33.75,13.4,43690
"Longueuil",2.18454,33.75,13.36,43690
"Longueuil",2.18722,33.76,13.38,43690
"Longueuil",2.185766,33.76,13.43,43690
"Longueuil",2.18439,33.75,13.39,43690
"Longueuil",2.182225,33.76,13.4,43690
"Longueuil",2.183322,33.77,13.4,43690
"Longueuil",2.178383,33.76,13.41,43690
"Longueuil",2.176056,33.76,13.44,43690
"Longueuil",2.17719,33.77,13.42,43690
"Longueuil",2.176234,33.77,13.42,43690
"Longueuil",2.176938,33.76,13.43,43690
"Longueuil",2.178596,33.77,13.41,43690
"Longueuil",2.173775,33.77,13.39,43690
"Longueuil",2.175262,33.77,13.42,43690
"Longueuil",2.175044,33.77,13.42,43690
"Longueuil",2.175267,33.77,13.39,43690
"Longueuil",2.174413,33.78,13.41,43690
"Longueuil",2.172821,33.76,13.44,43690
"Longueuil",2.173454,33.78,13.38,43690
"Longueuil",2.172541,33.76,13.44,43690
"Longueuil",2.173236,33.76,13.38,43690
"Longueuil",2.172536,33.76,13.39,43690
"Longueuil",2.171623,33.77,13.39,43690
"Longueuil",2.171122,33.77,13.4,43690
"Longueuil",2.172923,33.77,13.38,43690
"Longueuil",2.169767,33.8,13.39,43690
"Longueuil",2.170507,33.81,13.4,43690
"Longueuil",2.168663,33.81,13.41,43690
"Longueuil",2.168015,33.81,13.41,43690
"Longueuil",2.16493,33.82,13.43,43690
"Longueuil",2.16743,33.81,13.44,43690
"Longueuil",2.165146,33.81,13.39,43690
"Longueuil",2.163617,33.81,13.39,43690
"Longueuil",2.164798,33.81,13.36,43690
"Longueuil",2.164057,33.79,13.36,43690
"Longueuil",2.164561,33.8,13.35,43690
"Longueuil",2.162285,33.81,13.35,43690
"Longueuil",2.161669,33.8,13.31,43690
"Longueuil",2.16335,33.82,13.34,43690
"Longueuil",2.161728,33.82,13.36,43690
"Longueuil",2.161044,33.83,13.34,43690
"Longueuil",2.163376,33.82,13.33,43690
"Longueuil",2.161494,33.81,13.32,43690
"Longueuil",2.160388,33.8,13.31,43690
"Longueuil",2.165293,33.81,13.33,43690
"Longueuil",2.163554,33.83,13.41,43690
"Longueuil",2.162524,33.83,13.37,43690
"Longueuil",2.16434,33.84,13.37,43690
"Longueuil",2.161939,33.84,13.35,43690
"Longueuil",2.16507,33.82,13.31,43690
"Longueuil",2.162857,33.83,13.32,43690
"Longueuil",2.161601,33.83,13.34,43690
"Longueuil",2.161822,33.84,13.34,43690
"Longueuil",2.16273,33.83,13.36,43690
"Longueuil",2.160495,33.83,13.31,43690
"Longueuil",2.163981,33.84,13.31,43690
"Longueuil",2.161339,33.83,13.29,43690
"Longueuil",2.162061,33.82,13.31,43690
"Longueuil",2.161095,33.83,13.33,43690
"Longueuil",2.159383,33.78,13.35,43690
"Longueuil",2.161143,33.72,13.34,43690
"Longueuil",2.159302,33.76,13.33,43690
"Longueuil",2.158142,33.79,13.32,43690
"Longueuil",2.157204,33.81,13.3,43690
"Longueuil",2.156932,33.81,13.32,43690
"Longueuil",2.155149,33.82,13.34,43690
"Longueuil",2.155698,33.81,13.34,43690
"Longueuil",2.156031,33.83,13.34,43690
"Longueuil",2.157061,33.83,13.39,43690
"Longueuil",2.156484,33.84,13.34,43690
"Longueuil",2.156713,33.85,13.37,43690
"Longueuil",2.157196,33.83,13.38,43690
"Longueuil",2.156789,33.85,13.36,43690
"Longueuil",2.157094,33.85,13.37,43690
"Longueuil",2.155505,33.84,13.33,43690
"Longueuil",2.155088,33.83,13.34,43690
"Longueuil",2.156891,33.84,13.35,43690
"Longueuil",2.155385,33.84,13.32,43690
"Longueuil",2.154251,33.83,13.28,43690
"Longueuil",2.15403,33.82,13.31,43690
"Longueuil",2.1564,33.84,13.33,43690
"Longueuil",2.152326,33.85,13.33,43690
"Longueuil",2.153257,33.86,13.33,43690
"Longueuil",2.152026,33.85,13.37,43690
"Longueuil",2.152209,33.86,13.35,43690
"Longueuil",2.153104,33.86,13.36,43690
"Longueuil",2.150492,33.87,13.32,43690
"Longueuil",2.154561,33.86,13.32,43690
"Longueuil",2.153297,33.86,13.35,43690
"Longueuil",2.152817,33.87,13.34,43690
"Longueuil",2.152822,33.87,13.3,43690
"Longueuil",2.152008,33.86,13.29,43690
"Longueuil",2.153956,33.87,13.3,43690
"Longueuil",2.152547,33.88,13.31,43690
"Longueuil",2.155078,33.87,13.3,43690
"Longueuil",2.153964,33.88,13.34,43690
"Longueuil",2.153592,33.88,13.35,43690
"Longueuil",2.154241,33.88,13.34,43690
"Longueuil",2.154277,33.89,13.32,43690
"Longueuil",2.151049,33.88,13.29,43690
"Longueuil",2.153366,33.88,13.31,43690
"Longueuil",2.154307,33.66,13.34,43690
"Longueuil",2.152133,33.87,13.31,43690
"Longueuil",2.151459,33.85,13.29,43690
"Longueuil",2.152679,33.84,13.31,43690
"Longueuil",2.149818,33.82,13.32,43690
"Longueuil",2.148727,33.82,13.31,43690
"Longueuil",2.14857,33.8,13.31,43690
"Longueuil",2.148326,33.78,13.31,43690
"Longueuil",2.147013,33.77,13.33,43690
"Longueuil",2.145424,33.75,13.31,43690
"Longueuil",2.148153,33.72,13.28,43690
"Longueuil",2.146024,33.72,13.33,43690
"Longueuil",2.144508,33.71,13.33,43690
"Longueuil",2.147687,33.68,13.35,43690
"Longueuil",2.148371,33.66,13.34,43690
"Longueuil",2.150169,33.63,13.3,43690
"Longueuil",2.147382,33.6,13.31,43690
"Longueuil",2.147148,33.57,13.3,43690
"Longueuil",2.146072,33.54,13.28,43690
"Longueuil",2.147451,33.52,13.3,43690
"Longueuil",2.145625,33.5,13.28,43690
"Longueuil",2.146057,33.47,13.28,43690
"Longueuil",2.148099,33.44,13.29,43690
"Longueuil",2.146154,33.24,13.31,43690
"Longueuil",2.145902,33.37,13.32,43690
"Longueuil",2.147372,33.35,13.28,43690
"Longueuil",2.145971,33.24,13.31,43690
"Longueuil",2.146116,33.2,13.32,43690
"Longueuil",2.145398,33.24,13.32,43690
"Longueuil",2.142944,33.23,13.31,43690
"Longueuil",2.144676,33.23,13.34,43690
"Longueuil",2.143277,33.22,13.34,43690
"Longueuil",2.142184,33.21,13.36,43690
"Longueuil",2.141988,33.19,13.39,43690
"Longueuil",2.142184,33.16,13.39,43690
"Longueuil",2.140564,33.14,13.42,43690
"Longueuil",2.141736,33.11,13.4,43690
"Longueuil",2.141538,33.09,13.41,43690
"Longueuil",2.143667,33.06,13.36,43690
"Longueuil",2.14312,33.03,13.33,43690
"Longueuil",2.141772,33.01,13.32,43690
"Longueuil",2.142784,32.99,13.31,43690
"Longueuil",2.142006,32.98,13.31,43690
"Longueuil",2.141787,32.94,13.31,43690
"Longueuil",2.14151,32.93,13.35,43690
"Longueuil",2.142451,32.91,13.34,43690
"Longueuil",2.140956,32.89,13.35,43690
"Longueuil",2.142286,32.87,13.34,43690
"Longueuil",2.142553,32.86,13.36,43690
"Longueuil",2.141935,32.83,13.35,43690
"Longueuil",2.142502,32.81,13.35,43690
"Longueuil",2.142151,32.8,13.37,43690
"Longueuil",2.142375,32.76,13.36,43690
"Longueuil",2.142197,32.74,13.31,43690
"Longueuil",2.141932,32.71,13.3,43690
"Longueuil",2.139196,32.59,13.34,43690
"Longueuil",2.139302,32.55,13.35,43690
"Longueuil",2.13723,32.58,13.36,43690
"Longueuil",2.139783,32.6,13.37,43690
"Longueuil",2.138911,32.6,13.38,43690
"Longueuil",2.136472,32.59,13.4,43690
"Longueuil",2.135216,32.58,13.37,43690
"Longueuil",2.134227,32.59,13.34,43690
"Longueuil",2.135984,32.52,13.36,43690
"Longueuil",2.135757,32.49,13.36,43690
"Longueuil",2.135035,32.48,13.38,43690
"Longueuil",2.134361,32.46,13.39,43690
"Longueuil",2.135679,32.44,13.42,43690
"Longueuil",2.138763,32.42,13.42,43690
"Longueuil",2.136586,32.41,13.4,43690
"Longueuil",2.134463,32.36,13.41,43690
"Longueuil",2.134588,32.31,13.4,43690
"Longueuil",2.135841,32.35,13.41,43690
"Longueuil",2.134961,32.35,13.39,43690
"Longueuil",2.135747,32.35,13.42,43690
"Longueuil",2.13443,32.34,13.45,43690
"Longueuil",2.135506,32.32,13.41,43690
"Longueuil",2.134941,32.31,13.43,43690
"Longueuil",2.134766,32.3,13.44,43690
"Longueuil",2.135137,32.29,13.42,43690
"Longueuil",2.135343,32.28,13.42,43690
"Longueuil",2.133728,32.26,13.41,43690
"Longueuil",2.135796,32.26,13.39,43690
"Longueuil",2.133954,32.25,13.44,43690
"Longueuil",2.132027,32.23,13.39,43690
"Longueuil",2.133548,32.22,13.42,43690
"Longueuil",2.132749,32.2,13.39,43690
"Longueuil",2.133003,32.18,13.37,43690
"Longueuil",2.130569,32.16,13.36,43690
"Longueuil",2.130859,32.15,13.34,43690
"Longueuil",2.13121,32.13,13.34,43690
"Longueuil",2.129845,32.13,13.33,43690
"Longueuil",2.130203,32.13,13.4,43690
"Longueuil",2.129585,32.02,13.43,43690
"Longueuil",2.130989,31.98,13.41,43690
"Longueuil",2.129422,32.05,13.42,43690
"Longueuil",2.130915,32.04,13.38,43690
"Longueuil",2.129084,32.16,13.4,43690
"Longueuil",2.128721,32.04,13.46,43690
"Longueuil",2.129229,32.04,13.42,43690
"Longueuil",2.130605,32.03,13.4,43690
"Longueuil",2.130193,32.02,13.46,43690
"Longueuil",2.129603,32.02,13.41,43690
"Longueuil",2.130463,32,13.39,43690
"Longueuil",2.131429,31.99,13.36,43690
"Longueuil",2.129573,31.98,13.36,43690
"Longueuil",2.129552,31.98,13.38,43690
"Longueuil",2.126841,31.99,13.41,43690
"Longueuil",2.129689,31.97,13.43,43690
"Longueuil",2.127057,31.97,13.43,43690
"Longueuil",2.128899,31.95,13.42,43690
"Longueuil",2.125605,31.94,13.39,43690
"Longueuil",2.126925,31.94,13.37,43690
"Longueuil",2.124944,31.92,13.33,43690
"Longueuil",2.124379,31.91,13.37,43690
"Longueuil",2.124433,31.9,13.38,43690
"Longueuil",2.125748,31.89,13.37,43690
"Longueuil",2.123683,31.88,13.38,43690
"Longueuil",2.121938,31.87,13.36,43690
"Longueuil",2.121447,31.89,13.41,43690
"Longueuil",2.12188,31.88,13.4,43690
"Longueuil",2.124133,31.85,13.41,43690
"Longueuil",2.122581,31.73,13.37,43690
"Longueuil",2.121368,31.69,13.36,43690
"Longueuil",2.1231,31.73,13.41,43690
"Longueuil",2.122393,31.76,13.38,43690
"Longueuil",2.121493,31.76,13.38,43690
"Longueuil",2.122581,31.75,13.37,43690
"Longueuil",2.120829,31.75,13.36,43690
"Longueuil",2.124766,31.74,13.34,43690
"Longueuil",2.12147,31.72,13.36,43690
"Longueuil",2.120895,31.72,13.38,43690
"Longueuil",2.121386,31.71,13.35,43690
"Longueuil",2.120888,31.7,13.4,43690
"Longueuil",2.122223,31.71,13.34,43690
"Longueuil",2.122258,31.71,13.33,43690
"Longueuil",2.122612,31.73,13.38,43690
"Longueuil",2.121806,31.65,13.4,43690
"Longueuil",2.119926,31.61,13.37,43690
"Longueuil",2.120155,31.68,13.34,43690
"Longueuil",2.118622,31.75,13.35,43690
"Longueuil",2.120565,31.77,13.35,43690
"Longueuil",2.120005,31.79,13.33,43690
"Longueuil",2.119334,31.82,13.34,43690
"Longueuil",2.118251,31.83,13.36,43690
"Longueuil",2.117849,31.85,13.35,43690
"Longueuil",2.116697,31.88,13.38,43690
"Longueuil",2.118228,31.89,13.32,43690
"Longueuil",2.116676,31.9,13.31,43690
"Longueuil",2.115936,31.93,13.34,43690
"Longueuil",2.11513,31.94,13.34,43690
"Longueuil",2.117612,31.86,13.38,43690
"Longueuil",2.118019,31.84,13.35,43690
"Longueuil",2.115959,31.92,13.33,43690
"Longueuil",2.116547,31.97,13.32,43690
"Longueuil",2.117928,32,13.3,43690
"Longueuil",2.117126,32.03,13.31,43690
"Longueuil",2.118266,32.06,13.32,43690
"Longueuil",2.117437,32.08,13.34,43690
"Longueuil",2.114535,32.11,13.36,43690
"Longueuil",2.11719,32.13,13.35,43690
"Longueuil",2.116597,32.21,13.31,43690
"Longueuil",2.115883,32.21,13.36,43690
"Longueuil",2.115677,32.18,13.35,43690
"Longueuil",2.117088,32.2,13.37,43690
"Longueuil",2.115476,32.23,13.38,43690
"Longueuil",2.114543,32.25,13.38,43690
"Longueuil",2.11452,32.26,13.38,43690
"Longueuil",2.112005,32.27,13.36,43690
"Longueuil",2.110474,32.41,13.33,43690
"Longueuil",2.110247,32.31,13.33,43690
"Longueuil",2.114288,32.32,13.34,43690
"Longueuil",2.110497,32.35,13.35,43690
"Longueuil",2.111178,32.38,13.35,43690
"Longueuil",2.109985,32.39,13.33,43690
"Longueuil",2.111374,32.41,13.35,43690
"Longueuil",2.10877,32.43,13.31,43690
"Longueuil",2.109174,32.45,13.32,43690
"Longueuil",2.109525,32.46,13.34,43690
"Longueuil",2.109703,32.48,13.34,43690
"Longueuil",2.109474,32.41,13.33,43690
"Longueuil",2.106606,32.36,13.31,43690
"Longueuil",2.107335,32.43,13.32,43690
"Longueuil",2.108312,32.5,13.33,43690
"Longueuil",2.110634,32.51,13.37,43690
"Longueuil",2.108953,32.54,13.31,43690
"Longueuil",2.110825,32.55,13.32,43690
"Longueuil",2.109647,32.59,13.31,43690
"Longueuil",2.107391,32.58,13.31,43690
"Longueuil",2.108274,32.59,13.32,43690
"Longueuil",2.110173,32.6,13.32,43690
"Longueuil",2.107841,32.54,13.32,43690
"Longueuil",2.107569,32.64,13.37,43690
"Longueuil",2.107023,32.65,13.37,43690
"Longueuil",2.107824,32.7,13.34,43690
"Longueuil",2.105077,32.66,13.32,43690
"Longueuil",2.103958,32.68,13.31,43690
"Longueuil",2.106944,32.71,13.35,43690
"Longueuil",2.105782,32.73,13.35,43690
"Longueuil",2.102277,32.74,13.35,43690
"Longueuil",2.103338,32.75,13.33,43690
"Longueuil",2.102216,32.77,13.43,43690
"Longueuil",2.103874,32.79,13.38,43690
"Longueuil",2.102066,32.81,13.39,43690
"Longueuil",2.10424,32.81,13.45,43690
"Longueuil",2.101718,32.82,13.44,43690
"Longueuil",2.103564,32.85,13.41,43690
"Longueuil",2.105448,32.79,13.43,43690
"Longueuil",2.102626,32.87,13.44,43690
"Longueuil",2.101456,32.87,13.42,43690
"Longueuil",2.102033,32.89,13.43,43690
"Longueuil",2.103717,32.9,13.43,43690
"Longueuil",2.103233,32.9,13.41,43690
"Longueuil",2.103505,32.91,13.4,43690
"Longueuil",2.10228,32.92,13.37,43690
"Longueuil",2.101463,32.94,13.37,43690
"Longueuil",2.099442,32.95,13.4,43690
"Longueuil",2.099332,32.97,13.4,43690
"Longueuil",2.100009,32.97,13.42,43690
"Longueuil",2.100642,32.98,13.44,43690
"Longueuil",2.097923,32.99,13.43,43690
"Longueuil",2.099591,33,13.38,43690
"Longueuil",2.096677,33.01,13.39,43690
"Longueuil",2.095317,33.02,13.39,43690
"Longueuil",2.095889,33.02,13.4,43690
"Longueuil",2.094963,33.04,13.38,43690
"Longueuil",2.095891,33.05,13.34,43690
"Longueuil",2.093564,33.04,13.31,43690
"Longueuil",2.093442,33.04,13.3,43690
"Longueuil",2.093452,33.06,13.33,43690
"Longueuil",2.093923,33.08,13.33,43690
"Longueuil",2.092748,33.09,13.33,43690
"Longueuil",2.092997,33.09,13.36,43690
"Longueuil",2.092422,33.11,13.33,43690
"Longueuil",2.093956,33.13,13.35,43690
"Longueuil",2.094106,33.15,13.38,43690
"Longueuil",2.093692,33.16,13.41,43690
"Longueuil",2.091777,33.18,13.45,43690
"Longueuil",2.090106,33.19,13.45,43690
"Longueuil",2.094808,33.19,13.42,43690
"Longueuil",2.091565,33.19,13.41,43690
"Longueuil",2.089862,33.2,13.38,43690
"Longueuil",2.090034,33.21,13.39,43690
"Longueuil",2.089849,33.22,13.4,43690
"Longueuil",2.087087,33.23,13.41,43690
"Longueuil",2.089355,33.23,13.39,43690
"Longueuil",2.086685,32.88,13.42,43690
"Longueuil",2.084544,33.25,13.39,43690
"Longueuil",2.086032,33.26,13.42,43690
"Longueuil",2.086082,33.26,13.42,43690
"Longueuil",2.084854,33.26,13.39,43690
"Longueuil",2.084132,33.27,13.4,43690
"Longueuil",2.083148,33.27,13.42,43690
"Longueuil",2.082133,33.27,13.37,43690
"Longueuil",2.085897,33.28,13.39,43690
"Longueuil",2.082527,33.29,13.37,43690
"Longueuil",2.078995,33.28,13.36,43690
"Longueuil",2.08492,33.26,13.31,43690
"Longueuil",2.081927,33.24,13.31,43690
"Longueuil",2.080762,33.25,13.31,43690
"Longueuil",2.081851,33.28,13.28,43690
"Longueuil",2.079107,33.28,13.29,43690
"Longueuil",2.079274,33.3,13.3,43690
"Longueuil",2.079976,33.31,13.33,43690
"Longueuil",2.079285,33.34,13.37,43690
"Longueuil",2.078519,33.36,13.33,43690
"Longueuil",2.079913,33.35,13.39,43690
"Longueuil",2.077449,33.36,13.34,43690
"Longueuil",2.079203,33.37,13.34,43690
"Longueuil",2.078064,33.36,13.34,43690
"Longueuil",2.077395,33.36,13.4,43690
"Longueuil",2.077248,33.37,13.3,43690
"Longueuil",2.078545,33.38,13.32,43690
"Longueuil",2.075335,33.38,13.33,43690
"Longueuil",2.074387,33.38,13.33,43690
"Longueuil",2.076762,33.4,13.4,43690
"Longueuil",2.074651,33.4,13.36,43690
"Longueuil",2.073807,33.33,13.41,43690
"Longueuil",2.076052,33.28,13.4,43690
"Longueuil",2.076098,33.35,13.36,43690
"Longueuil",2.073906,33.36,13.36,43690
"Longueuil",2.075757,33.39,13.37,43690
"Longueuil",2.072617,33.41,13.37,43690
"Longueuil",2.072856,33.41,13.39,43690
"Longueuil",2.073316,33.43,13.43,43690
"Longueuil",2.073814,33.42,13.42,43690
"Longueuil",2.071465,33.43,13.4,43690
"Longueuil",2.071866,33.44,13.38,43690
"Longueuil",2.071744,33.45,13.38,43690
"Longueuil",2.069982,33.46,13.36,43690
"Longueuil",2.07195,33.45,13.36,43690
"Longueuil",2.070724,33.48,13.38,43690
"Longueuil",2.070918,33.48,13.38,43690
"Longueuil",2.069565,33.47,13.37,43690
"Longueuil",2.070691,33.48,13.36,43690
"Longueuil",2.068527,33.5,13.41,43690
"Longueuil",2.06676,33.48,13.38,43690
"Longueuil",2.069316,33.49,13.37,43690
"Longueuil",2.066444,33.5,13.32,43690
"Longueuil",2.067073,33.5,13.33,43690
"Longueuil",2.063889,33.5,13.31,43690
"Longueuil",2.068718,33.51,13.28,43690
"Longueuil",2.066195,33.51,13.3,43690
"Longueuil",2.065603,33.52,13.31,43690
"Longueuil",2.063975,33.53,13.31,43690
"Longueuil",2.064919,33.53,13.36,43690
"Longueuil",2.062312,33.55,13.35,43690
"Longueuil",2.064906,33.53,13.34,43690
"Longueuil",2.063863,33.53,13.36,43690
"Longueuil",2.063952,33.55,13.4,43690
"Longueuil",2.063438,33.55,13.39,43690
"Longueuil",2.063749,33.56,13.37,43690
"Longueuil",2.063985,33.57,13.37,43690
"Longueuil",2.062945,33.55,13.35,43690
"Longueuil",2.06366,33.57,13.37,43690
"Longueuil",2.06326,33.58,13.39,43690
"Longueuil",2.063909,33.57,13.42,43690
"Longueuil",2.064041,33.58,13.32,43690
"Longueuil",2.062129,33.58,13.35,43690
"Longueuil",2.062434,33.58,13.4,43690
"Longueuil",2.061747,33.59,13.39,43690
"Longueuil",2.060992,33.58,13.34,43690
"Longueuil",2.06411,33.59,13.34,43690
"Longueuil",2.061694,33.6,13.33,43690
"Longueuil",2.062607,33.59,13.35,43690
"Longueuil",2.063141,33.62,13.38,43690
"Longueuil",2.060656,33.61,13.39,43690
"Longueuil",2.060916,33.6,13.37,43690
"Longueuil",2.06076,33.6,13.37,43690
"Longueuil",2.061061,33.6,13.35,43690
"Longueuil",2.057693,33.6,13.31,43690
"Longueuil",2.059787,33.6,13.3,43690
"Longueuil",2.058739,33.6,13.28,43690
"Longueuil",2.058606,33.59,13.3,43690
"Longueuil",2.056419,33.63,13.32,43690
"Longueuil",2.058189,33.66,13.34,43690
"Longueuil",2.056887,33.65,13.38,43690
"Longueuil",2.057899,33.66,13.36,43690
"Longueuil",2.058731,33.64,13.35,43690
"Longueuil",2.057622,33.64,13.39,43690
"Longueuil",2.058955,33.64,13.43,43690
"Longueuil",2.05971,33.63,13.4,43690
"Longueuil",2.057701,33.64,13.41,43690
"Longueuil",2.056897,33.62,13.39,43690
"Longueuil",2.05692,33.62,13.36,43690
"Longueuil",2.057343,33.62,13.34,43690
"Longueuil",2.05659,33.62,13.34,43690
"Longueuil",2.055423,33.61,13.35,43690
"Longueuil",2.05481,33.63,13.34,43690
"Longueuil",2.055923,33.62,13.33,43690
"Longueuil",2.05496,33.6,13.31,43690
"Longueuil",2.055954,33.59,13.32,43690
"Longueuil",2.055425,33.59,13.33,43690
"Longueuil",2.055303,33.59,13.35,43690
"Longueuil",2.052623,33.58,13.36,43690
"Longueuil",2.051964,33.56,13.36,43690
"Longueuil",2.052272,33.54,13.34,43690
"Longueuil",2.051933,33.51,13.35,43690
"Longueuil",2.05396,33.5,13.38,43690
"Longueuil",2.051491,33.5,13.38,43690
"Longueuil",2.053624,33.48,13.4,43690
"Longueuil",2.051552,33.46,13.35,43690
"Longueuil",2.050041,33.44,13.35,43690
"Longueuil",2.049644,33.42,13.36,43690
"Longueuil",2.0497,33.39,13.34,43690
"Longueuil",2.051336,33.36,13.35,43690
"Longueuil",2.050786,33.33,13.37,43690
"Longueuil",2.050908,33.32,13.33,43690
"Longueuil",2.052032,33.3,13.32,43690
"Longueuil",2.051005,33.27,13.28,43690
"Longueuil",2.051028,33.24,13.28,43690
"Longueuil",2.053134,33.22,13.31,43690
"Longueuil",2.04952,33.19,13.31,43690
"Longueuil",2.053172,33.18,13.34,43690
"Longueuil",2.051699,33.15,13.31,43690
"Longueuil",2.049543,33.14,13.29,43690
"Longueuil",2.051097,33.11,13.31,43690
"Longueuil",2.051547,33.08,13.32,43690
"Longueuil",2.051618,33.08,13.3,43690
"Longueuil",2.050853,33.05,13.33,43690
"Longueuil",2.052635,32.8,13.31,43690
"Longueuil",2.052589,32.99,13.3,43690
"Longueuil",2.048927,32.87,13.32,43690
"Longueuil",2.050064,32.84,13.36,43690
"Longueuil",2.047607,32.87,13.33,43690
"Longueuil",2.049026,32.88,13.32,43690
"Longueuil",2.048953,32.85,13.34,43690
"Longueuil",2.049484,32.85,13.36,43690
"Longueuil",2.051735,32.83,13.36,43690
"Longueuil",2.048538,32.81,13.38,43690
"Longueuil",2.048856,32.81,13.39,43690
"Longueuil",2.049573,32.77,13.42,43690
"Longueuil",2.048668,32.77,13.45,43690
"Longueuil",2.049553,32.75,13.44,43690
"Longueuil",2.05011,32.72,13.43,43690
"Longueuil",2.050883,32.7,13.42,43690
"Longueuil",2.049863,32.68,13.39,43690
"Longueuil",2.049199,32.66,13.36,43690
"Longueuil",2.048322,32.64,13.34,43690
"Longueuil",2.050179,32.62,13.3,43690
"Longueuil",2.051381,32.6,13.33,43690
"Longueuil",2.051643,32.6,13.36,43690
"Longueuil",2.049675,32.57,13.36,43690
"Longueuil",2.050265,32.56,13.37,43690
"Longueuil",2.049385,32.54,13.36,43690
"Longueuil",2.051404,32.52,13.36,43690
"Longueuil",2.050372,32.5,13.34,43690
"Longueuil",2.051041,32.53,13.39,43690
"Longueuil",2.051038,32.46,13.41,43690
"Longueuil",2.049721,32.46,13.4,43690
"Longueuil",2.048912,32.44,13.39,43690
"Longueuil",2.050903,32.42,13.39,43690
"Longueuil",2.04968,32.41,13.36,43690
"Longueuil",2.049662,32.38,13.34,43690
"Longueuil",2.049667,32.37,13.41,43690
"Longueuil",2.049733,32.36,13.39,43690
"Longueuil",2.049505,32.34,13.38,43690
"Longueuil",2.051371,32.32,13.34,43690
"Longueuil",2.048744,32.3,13.35,43690
"Longueuil",2.050583,32.28,13.3,43690
"Longueuil",2.050939,32.25,13.32,43690
"Longueuil",2.050235,32.15,13.35,43690
"Longueuil",2.051175,32.12,13.36,43690
"Longueuil",2.051023,32.16,13.37,43690
"Longueuil",2.049362,32.18,13.38,43690
"Longueuil",2.050054,32.18,13.41,43690
"Longueuil",2.048576,32.18,13.38,43690
"Longueuil",2.050911,32.16,13.34,43690
"Longueuil",2.04926,32.14,13.34,43690
"Longueuil",2.052099,32.13,13.4,43690
"Longueuil",2.048678,32.11,13.37,43690
"Longueuil",2.049815,32.07,13.35,43690
"Longueuil",2.049855,32.06,13.38,43690
"Longueuil",2.049306,32.04,13.37,43690
"Longueuil",2.050903,32.02,13.4,43690
"Longueuil",2.051638,32.02,13.38,43690
"Longueuil",2.050041,31.93,13.37,43690
"Longueuil",2.051982,31.85,13.39,43690
"Longueuil",2.049543,31.91,13.36,43690
"Longueuil",2.050064,31.95,13.39,43690
"Longueuil",2.05204,31.95,13.39,43690
"Longueuil",2.051178,31.94,13.37,43690
"Longueuil",2.049525,31.94,13.39,43690
"Longueuil",2.054316,31.94,13.38,43690
"Longueuil",2.051628,31.93,13.37,43690
"Longueuil",2.052317,31.92,13.35,43690
"Longueuil",2.051231,31.93,13.33,43690
"Longueuil",2.054281,31.89,13.37,43690
"Longueuil",2.052661,31.89,13.31,43690
"Longueuil",2.052243,31.89,13.33,43690
"Longueuil",2.053022,31.8,13.35,43690
"Longueuil",2.05573,31.75,13.33,43690
"Longueuil",2.054731,31.82,13.33,43690
"Longueuil",2.052259,31.87,13.37,43690
"Longueuil",2.056862,31.89,13.4,43690
"Longueuil",2.05589,31.92,13.38,43690
"Longueuil",2.055364,31.93,13.42,43690
"Longueuil",2.053698,31.94,13.36,43690
"Longueuil",2.053411,31.95,13.39,43690
"Longueuil",2.055997,31.97,13.35,43690
"Longueuil",2.056638,31.97,13.34,43690
"Longueuil",2.054802,32,13.34,43690
"Longueuil",2.055568,32.02,13.34,43690
"Longueuil",2.054296,32.03,13.37,43690
"Longueuil",2.056974,32.05,13.37,43690
"Longueuil",2.055748,32.07,13.37,43690
"Longueuil",2.056132,32.1,13.38,43690
"Longueuil",2.055435,32.11,13.39,43690
"Longueuil",2.056277,32.12,13.42,43690
"Longueuil",2.055936,32.15,13.44,43690
"Longueuil",2.056267,32.17,13.43,43690
"Longueuil",2.055674,32.19,13.43,43690
"Longueuil",2.056742,32.19,13.41,43690
"Longueuil",2.057302,32.2,13.4,43690
"Longueuil",2.057307,32.3,13.39,43690
"Longueuil",2.056007,32.25,13.39,43690
"Longueuil",2.057739,32.27,13.39,43690
"Longueuil",2.055204,32.3,13.43,43690
"Longueuil",2.05764,32.33,13.41,43690
"Longueuil",2.05746,32.33,13.41,43690
"Longueuil",2.057363,32.35,13.39,43690
"Longueuil",2.05911,32.36,13.4,43690
"Longueuil",2.058128,32.37,13.37,43690
"Longueuil",2.058299,32.39,13.38,43690
"Longueuil",2.055939,32.41,13.4,43690
"Longueuil",2.05778,32.42,13.38,43690
"Longueuil",2.056997,32.43,13.35,43690
"Longueuil",2.058932,32.44,13.35,43690
"Longueuil",2.057098,32.47,13.45,43690
"Longueuil",2.05764,32.41,13.4,43690
"Longueuil",2.056656,32.38,13.37,43690
"Longueuil",2.056775,32.43,13.39,43690
"Longueuil",2.057426,32.47,13.38,43690
"Longueuil",2.060992,32.51,13.41,43690
"Longueuil",2.058456,32.53,13.39,43690
"Longueuil",2.057709,32.55,13.37,43690
"Longueuil",2.05986,32.57,13.4,43690
"Longueuil",2.058019,32.58,13.36,43690
"Longueuil",2.057925,32.59,13.36,43690
"Longueuil",2.057411,32.61,13.39,43690
"Longueuil",2.059825,32.65,13.37,43690
"Longueuil",2.057978,32.62,13.39,43690
"Longueuil",2.057093,32.63,13.37,43690
"Longueuil",2.057582,32.7,13.41,43690
"Longueuil",2.056066,32.68,13.39,43690
"Longueuil",2.05839,32.62,13.46,43690
"Longueuil",2.059438,32.62,13.44,43690
"Longueuil",2.057592,32.67,13.42,43690
"Longueuil",2.058032,32.69,13.41,43690
"Longueuil",2.059873,32.72,13.41,43690
"Longueuil",2.058899,32.74,13.42,43690
"Longueuil",2.057121,32.75,13.45,43690
"Longueuil",2.057193,32.76,13.41,43690
"Longueuil",2.0591,32.79,13.43,43690
"Longueuil",2.058543,32.79,13.37,43690
"Longueuil",2.058983,32.82,13.43,43690
"Longueuil",2.057551,32.83,13.42,43690
"Longueuil",2.057719,32.84,13.4,43690
"Longueuil",2.060089,32.85,13.42,43690
"Longueuil",2.057808,32.86,13.45,43690
"Longueuil",2.057841,32.87,13.44,43690
"Longueuil",2.059517,32.9,13.44,43690
"Longueuil",2.058057,32.9,13.42,43690
"Longueuil",2.059491,32.92,13.43,43690
"Longueuil",2.060036,32.92,13.36,43690
"Longueuil",2.059214,32.93,13.39,43690
"Longueuil",2.060712,32.95,13.41,43690
"Longueuil",2.05854,32.95,13.45,43690
"Longueuil",2.059937,32.96,13.44,43690
"Longueuil",2.061521,32.97,13.45,43690
"Longueuil",2.059814,32.99,13.41,43690
"Longueuil",2.059626,32.98,13.39,43690
"Longueuil",2.058563,32.99,13.38,43690
"Longueuil",2.06087,33,13.47,43690
"Longueuil",2.058172,33.01,13.38,43690
"Longueuil",2.059143,33.02,13.37,43690
"Longueuil",2.059123,33.02,13.34,43690
"Longueuil",2.06101,33.03,13.33,43690
"Longueuil",2.059387,33.03,13.34,43690
"Longueuil",2.059642,33.04,13.31,43690
"Longueuil",2.058879,33.05,13.3,43690
"Longueuil",2.057521,33.07,13.3,43690
"Longueuil",2.057289,33.08,13.35,43690
"Longueuil",2.056987,33.1,13.39,43690
"Longueuil",2.057996,33.13,13.41,43690
"Longueuil",2.058306,33.13,13.42,43690
"Longueuil",2.05988,33.13,13.43,43690
"Longueuil",2.056607,33.14,13.45,43690
"Longueuil",2.058215,33.14,13.37,43690
"Longueuil",2.056943,33.14,13.36,43690
"Longueuil",2.056445,33.14,13.34,43690
"Longueuil",2.056671,33.15,13.35,43690
"Longueuil",2.055608,33.16,13.35,43690
"Longueuil",2.055514,32.97,13.38,43690
"Longueuil",2.054744,33.18,13.39,43690
"Longueuil",2.054563,33.2,13.35,43690
"Longueuil",2.053337,33.18,13.35,43690
"Longueuil",2.055,33.19,13.34,43690
"Longueuil",2.053775,33.2,13.31,43690
"Longueuil",2.053388,33.21,13.34,43690
"Longueuil",2.050529,33.22,13.35,43690
"Longueuil",2.051491,33.23,13.32,43690
"Longueuil",2.050008,33.23,13.35,43690
"Longueuil",2.049884,33.23,13.36,43690
"Longueuil",2.047714,33.26,13.35,43690
"Longueuil",2.047953,33.26,13.41,43690
"Longueuil",2.049294,33.27,13.36,43690
"Longueuil",2.046074,33.28,13.34,43690
"Longueuil",2.047351,33.27,13.33,43690
"Longueuil",2.045525,33.28,13.38,43690
"Longueuil",2.045491,33.28,13.33,43690
"Longueuil",2.04526,33.28,13.33,43690
"Longueuil",2.043203,33.27,13.29,43690
"Longueuil",2.045413,33.28,13.31,43690
"Longueuil",2.043576,33.3,13.34,43690
"Longueuil",2.04321,33.28,13.31,43690
"Longueuil",2.047401,33.28,13.33,43690
"Longueuil",2.044022,33.3,13.3,43690
"Longueuil",2.045265,33.32,13.35,43690
"Longueuil",2.04629,33.33,13.33,43690
"Longueuil",2.04526,33.33,13.32,43690
"Longueuil",2.046288,33.33,13.3,43690
"Longueuil",2.044121,33.33,13.31,43690
"Longueuil",2.044484,33.33,13.31,43690
"Longueuil",2.04541,33.34,13.3,43690
"Longueuil",2.043795,33.35,13.3,43690
"Longueuil",2.04553,33.36,13.33,43690
"Longueuil",2.042618,33.38,13.36,43690
"Longueuil",2.042427,33.39,13.34,43690
"Longueuil",2.042524,33.39,13.3,43690
"Longueuil",2.043226,33.38,13.31,43690
"Longueuil",2.04277,33.39,13.35,43690
"Longueuil",2.044449,33.4,13.33,43690
"Longueuil",2.044159,33.4,13.36,43690
"Longueuil",2.042603,33.4,13.35,43690
"Longueuil",2.04424,33.42,13.34,43690
"Longueuil",2.044085,33.42,13.36,43690
"Longueuil",2.045209,33.42,13.36,43690
"Longueuil",2.044238,33.43,13.38,43690
"Longueuil",2.044721,33.44,13.41,43690
"Longueuil",2.046374,33.43,13.38,43690
"Longueuil",2.047157,33.43,13.4,43690
"Longueuil",2.049586,33.43,13.37,43690
"Longueuil",2.048175,33.42,13.34,43690
"Longueuil",2.049136,33.43,13.37,43690
"Longueuil",2.050598,33.44,13.34,43690
"Longueuil",2.048894,33.43,13.35,43690
"Longueuil",2.049072,33.44,13.3,43690
"Longueuil",2.050853,33.44,13.33,43690
"Longueuil",2.050245,33.43,13.35,43690
"Longueuil",2.048882,33.45,13.34,43690
"Longueuil",2.050743,33.45,13.32,43690
"Longueuil",2.052623,33.44,13.34,43690
"Longueuil",2.049649,33.45,13.34,43690
"Longueuil",2.050697,33.46,13.39,43690
"Longueuil",2.051816,33.46,13.36,43690
"Longueuil",2.051168,33.46,13.36,43690
"Longueuil",2.049347,33.45,13.32,43690
"Longueuil",2.051318,33.48,13.35,43690
"Longueuil",2.051944,33.47,13.36,43690
"Longueuil",2.05264,33.47,13.36,43690
"Longueuil",2.051013,33.49,13.39,43690
"Longueuil",2.053579,33.51,13.4,43690
"Longueuil",2.052684,33.5,13.42,43690
"Longueuil",2.0513,33.5,13.41,43690
"Longueuil",2.055438,33.5,13.4,43690
"Longueuil",2.052241,33.5,13.41,43690
"Longueuil",2.053586,33.5,13.38,43690
"Longueuil",2.053558,33.51,13.36,43690
"Longueuil",2.054504,33.5,13.36,43690
"Longueuil",2.054171,33.51,13.42,43690
"Longueuil",2.056033,33.53,13.38,43690
"Longueuil",2.054751,33.51,13.41,43690
"Longueuil",2.055107,33.5,13.38,43690
"Longueuil",2.053128,33.53,13.39,43690
"Longueuil",2.057238,33.52,13.38,43690
"Longueuil",2.057678,33.53,13.4,43690
"Longueuil",2.056915,33.53,13.36,43690
"Longueuil",2.058421,33.53,13.34,43690
"Longueuil",2.059906,33.53,13.34,43690
"Longueuil",2.05736,33.54,13.34,43690
"Longueuil",2.058372,33.56,13.37,43690
"Longueuil",2.055598,33.56,13.41,43690
"Longueuil",2.059364,33.57,13.41,43690
"Longueuil",2.057676,33.56,13.4,43690
"Longueuil",2.057431,33.56,13.4,43690
"Longueuil",2.05869,33.57,13.39,43690
"Longueuil",2.060931,33.58,13.4,43690
"Longueuil",2.058917,33.57,13.38,43690
"Longueuil",2.057683,33.57,13.37,43690
"Longueuil",2.056773,33.58,13.42,43690
"Longueuil",2.056503,33.31,13.39,43690
"Longueuil",2.059232,33.57,13.37,43690
"Longueuil",2.058388,33.57,13.34,43690
"Longueuil",2.056763,33.57,13.39,43690
"Longueuil",2.059797,33.58,13.38,43690
"Longueuil",2.058011,33.58,13.38,43690
"Longueuil",2.058477,33.6,13.38,43690
"Longueuil",2.056852,33.6,13.41,43690
"Longueuil",2.05689,33.6,13.42,43690
"Longueuil",2.060135,33.58,13.39,43690
"Longueuil",2.05793,33.58,13.42,43690
"Longueuil",2.060242,33.58,13.35,43690
"Longueuil",2.059738,33.57,13.32,43690
"Longueuil",2.057533,33.56,13.33,43690
"Longueuil",2.057571,33.56,13.31,43690
"Longueuil",2.060984,33.57,13.31,43690
"Longueuil",2.06027,33.57,13.31,43690
"Longueuil",2.058858,33.57,13.33,43690
"Longueuil",2.060776,33.56,13.29,43690
"Longueuil",2.058456,33.56,13.31,43690
"Longueuil",2.059128,33.56,13.34,43690
"Longueuil",2.058551,33.57,13.33,43690
"Longueuil",2.056773,33.56,13.31,43690
"Longueuil",2.058507,33.56,13.33,43690
"Longueuil",2.059161,33.57,13.35,43690
"Longueuil",2.060669,33.59,13.35,43690
"Longueuil",2.06001,33.59,13.37,43690
"Longueuil",2.060153,33.58,13.31,43690
"Longueuil",2.056412,33.58,13.34,43690
"Longueuil",2.058278,33.58,13.34,43690
"Longueuil",2.059354,33.59,13.36,43690
"Longueuil",2.05882,33.58,13.31,43690
"Longueuil",2.057943,33.57,13.31,43690
"Longueuil",2.058044,33.56,13.3,43690
"Longueuil",2.059413,33.58,13.32,43690
"Longueuil",2.057938,33.57,13.31,43690
"Longueuil",2.058365,33.57,13.31,43690
"Longueuil",2.057742,33.57,13.3,43690
"Longueuil",2.057103,33.58,13.28,43690
"Longueuil",2.057864,33.58,13.29,43690
"Longueuil",2.05809,33.58,13.31,43690
"Longueuil",2.05672,33.58,13.33,43690
"Longueuil",2.059336,33.45,13.31,43690
"Longueuil",2.059123,33.49,13.33,43690
"Longueuil",2.058014,33.53,13.33,43690
"Longueuil",2.05869,33.55,13.36,43690
"Longueuil",2.060654,33.55,13.36,43690
"Longueuil",2.058403,33.56,13.34,43690
"Longueuil",2.061206,33.57,13.34,43690
"Longueuil",2.058347,33.58,13.35,43690
"Longueuil",2.05911,33.57,13.33,43690
"Longueuil",2.059842,33.56,13.33,43690
"Longueuil",2.057416,33.57,13.35,43690
"Longueuil",2.057991,33.57,13.35,43690
"Longueuil",2.058614,33.57,13.34,43690
"Longueuil",2.057872,33.59,13.37,43690
"Longueuil",2.060405,33.58,13.36,43690
"Longueuil",2.058586,33.58,13.34,43690
"Longueuil",2.058515,33.59,13.35,43690
"Longueuil",2.058815,33.58,13.31,43690
"Longueuil",2.05835,33.57,13.34,43690
"Longueuil",2.058505,33.44,13.36,43690
"Longueuil",2.058019,33.48,13.29,43690
"Longueuil",2.05865,33.49,13.29,43690
"Longueuil",2.058963,33.52,13.31,43690
"Longueuil",2.056521,33.53,13.34,43690
"Longueuil",2.056974,33.55,13.29,43690
"Longueuil",2.057205,33.56,13.32,43690
"Longueuil",2.058942,33.58,13.32,43690
"Longueuil",2.057447,33.59,13.31,43690
"Longueuil",2.056491,33.59,13.31,43690
"Longueuil",2.058853,33.59,13.35,43690
"Longueuil",2.056394,33.59,13.3,43690
"Longueuil",2.060931,33.59,13.32,43690
"Longueuil",2.056597,33.55,13.36,43690
"Longueuil",2.056417,33.44,13.32,43690
"Longueuil",2.057157,33.5,13.3,43690
"Longueuil",2.060015,33.53,13.32,43690
"Longueuil",2.059191,33.56,13.35,43690
"Longueuil",2.057037,33.56,13.36,43690
"Longueuil",2.059402,33.56,13.34,43690
"Longueuil",2.056157,33.58,13.31,43690
"Longueuil",2.0557,33.58,13.35,43690
"Longueuil",2.055326,33.58,13.33,43690
"Longueuil",2.055593,33.58,13.32,43690
"Longueuil",2.05617,33.57,13.29,43690
"Longueuil",2.054268,33.57,13.29,43690
"Longueuil",2.055598,33.58,13.29,43690
"Longueuil",2.052984,33.59,13.31,43690
"Longueuil",2.053871,33.61,13.32,43690
"Longueuil",2.054693,33.59,13.32,43690
"Longueuil",2.055568,33.59,13.34,43690
"Longueuil",2.056152,33.58,13.34,43690
"Longueuil",2.055946,33.58,13.3,43690
"Longueuil",2.056351,33.58,13.31,43690
"Longueuil",2.054393,33.59,13.29,43690
"Longueuil",2.057785,33.59,13.3,43690
"Longueuil",2.054276,33.58,13.33,43690
"Longueuil",2.055196,33.6,13.31,43690
"Longueuil",2.053533,33.6,13.3,43690
"Longueuil",2.05631,33.59,13.32,43690
"Longueuil",2.05526,33.6,13.33,43690
"Longueuil",2.05351,33.6,13.29,43690
"Longueuil",2.055423,33.59,13.3,43690
"Longueuil",2.053551,33.61,13.29,43690
"Longueuil",2.053462,33.6,13.31,43690
"Longueuil",2.055463,33.61,13.32,43690
"Longueuil",2.054049,33.61,13.28,43690
"Longueuil",2.054606,33.61,13.31,43690
"Longueuil",2.055468,33.63,13.32,43690
"Longueuil",2.055356,33.64,13.36,43690
"Longueuil",2.054344,33.63,13.36,43690
"Longueuil",2.054619,33.64,13.34,43690
"Longueuil",2.055522,33.65,13.31,43690
"Longueuil",2.054029,33.63,13.32,43690
"Longueuil",2.057416,33.65,13.35,43690
"Longueuil",2.056976,33.64,13.34,43690
"Longueuil",2.057727,33.64,13.31,43690
"Longueuil",2.054364,33.65,13.34,43690
"Longueuil",2.054372,33.49,13.3,43690
"Longueuil",2.056333,33.65,13.33,43690
"Longueuil",2.056165,33.65,13.29,43690
"Longueuil",2.056931,33.66,13.31,43690
"Longueuil",2.056877,33.66,13.33,43690
"Longueuil",2.057803,33.65,13.3,43690
"Longueuil",2.059535,33.64,13.29,43690
"Longueuil",2.057068,33.63,13.3,43690
"Longueuil",2.05809,33.51,13.29,43690
"Longueuil",2.058757,33.54,13.28,43690
"Longueuil",2.058149,33.59,13.31,43690
"Longueuil",2.061124,33.62,13.31,43690
"Longueuil",2.0603,33.64,13.31,43690
"Longueuil",2.057203,33.65,13.34,43690
"Longueuil",2.05616,33.66,13.36,43690
"Longueuil",2.05775,33.66,13.32,43690
"Longueuil",2.058133,33.67,13.34,43690
"Longueuil",2.059054,33.67,13.3,43690
"Longueuil",2.058604,33.67,13.3,43690
"Longueuil",2.059659,33.67,13.31,43690
"Longueuil",2.05926,33.69,13.33,43690
"Longueuil",2.059346,33.68,13.34,43690
"Longueuil",2.058545,33.68,13.3,43690
"Longueuil",2.060392,33.69,13.31,43690
"Longueuil",2.058876,33.68,13.32,43690
"Longueuil",2.060605,33.67,13.31,43690
"Longueuil",2.06206,33.68,13.34,43690
"Longueuil",2.06234,33.69,13.32,43690
"Longueuil",2.064117,33.69,13.32,43690
"Longueuil",2.062574,33.7,13.33,43690
"Longueuil",2.06689,33.7,13.32,43690
"Longueuil",2.065473,33.7,13.31,43690
"Longueuil",2.064949,33.69,13.3,43690
"Longueuil",2.065773,33.69,13.34,43690
"Longueuil",2.064862,33.72,13.37,43690
"Longueuil",2.063873,33.7,13.33,43690
"Longueuil",2.065127,33.69,13.33,43690
"Longueuil",2.06632,33.71,13.33,43690
"Longueuil",2.064713,33.71,13.36,43690
"Longueuil",2.068283,33.71,13.36,43690
"Longueuil",2.065913,33.71,13.37,43690
"Longueuil",2.065593,33.71,13.44,43690
"Longueuil",2.068815,33.71,13.39,43690
"Longueuil",2.068591,33.71,13.42,43690
"Longueuil",2.069056,33.73,13.44,43690
"Longueuil",2.068349,33.71,13.42,43690
"Longueuil",2.067454,33.72,13.38,43690
"Longueuil",2.069717,33.71,13.36,43690
"Longueuil",2.071195,33.71,13.35,43690
"Longueuil",2.070874,33.7,13.32,43690
"Longueuil",2.069336,33.7,13.29,43690
"Longueuil",2.070432,33.69,13.3,43690
"Longueuil",2.072393,33.69,13.31,43690
"Longueuil",2.070602,33.72,13.31,43690
"Longueuil",2.071467,33.71,13.33,43690
"Longueuil",2.073318,33.71,13.35,43690
"Longueuil",2.07298,33.7,13.29,43690
"Longueuil",2.072225,33.71,13.29,43690
"Longueuil",2.073385,33.71,13.29,43690
"Longueuil",2.071991,33.71,13.38,43690
"Longueuil",2.073474,33.73,13.33,43690
"Longueuil",2.075885,33.74,13.39,43690
"Longueuil",2.076167,33.73,13.4,43690
"Longueuil",2.077128,33.73,13.37,43690
"Longueuil",2.074979,33.71,13.38,43690
"Longueuil",2.076668,33.58,13.36,43690
"Longueuil",2.076553,33.61,13.39,43690
"Longueuil",2.077705,33.66,13.37,43690
"Longueuil",2.077967,33.67,13.37,43690
"Longueuil",2.077281,33.69,13.38,43690
"Longueuil",2.082453,33.7,13.39,43690
"Longueuil",2.080457,33.72,13.38,43690
"Longueuil",2.080795,33.71,13.41,43690
"Longueuil",2.083405,33.71,13.37,43690
"Longueuil",2.08094,33.7,13.34,43690
"Longueuil",2.082962,33.71,13.3,43690
"Longueuil",2.081937,33.7,13.32,43690
"Longueuil",2.083577,33.71,13.33,43690
"Longueuil",2.086619,33.73,13.34,43690
"Longueuil",2.084462,33.74,13.35,43690
"Longueuil",2.086428,33.74,13.37,43690
"Longueuil",2.086377,33.75,13.38,43690
"Longueuil",2.086967,33.73,13.35,43690
"Longueuil",2.088661,33.71,13.4,43690
"Longueuil",2.087651,33.73,13.33,43690
"Longueuil",2.088269,33.72,13.34,43690
"Longueuil",2.090749,33.73,13.34,43690
"Longueuil",2.089167,33.74,13.36,43690
"Longueuil",2.092036,33.74,13.4,43690
"Longueuil",2.08992,33.74,13.39,43690
"Longueuil",2.091204,33.74,13.34,43690
"Longueuil",2.092501,33.74,13.31,43690
"Longueuil",2.093351,33.72,13.28,43690
"Longueuil",2.09347,33.71,13.3,43690
"Longueuil",2.093305,33.73,13.31,43690
"Longueuil",2.095495,33.72,13.29,43690
"Longueuil",2.097982,33.72,13.32,43690
"Longueuil",2.096662,33.72,13.35,43690
"Longueuil",2.096608,33.74,13.32,43690
"Longueuil",2.096639,33.72,13.29,43690
"Longueuil",2.09848,33.72,13.3,43690
"Longueuil",2.100774,33.73,13.31,43690
"Longueuil",2.100688,33.74,13.35,43690
"Longueuil",2.100652,33.74,13.35,43690
"Longueuil",2.102379,33.74,13.36,43690
"Longueuil",2.104121,33.75,13.36,43690
"Longueuil",2.103546,33.74,13.41,43690
"Longueuil",2.101852,33.77,13.37,43690
"Longueuil",2.102323,33.77,13.38,43690
"Longueuil",2.10391,33.75,13.38,43690
"Longueuil",2.10627,33.78,13.38,43690
"Longueuil",2.10509,33.79,13.43,43690
"Longueuil",2.104055,33.78,13.43,43690
"Longueuil",2.105456,33.76,13.4,43690
"Longueuil",2.105123,33.77,13.37,43690
"Longueuil",2.106115,33.76,13.36,43690
"Longueuil",2.106176,33.77,13.4,43690
"Longueuil",2.107653,33.77,13.36,43690
"Longueuil",2.10744,33.76,13.37,43690
"Longueuil",2.108009,33.76,13.33,43690
"Longueuil",2.109271,33.75,13.33,43690
"Longueuil",2.109291,33.77,13.35,43690
"Longueuil",2.111224,33.76,13.35,43690
"Longueuil",2.109601,33.75,13.37,43690
"Longueuil",2.110057,33.75,13.36,43690
"Longueuil",2.111923,33.53,13.38,43690
"Longueuil",2.112574,33.71,13.33,43690
"Longueuil",2.112956,33.7,13.33,43690
"Longueuil",2.113096,33.72,13.38,43690
"Longueuil",2.113124,33.71,13.36,43690
"Longueuil",2.115791,33.73,13.33,43690
"Longueuil",2.115555,33.61,13.36,43690
"Longueuil",2.113365,33.64,13.36,43690
"Longueuil",2.116153,33.67,13.32,43690
"Longueuil",2.117065,33.68,13.29,43690
"Longueuil",2.116193,33.7,13.33,43690
"Longueuil",2.115209,33.7,13.3,43690
"Longueuil",2.117279,33.7,13.31,43690
"Longueuil",2.121076,33.72,13.28,43690
"Longueuil",2.119809,33.72,13.32,43690
"Longueuil",2.120267,33.53,13.34,43690
"Longueuil",2.122058,33.73,13.31,43690
"Longueuil",2.122968,33.73,13.3,43690
"Longueuil",2.123395,33.75,13.31,43690
"Longueuil",2.123782,33.75,13.33,43690
"Longueuil",5.210355,33.75,13.35,43690
"Longueuil",3.522586,33.74,13.35,43690
"Longueuil",2.138189,33.75,13.36,43690
"Longueuil",2.127185,33.75,13.36,43690
"Longueuil",2.128189,33.76,13.42,43690
"Longueuil",2.127162,33.75,13.42,43690
"Longueuil",2.127167,33.76,13.39,43690
"Longueuil",2.129214,33.75,13.42,43690
"Longueuil",2.127441,33.75,13.38,43690
"Longueuil",2.129468,33.75,13.37,43690
"Longueuil",2.128299,33.75,13.35,43690
"Longueuil",2.129443,33.77,13.35,43690
"Longueuil",2.133481,33.75,13.33,43690
"Longueuil",2.131305,33.76,13.35,43690
"Longueuil",2.133329,33.76,13.35,43690
"Longueuil",2.132184,33.76,13.33,43690
"Longueuil",2.134326,33.76,13.32,43690
"Longueuil",2.133123,33.75,13.32,43690
"Longueuil",2.136355,33.75,13.32,43690
"Longueuil",2.135516,33.76,13.38,43690
"Longueuil",2.137421,33.75,13.34,43690
"Longueuil",2.139292,33.75,13.3,43690
"Longueuil",2.138438,33.76,13.33,43690
"Longueuil",2.139636,33.76,13.39,43690
"Longueuil",2.141507,33.76,13.37,43690
"Longueuil",2.140869,33.76,13.36,43690
"Longueuil",2.143499,33.76,13.37,43690
"Longueuil",2.143039,33.77,13.4,43690
"Longueuil",2.14372,33.77,13.36,43690
"Longueuil",2.145594,33.75,13.34,43690
"Longueuil",2.147898,33.77,13.35,43690
"Longueuil",2.144506,33.76,13.34,43690
"Longueuil",2.147736,33.76,13.35,43690
"Longueuil",2.148015,33.76,13.33,43690
"Longueuil",2.147631,33.77,13.36,43690
"Longueuil",2.148277,33.78,13.35,43690
"Longueuil",2.150266,33.78,13.39,43690
"Longueuil",2.152125,33.78,13.37,43690
"Longueuil",2.152453,33.78,13.37,43690
"Longueuil",2.151718,33.78,13.33,43690
"Longueuil",2.153605,33.78,13.3,43690
"Longueuil",2.151517,33.78,13.32,43690
"Longueuil",2.155876,33.77,13.3,43690
"Longueuil",2.155505,33.77,13.31,43690
"Longueuil",2.153877,33.77,13.32,43690
"Longueuil",2.155726,33.78,13.31,43690
"Longueuil",2.157115,33.78,13.31,43690
"Longueuil",2.15626,33.79,13.32,43690
"Longueuil",2.158046,33.81,13.31,43690
"Longueuil",2.159348,33.8,13.36,43690
"Longueuil",2.159665,33.79,13.31,43690
"Longueuil",2.161168,33.8,13.3,43690
"Longueuil",2.160324,33.81,13.31,43690
"Longueuil",2.163256,33.82,13.37,43690
"Longueuil",2.163109,33.82,13.34,43690
"Longueuil",2.163399,33.8,13.34,43690
"Longueuil",2.166629,33.81,13.34,43690
"Longueuil",2.164693,33.81,13.38,43690
"Longueuil",2.164678,33.81,13.4,43690
"Longueuil",2.167516,33.81,13.39,43690
"Longueuil",2.169146,33.82,13.43,43690
"Longueuil",2.16714,33.81,13.39,43690
"Longueuil",2.1692,33.81,13.36,43690
"Longueuil",2.170054,33.82,13.4,43690
"Longueuil",2.170001,33.81,13.37,43690
"Longueuil",2.171649,33.82,13.38,43690
"Longueuil",2.170227,33.8,13.37,43690
"Longueuil",2.171672,33.8,13.36,43690
"Longueuil",2.174634,33.79,13.35,43690
"Longueuil",2.171638,33.8,13.36,43690
"Longueuil",2.173251,33.79,13.34,43690
"Longueuil",2.175466,33.79,13.32,43690
"Longueuil",2.176826,33.67,13.31,43690
"Longueuil",2.174733,33.68,13.36,43690
"Longueuil",2.176361,33.73,13.34,43690
"Longueuil",2.177139,33.74,13.32,43690
"Longueuil",2.178108,33.5,13.33,43690
"Longueuil",2.176949,33.77,13.34,43690
"Longueuil",2.180773,33.78,13.35,43690
"Longueuil",2.181043,33.79,13.34,43690
"Longueuil",2.183159,33.79,13.34,43690
"Longueuil",2.18086,33.81,13.34,43690
"Longueuil",2.184021,33.79,13.3,43690
"Longueuil",2.183108,33.8,13.36,43690
"Longueuil",2.18411,33.8,13.31,43690
"Longueuil",2.185687,33.8,13.33,43690
"Longueuil",2.187317,33.81,13.31,43690
"Longueuil",2.188098,33.82,13.34,43690
"Longueuil",2.189738,33.82,13.4,43690
"Longueuil",2.19001,33.6,13.35,43690
"Longueuil",2.188571,33.82,13.33,43690
"Longueuil",2.190435,33.82,13.36,43690
"Longueuil",2.191668,33.82,13.39,43690
"Longueuil",2.193759,33.81,13.36,43690
"Longueuil",2.194448,33.83,13.38,43690
"Longueuil",2.195607,33.83,13.36,43690
"Longueuil",2.195246,33.82,13.39,43690
"Longueuil",2.19531,33.82,13.36,43690
"Longueuil",2.198418,33.81,13.34,43690
"Longueuil",2.198262,33.81,13.3,43690
"Longueuil",2.199552,33.8,13.32,43690
"Longueuil",2.201586,33.53,13.34,43690
"Longueuil",2.199717,33.67,13.31,43690
"Longueuil",2.202082,33.72,13.29,43690
"Longueuil",2.200638,33.75,13.29,43690
"Longueuil",2.203794,33.77,13.31,43690
"Longueuil",2.204308,33.76,13.3,43690
"Longueuil",2.20428,33.76,13.3,43690
"Longueuil",2.205767,33.74,13.29,43690
"Longueuil",2.203949,33.74,13.31,43690
"Longueuil",2.208359,33.75,13.34,43690
"Longueuil",2.208374,33.74,13.31,43690
"Longueuil",2.206566,33.74,13.35,43690
"Longueuil",2.209841,33.75,13.31,43690
"Longueuil",2.208837,33.74,13.31,43690
"Longueuil",2.211166,33.75,13.3,43690
"Longueuil",2.210353,33.64,13.31,43690
"Longueuil",2.208493,33.61,13.35,43690
"Longueuil",2.211606,33.68,13.32,43690
"Longueuil",2.213943,33.71,13.33,43690
"Longueuil",2.212046,33.74,13.39,43690
"Longueuil",2.214516,33.75,13.36,43690
"Longueuil",2.21402,33.75,13.38,43690
"Longueuil",2.212682,33.76,13.37,43690
"Longueuil",2.214605,33.75,13.34,43690
"Longueuil",2.217028,33.75,13.31,43690
"Longueuil",2.215538,33.75,13.33,43690
"Longueuil",2.215403,33.75,13.31,43690
"Longueuil",2.216153,33.76,13.29,43690
"Longueuil",2.215553,33.75,13.29,43690
"Longueuil",2.215729,33.76,13.28,43690
"Longueuil",2.213966,33.76,13.3,43690
"Longueuil",2.216779,33.76,13.31,43690
"Longueuil",2.216187,33.78,13.35,43690
"Longueuil",2.21888,33.78,13.35,43690
"Longueuil",2.2183,33.79,13.4,43690
"Longueuil",2.220563,33.79,13.38,43690
"Longueuil",2.21981,33.79,13.39,43690
"Longueuil",2.219073,33.78,13.36,43690
"Longueuil",2.21844,33.78,13.35,43690
"Longueuil",2.218534,33.77,13.31,43690
"Longueuil",2.219162,33.77,13.3,43690
"Longueuil",2.219213,33.77,13.31,43690
"Longueuil",2.219175,33.78,13.33,43690
"Longueuil",2.216362,33.79,13.36,43690
"Longueuil",2.21922,33.79,13.36,43690
"Longueuil",2.217685,33.79,13.35,43690
"Longueuil",2.220963,33.79,13.35,43690
"Longueuil",2.220233,33.8,13.37,43690
"Longueuil",2.220141,33.79,13.37,43690
"Longueuil",2.219098,33.8,13.38,43690
"Longueuil",2.219676,33.8,13.37,43690
"Longueuil",2.219055,33.8,13.37,43690
"Longueuil",2.220057,33.8,13.39,43690
"Longueuil",2.219732,33.82,13.37,43690
"Longueuil",2.220256,33.81,13.37,43690
"Longueuil",2.219643,33.81,13.37,43690
"Longueuil",2.222163,33.8,13.34,43690
"Longueuil",2.223071,33.81,13.32,43690
"Longueuil",2.224904,33.8,13.29,43690
"Longueuil",2.22596,33.79,13.29,43690
"Longueuil",2.225431,33.79,13.3,43690
"Longueuil",2.224454,33.8,13.3,43690
"Longueuil",2.223274,33.81,13.27,43690
"Longueuil",2.22642,33.83,13.3,43690
"Longueuil",2.225955,33.82,13.33,43690
"Longueuil",2.226094,33.82,13.3,43690
"Longueuil",2.224856,33.82,13.34,43690
"Longueuil",2.225479,33.84,13.32,43690
"Longueuil",2.225039,33.8,13.31,43690
"Longueuil",2.225914,33.78,13.31,43690
"Longueuil",2.224373,33.84,13.33,43690
"Longueuil",2.22482,33.86,13.3,43690
"Longueuil",2.226425,33.89,13.35,43690
"Longueuil",2.22433,33.9,13.33,43690
"Longueuil",2.224218,33.92,13.34,43690
"Longueuil",2.229012,34.02,13.35,43690
"Longueuil",2.224663,33.99,13.34,43690
"Longueuil",2.226664,33.98,13.34,43690
"Longueuil",2.227547,33.96,13.31,43690
"Longueuil",2.227643,33.93,13.34,43690
"Longueuil",2.226756,33.92,13.33,43690
"Longueuil",2.227643,33.92,13.29,43690
"Longueuil",2.229039,33.9,13.34,43690
"Longueuil",2.228907,33.91,13.3,43690
"Longueuil",2.228127,33.9,13.29,43690
"Longueuil",2.231295,33.9,13.34,43690
"Longueuil",2.230232,33.91,13.3,43690
"Longueuil",2.230336,33.91,13.31,43690
"Longueuil",2.230621,33.92,13.34,43690
"Longueuil",2.229828,33.92,13.35,43690
"Longueuil",2.23259,33.91,13.38,43690
"Longueuil",2.232391,33.92,13.37,43690
"Longueuil",2.230489,33.91,13.36,43690
"Longueuil",2.230426,33.92,13.35,43690
"Longueuil",2.231598,33.9,13.36,43690
"Longueuil",2.230726,33.89,13.32,43690
"Longueuil",2.232023,33.89,13.32,43690
"Longueuil",2.232165,33.9,13.31,43690
"Longueuil",2.231616,33.89,13.32,43690
"Longueuil",2.232346,33.87,13.33,43690
"Longueuil",2.232681,33.75,13.37,43690
"Longueuil",2.231715,33.8,13.35,43690
"Longueuil",2.232404,33.83,13.31,43690
"Longueuil",2.233101,33.86,13.31,43690
"Longueuil",2.231257,33.86,13.34,43690
"Longueuil",2.232241,33.86,13.31,43690
"Longueuil",2.233253,33.89,13.35,43690
"Longueuil",2.232608,33.89,13.37,43690
"Longueuil",2.23274,33.89,13.34,43690
"Longueuil",2.234016,33.9,13.37,43690
"Longueuil",2.232709,33.9,13.38,43690
"Longueuil",2.233317,33.9,13.39,43690
"Longueuil",2.232986,33.9,13.39,43690
"Longueuil",2.231964,33.91,13.37,43690
"Longueuil",2.232,33.92,13.36,43690
"Longueuil",2.231349,33.91,13.34,43690
"Longueuil",2.230397,33.92,13.37,43690
"Longueuil",2.232671,33.92,13.4,43690
"Longueuil",2.230881,33.91,13.36,43690
"Longueuil",2.232282,33.91,13.37,43690
"Longueuil",2.231572,33.9,13.39,43690
"Longueuil",2.232755,33.91,13.39,43690
"Longueuil",2.232061,33.91,13.36,43690
"Longueuil",2.23233,33.91,13.34,43690
"Longueuil",2.230952,33.91,13.3,43690
"Longueuil",2.23011,33.9,13.34,43690
"Longueuil",2.230983,33.91,13.38,43690
"Longueuil",2.233335,33.9,13.34,43690
"Longueuil",2.231298,33.9,13.34,43690
"Longueuil",2.233907,33.88,13.33,43690
"Longueuil",2.231071,33.88,13.35,43690
"Longueuil",2.230431,33.86,13.35,43690
"Longueuil",2.229238,33.85,13.31,43690
"Longueuil",2.229754,33.84,13.32,43690
"Longueuil",2.232379,33.83,13.34,43690
"Longueuil",2.233012,33.81,13.35,43690
"Longueuil",2.231331,33.78,13.31,43690
"Longueuil",2.229734,33.76,13.29,43690
"Longueuil",2.231616,33.73,13.31,43690
"Longueuil",2.2307,33.73,13.32,43690
"Longueuil",2.230047,33.7,13.31,43690
"Longueuil",2.230934,33.68,13.3,43690
"Longueuil",2.229268,33.66,13.34,43690
"Longueuil",2.228333,33.64,13.37,43690
"Longueuil",2.229518,33.61,13.34,43690
"Longueuil",2.230484,33.6,13.34,43690
"Longueuil",2.231257,33.58,13.37,43690
"Longueuil",2.229126,33.56,13.4,43690
"Longueuil",2.228765,33.53,13.4,43690
"Longueuil",2.228401,33.5,13.41,43690
"Longueuil",2.229306,33.49,13.42,43690
"Longueuil",2.228785,33.45,13.38,43690
"Longueuil",2.228027,33.42,13.39,43690
"Longueuil",2.231227,33.39,13.41,43690
"Longueuil",2.229406,33.38,13.39,43690
"Longueuil",2.230031,33.34,13.36,43690
"Longueuil",2.228195,33.32,13.38,43690
"Longueuil",2.228238,33.3,13.38,43690
"Longueuil",2.229266,33.28,13.33,43690
"Longueuil",2.229863,33.23,13.31,43690
"Longueuil",2.227041,33.21,13.35,43690
"Longueuil",2.229472,33.18,13.34,43690
"Longueuil",2.227689,33.17,13.31,43690
"Longueuil",2.231598,33.13,13.29,43690
"Longueuil",2.229039,33.11,13.31,43690
"Longueuil",2.22934,33.1,13.32,43690
"Longueuil",2.227435,33.08,13.31,43690
"Longueuil",2.226789,33.07,13.3,43690
"Longueuil",2.226964,33.03,13.29,43690
"Longueuil",2.227748,33.03,13.36,43690
"Longueuil",2.227427,33.01,13.34,43690
"Longueuil",2.228022,32.98,13.37,43690
"Longueuil",2.226741,32.97,13.39,43690
"Longueuil",2.226814,32.95,13.35,43690
"Longueuil",2.227084,32.93,13.35,43690
"Longueuil",2.22508,32.91,13.37,43690
"Longueuil",2.226514,32.88,13.36,43690
"Longueuil",2.22788,32.86,13.33,43690
"Longueuil",2.228889,32.84,13.37,43690
"Longueuil",2.227346,32.82,13.37,43690
"Longueuil",2.226987,32.8,13.34,43690
"Longueuil",2.227669,32.78,13.34,43690
"Longueuil",2.226929,32.76,13.35,43690
"Longueuil",2.227338,32.75,13.34,43690
"Longueuil",2.228345,32.72,13.39,43690
"Longueuil",2.226682,32.71,13.37,43690
"Longueuil",2.227557,32.69,13.36,43690
"Longueuil",2.22643,32.68,13.36,43690
"Longueuil",2.22659,32.67,13.38,43690
"Longueuil",2.224518,32.63,13.33,43690
"Longueuil",2.227582,32.62,13.37,43690
"Longueuil",2.224459,32.6,13.33,43690
"Longueuil",2.226985,32.59,13.37,43690
"Longueuil",2.226644,32.57,13.39,43690
"Longueuil",2.22758,32.56,13.34,43690
"Longueuil",2.226837,32.55,13.36,43690
"Longueuil",2.226222,32.52,13.37,43690
"Longueuil",2.223915,32.51,13.37,43690
"Longueuil",2.225159,32.56,13.34,43690
"Longueuil",2.227081,32.47,13.35,43690
"Longueuil",2.226873,32.47,13.39,43690
"Longueuil",2.22683,32.44,13.39,43690
"Longueuil",2.225871,32.43,13.37,43690
"Longueuil",2.224729,32.42,13.35,43690
"Longueuil",2.22536,32.42,13.36,43690
"Longueuil",2.225266,32.39,13.38,43690
"Longueuil",2.225779,32.38,13.39,43690
"Longueuil",2.225423,32.37,13.39,43690
"Longueuil",2.226011,32.36,13.37,43690
"Longueuil",2.225545,32.35,13.39,43690
"Longueuil",2.22567,32.34,13.4,43690
"Longueuil",2.224002,32.32,13.36,43690
"Longueuil",2.225288,32.29,13.38,43690
"Longueuil",2.225904,32.28,13.37,43690
"Longueuil",2.226275,32.27,13.37,43690
"Longueuil",2.223912,32.23,13.39,43690
"Longueuil",2.224083,32.22,13.38,43690
"Longueuil",2.223737,32.21,13.41,43690
"Longueuil",2.223732,32.16,13.39,43690
"Longueuil",2.224556,32.07,13.33,43690
"Longueuil",2.223439,32.1,13.36,43690
"Longueuil",2.221143,32.12,13.37,43690
"Longueuil",2.223424,32.12,13.35,43690
"Longueuil",2.22272,32.1,13.33,43690
"Longueuil",2.221247,32.1,13.41,43690
"Longueuil",2.222534,32.24,13.38,43690
"Longueuil",2.221616,32.09,13.37,43690
"Longueuil",2.225347,32.08,13.4,43690
"Longueuil",2.240224,32.21,13.4,43690
"Longueuil",2.22952,32.03,13.38,43690
"Longueuil",2.228129,32.01,13.38,43690
"Longueuil",2.229304,31.99,13.37,43690
"Longueuil",2.227275,32,13.35,43690
"Longueuil",2.226369,31.89,13.33,43690
"Longueuil",2.224813,31.84,13.36,43690
"Longueuil",2.226217,31.9,13.33,43690
"Longueuil",2.225594,31.9,13.32,43690
"Longueuil",2.223691,31.91,13.3,43690
"Longueuil",2.223892,31.92,13.3,43690
"Longueuil",2.227323,31.9,13.32,43690
"Longueuil",2.223651,31.89,13.34,43690
"Longueuil",2.224869,31.89,13.37,43690
"Longueuil",2.223933,31.87,13.4,43690
"Longueuil",2.221443,31.86,13.35,43690
"Longueuil",2.221158,31.82,13.32,43690
"Longueuil",2.22202,31.8,13.32,43690
"Longueuil",2.222664,31.78,13.31,43690
"Longueuil",2.220273,31.66,13.35,43690
"Longueuil",2.219455,31.64,13.31,43690
"Longueuil",2.21918,31.71,13.29,43690
"Longueuil",2.219213,31.74,13.32,43690
"Longueuil",2.220594,31.77,13.37,43690
"Longueuil",2.218318,31.74,13.34,43690
"Longueuil",2.216418,31.74,13.35,43690
"Longueuil",2.2173,31.75,13.33,43690
"Longueuil",2.216413,31.76,13.37,43690
"Longueuil",2.215968,31.74,13.35,43690
"Longueuil",2.214534,31.74,13.38,43690
"Longueuil",2.213852,31.74,13.37,43690
"Longueuil",2.214574,31.72,13.33,43690
"Longueuil",2.213804,31.71,13.35,43690
"Longueuil",2.21225,31.61,13.38,43690
"Longueuil",2.212214,31.56,13.36,43690
"Longueuil",2.210614,31.61,13.33,43690
"Longueuil",2.209285,31.65,13.35,43690
"Longueuil",2.207652,31.65,13.35,43690
"Longueuil",2.207006,31.66,13.36,43690
"Longueuil",2.205287,31.66,13.34,43690
"Longueuil",2.203003,31.65,13.34,43690
"Longueuil",2.20372,31.65,13.36,43690
"Longueuil",2.199018,31.66,13.37,43690
"Longueuil",2.194745,31.66,13.4,43690
"Longueuil",2.194089,31.65,13.4,43690
"Longueuil",2.196131,31.65,13.39,43690
"Longueuil",2.194133,31.65,13.42,43690
"Longueuil",2.193743,31.66,13.42,43690
"Longueuil",2.191424,31.64,13.39,43690
"Longueuil",2.190071,31.64,13.42,43690
"Longueuil",2.190412,31.65,13.37,43690
"Longueuil",2.188835,31.64,13.41,43690
"Longueuil",2.189049,31.64,13.4,43690
"Longueuil",2.187823,31.63,13.37,43690
"Longueuil",2.185819,31.64,13.4,43690
"Longueuil",2.188286,31.62,13.4,43690
"Longueuil",2.185982,31.61,13.4,43690
"Longueuil",2.186727,31.61,13.37,43690
"Longueuil",2.187513,31.59,13.38,43690
"Longueuil",2.187096,31.58,13.39,43690
"Longueuil",2.186897,31.58,13.37,43690
"Longueuil",2.18882,31.59,13.36,43690
"Longueuil",2.188187,31.58,13.35,43690
"Longueuil",2.18383,31.6,13.36,43690
"Longueuil",2.185641,31.61,13.39,43690
"Longueuil",2.185041,31.6,13.37,43690
"Longueuil",2.18394,31.61,13.38,43690
"Longueuil",2.18488,31.63,13.39,43690
"Longueuil",2.185374,31.64,13.36,43690
"Longueuil",2.180336,31.66,13.4,43690
"Longueuil",2.182304,31.66,13.36,43690
"Longueuil",2.17882,31.68,13.33,43690
"Longueuil",2.179835,31.68,13.33,43690
"Longueuil",2.179721,31.71,13.33,43690
"Longueuil",2.179545,31.73,13.34,43690
"Longueuil",2.178685,31.74,13.37,43690
"Longueuil",2.177005,31.77,13.36,43690
"Longueuil",2.176921,31.79,13.35,43690
"Longueuil",2.178212,31.8,13.33,43690
"Longueuil",2.177315,31.82,13.33,43690
"Longueuil",2.175418,31.85,13.36,43690
"Longueuil",2.175313,31.88,13.39,43690
"Longueuil",2.175596,31.9,13.4,43690
"Longueuil",2.177254,31.91,13.44,43690
"Longueuil",2.174947,31.91,13.45,43690
"Longueuil",2.176656,31.92,13.46,43690
"Longueuil",2.174716,31.94,13.45,43690
"Longueuil",2.174431,31.95,13.41,43690
"Longueuil",2.170886,31.94,13.4,43690
"Longueuil",2.172897,31.97,13.43,43690
"Longueuil",2.172791,32.01,13.42,43690
"Longueuil",2.172134,32.03,13.42,43690
"Longueuil",2.17216,32.05,13.44,43690
"Longueuil",2.169413,32.08,13.44,43690
"Longueuil",2.170085,32.09,13.39,43690
"Longueuil",2.167071,32.26,13.39,43690
"Longueuil",2.16658,32.13,13.4,43690
"Longueuil",2.16436,32.15,13.36,43690
"Longueuil",2.166957,32.16,13.35,43690
"Longueuil",2.16187,32.17,13.34,43690
"Longueuil",2.161334,32.2,13.31,43690
"Longueuil",2.160728,32.22,13.36,43690
"Longueuil",2.16109,32.24,13.35,43690
"Longueuil",2.160741,32.25,13.36,43690
"Longueuil",2.162132,32.29,13.4,43690
"Longueuil",2.160009,32.31,13.41,43690
"Longueuil",2.159098,32.32,13.45,43690
"Longueuil",2.158432,32.42,13.45,43690
"Longueuil",2.162226,32.36,13.42,43690
"Longueuil",2.157987,32.37,13.39,43690
"Longueuil",2.154719,32.38,13.42,43690
"Longueuil",2.156011,32.4,13.38,43690
"Longueuil",2.156596,32.41,13.36,43690
"Longueuil",2.155037,32.42,13.35,43690
"Longueuil",2.15696,32.43,13.36,43690
"Longueuil",2.156769,32.45,13.4,43690
"Longueuil",2.154836,32.48,13.36,43690
"Longueuil",2.152659,32.5,13.36,43690
"Longueuil",2.150027,32.5,13.39,43690
"Longueuil",2.150482,32.53,13.41,43690
"Longueuil",2.150742,32.53,13.47,43690
"Longueuil",2.149879,32.56,13.4,43690
"Longueuil",2.14758,32.57,13.42,43690
"Longueuil",2.149081,32.59,13.39,43690
"Longueuil",2.146454,32.58,13.39,43690
"Longueuil",2.146624,32.6,13.39,43690
"Longueuil",2.1437,32.61,13.36,43690
"Longueuil",2.1458,32.63,13.39,43690
"Longueuil",2.143959,32.64,13.38,43690
"Longueuil",2.143804,32.65,13.37,43690
"Longueuil",2.140846,32.66,13.4,43690
"Longueuil",2.13987,32.67,13.38,43690
"Longueuil",2.1412,32.68,13.4,43690
"Longueuil",2.138682,32.7,13.43,43690
"Longueuil",2.139554,32.71,13.4,43690
"Longueuil",2.138003,32.73,13.38,43690
"Longueuil",2.141365,32.74,13.34,43690
"Longueuil",2.137532,32.75,13.37,43690
"Longueuil",2.136464,32.76,13.36,43690
"Longueuil",2.138832,32.76,13.36,43690
"Longueuil",2.134964,32.77,13.3,43690
"Longueuil",2.134412,32.79,13.32,43690
"Longueuil",2.134048,32.81,13.36,43690
"Longueuil",2.13441,32.82,13.45,43690
"Longueuil",2.135002,32.84,13.39,43690
"Longueuil",2.131368,32.85,13.4,43690
"Longueuil",2.132116,32.87,13.37,43690
"Longueuil",2.127528,32.86,13.34,43690
"Longueuil",2.128062,32.87,13.34,43690
"Longueuil",2.127833,32.87,13.32,43690
"Longueuil",2.126991,32.87,13.3,43690
"Longueuil",2.125847,32.89,13.34,43690
"Longueuil",2.12482,32.91,13.3,43690
"Longueuil",2.124354,32.93,13.33,43690
"Longueuil",2.122136,32.95,13.36,43690
"Longueuil",2.123347,32.97,13.38,43690
"Longueuil",2.124089,32.96,13.4,43690
"Longueuil",2.121994,32.98,13.32,43690
"Longueuil",2.121488,32.98,13.3,43690
"Longueuil",2.122365,32.99,13.31,43690
"Longueuil",2.121618,32.99,13.34,43690
"Longueuil",2.118894,33.01,13.35,43690
"Longueuil",2.119186,33.01,13.32,43690
"Longueuil",2.120773,32.9,13.32,43690
"Longueuil",2.118418,32.88,13.33,43690
"Longueuil",2.118179,32.96,13.35,43690
"Longueuil",2.119728,33.01,13.39,43690
"Longueuil",2.11748,33.02,13.41,43690
"Longueuil",2.115201,33.05,13.43,43690
"Longueuil",2.113185,33.06,13.37,43690
"Longueuil",2.111763,33.06,13.38,43690
"Longueuil",2.113312,33.07,13.34,43690
"Longueuil",2.111875,33.08,13.33,43690
"Longueuil",2.111997,33.11,13.31,43690
"Longueuil",2.110387,33.12,13.31,43690
"Longueuil",2.108828,33.12,13.32,43690
"Longueuil",2.107679,33.12,13.31,43690
"Longueuil",2.106725,33.12,13.3,43690
"Longueuil",2.106511,32.97,13.33,43690
"Longueuil",2.106216,33.15,13.34,43690
"Longueuil",2.10394,33.15,13.36,43690
"Longueuil",2.105619,33.16,13.31,43690
"Longueuil",2.102773,33.17,13.28,43690
"Longueuil",2.103966,33.17,13.3,43690
"Longueuil",2.104909,33.18,13.34,43690
"Longueuil",2.104062,33.18,13.34,43690
"Longueuil",2.101565,33.19,13.34,43690
"Longueuil",2.102837,33.21,13.38,43690
"Longueuil",2.103511,33.22,13.33,43690
"Longueuil",2.099744,33.21,13.33,43690
"Longueuil",2.09963,33.22,13.31,43690
"Longueuil",2.098656,33.23,13.33,43690
"Longueuil",2.098172,33.24,13.39,43690
"Longueuil",2.10053,33.26,13.36,43690
"Longueuil",2.096934,33.25,13.35,43690
"Longueuil",2.094948,33.28,13.37,43690
"Longueuil",2.095067,33.28,13.34,43690
"Longueuil",2.094856,33.28,13.35,43690
"Longueuil",2.095009,33.28,13.35,43690
"Longueuil",2.092476,33.29,13.34,43690
"Longueuil",2.089724,33.3,13.32,43690
"Longueuil",2.091576,33.29,13.38,43690
"Longueuil",2.090777,33.31,13.32,43690
"Longueuil",2.090541,33.31,13.36,43690
"Longueuil",2.090698,33.32,13.35,43690
"Longueuil",2.087443,33.34,13.38,43690
"Longueuil",2.08844,33.14,13.37,43690
"Longueuil",2.088875,33.34,13.38,43690
"Longueuil",2.088231,33.35,13.39,43690
"Longueuil",2.089404,33.35,13.34,43690
"Longueuil",2.0939,33.34,13.31,43690
"Longueuil",2.089569,33.34,13.29,43690
"Longueuil",2.088107,33.35,13.29,43690
"Longueuil",2.089061,33.35,13.28,43690
"Longueuil",2.085915,33.36,13.3,43690
"Longueuil",2.08488,33.35,13.31,43690
"Longueuil",2.08331,33.38,13.34,43690
"Longueuil",2.082057,33.37,13.33,43690
"Longueuil",2.082657,33.38,13.34,43690
"Longueuil",2.081698,33.38,13.37,43690
"Longueuil",2.081975,33.39,13.36,43690
"Longueuil",2.081795,33.39,13.38,43690
"Longueuil",2.079798,33.39,13.38,43690
"Longueuil",2.078201,33.41,13.39,43690
"Longueuil",2.075175,33.41,13.36,43690
"Longueuil",2.076225,33.41,13.38,43690
"Longueuil",2.075991,33.43,13.35,43690
"Longueuil",2.074361,33.42,13.38,43690
"Longueuil",2.073819,33.42,13.39,43690
"Longueuil",2.07339,33.42,13.37,43690
"Longueuil",2.07298,33.43,13.37,43690
"Longueuil",2.071943,33.42,13.34,43690
"Longueuil",2.076057,33.43,13.34,43690
"Longueuil",2.071284,33.43,13.36,43690
"Longueuil",2.076452,33.43,13.38,43690
"Longueuil",2.074661,33.44,13.39,43690
"Longueuil",2.073677,33.46,13.4,43690
"Longueuil",2.070808,33.45,13.46,43690
"Longueuil",2.071271,33.44,13.38,43690
"Longueuil",2.070175,33.46,13.4,43690
"Longueuil",2.070124,33.46,13.36,43690
"Longueuil",2.068916,33.47,13.36,43690
"Longueuil",2.068799,33.47,13.38,43690
"Longueuil",2.069148,33.48,13.38,43690
"Longueuil",2.068565,33.48,13.43,43690
"Longueuil",2.065956,33.47,13.4,43690
"Longueuil",2.065615,33.47,13.42,43690
"Longueuil",2.064168,33.48,13.43,43690
"Longueuil",2.06441,33.37,13.43,43690
"Longueuil",2.063334,33.36,13.43,43690
"Longueuil",2.061511,33.41,13.39,43690
"Longueuil",2.063655,33.43,13.4,43690
"Longueuil",2.061643,33.45,13.41,43690
"Longueuil",2.06297,33.46,13.34,43690
"Longueuil",2.060969,33.47,13.34,43690
"Longueuil",2.064194,33.47,13.39,43690
"Longueuil",2.061353,33.48,13.4,43690
"Longueuil",2.060033,33.48,13.39,43690
"Longueuil",2.061719,33.5,13.36,43690
"Longueuil",2.0609,33.49,13.34,43690
"Longueuil",2.057007,33.48,13.34,43690
"Longueuil",2.060834,33.48,13.35,43690
"Longueuil",2.060079,33.49,13.33,43690
"Longueuil",2.05999,33.51,13.39,43690
"Longueuil",2.059685,33.51,13.36,43690
"Longueuil",2.058594,33.51,13.38,43690
"Longueuil",2.055908,33.51,13.37,43690
"Longueuil",2.05703,33.38,13.38,43690
"Longueuil",2.057544,33.39,13.48,43690
"Longueuil",2.056796,33.44,13.4,43690
"Longueuil",2.057264,33.46,13.37,43690
"Longueuil",2.057454,33.46,13.4,43690
"Longueuil",2.0578,33.46,13.36,43690
"Longueuil",2.054962,33.44,13.35,43690
"Longueuil",2.056636,33.43,13.35,43690
"Longueuil",2.055377,33.41,13.33,43690
"Longueuil",2.053612,33.41,13.31,43690
"Longueuil",2.052177,33.42,13.34,43690
"Longueuil",2.052818,33.43,13.42,43690
"Longueuil",2.052719,33.44,13.35,43690
"Longueuil",2.05396,33.43,13.35,43690
"Longueuil",2.053696,33.44,13.31,43690
"Longueuil",2.052958,33.35,13.34,43690
"Longueuil",2.055468,33.34,13.34,43690
"Longueuil",2.051944,33.4,13.35,43690
"Longueuil",2.053876,33.43,13.36,43690
"Longueuil",2.054433,33.46,13.39,43690
"Longueuil",2.050934,33.48,13.38,43690
"Longueuil",2.050822,33.47,13.37,43690
"Longueuil",2.051954,33.48,13.35,43690
"Longueuil",2.055,33.48,13.35,43690
"Longueuil",2.053744,33.48,13.34,43690
"Longueuil",2.052432,33.47,13.33,43690
"Longueuil",2.052856,33.49,13.34,43690
"Longueuil",2.051094,33.5,13.34,43690
"Longueuil",2.05457,33.5,13.36,43690
"Longueuil",2.052277,33.52,13.39,43690
"Longueuil",2.05289,33.51,13.37,43690
"Longueuil",2.053294,33.51,13.34,43690
"Longueuil",2.052226,33.5,13.35,43690
"Longueuil",2.051615,33.51,13.33,43690
"Longueuil",2.051666,33.52,13.33,43690
"Longueuil",2.051048,33.52,13.35,43690
"Longueuil",2.048653,33.54,13.38,43690
"Longueuil",2.050034,33.54,13.39,43690
"Longueuil",2.050949,33.54,13.39,43690
"Longueuil",2.050657,33.54,13.39,43690
"Longueuil",2.048663,33.54,13.4,43690
"Longueuil",2.0504,33.54,13.37,43690
"Longueuil",2.04821,33.54,13.38,43690
"Longueuil",2.048177,33.55,13.34,43690
"Longueuil",2.048671,33.54,13.32,43690
"Longueuil",2.047997,33.55,13.34,43690
"Longueuil",2.047546,33.25,13.34,43690
"Longueuil",2.047562,33.57,13.39,43690
"Longueuil",2.051066,33.56,13.36,43690
"Longueuil",2.04896,33.47,13.4,43690
"Longueuil",2.05217,33.45,13.42,43690
"Longueuil",2.051717,33.5,13.44,43690
"Longueuil",2.051631,33.52,13.42,43690
"Longueuil",2.050341,33.54,13.39,43690
"Longueuil",2.053279,33.53,13.38,43690
"Longueuil",2.050952,33.54,13.37,43690
"Longueuil",2.050959,33.55,13.41,43690
"Longueuil",2.050138,33.56,13.38,43690
"Longueuil",2.048981,33.56,13.38,43690
"Longueuil",2.051674,33.57,13.38,43690
"Longueuil",2.049243,33.57,13.37,43690
"Longueuil",2.049304,33.56,13.32,43690
"Longueuil",2.049004,33.54,13.29,43690
"Longueuil",2.048894,33.55,13.29,43690
"Longueuil",2.048248,33.56,13.31,43690
"Longueuil",2.048991,33.57,13.31,43690
"Longueuil",2.048757,33.57,13.32,43690
"Longueuil",2.050301,33.57,13.32,43690
"Longueuil",2.049762,33.57,13.34,43690
"Longueuil",2.048958,33.59,13.31,43690
"Longueuil",2.048497,33.58,13.3,43690
"Longueuil",2.047714,33.6,13.3,43690
"Longueuil",2.05,33.61,13.33,43690
"Longueuil",2.050313,33.61,13.33,43690
"Longueuil",2.047544,33.6,13.33,43690
"Longueuil",2.048993,33.61,13.38,43690
"Longueuil",2.048561,33.6,13.33,43690
"Longueuil",2.048347,33.59,13.36,43690
"Longueuil",2.046989,33.59,13.38,43690
"Longueuil",2.048325,33.59,13.41,43690
"Longueuil",2.048808,33.59,13.42,43690
"Longueuil",2.047063,33.56,13.42,43690
"Longueuil",2.047485,33.54,13.41,43690
"Longueuil",2.047521,33.52,13.39,43690
"Longueuil",2.048198,33.51,13.39,43690
"Longueuil",2.048861,33.49,13.4,43690
"Longueuil",2.045224,33.47,13.36,43690
"Longueuil",2.046664,33.44,13.38,43690
"Longueuil",2.047686,33.43,13.38,43690
"Longueuil",2.046315,33.41,13.36,43690
"Longueuil",2.048706,33.38,13.31,43690
"Longueuil",2.044296,33.34,13.31,43690
"Longueuil",2.043892,33.33,13.33,43690
"Longueuil",2.045085,33.32,13.36,43690
"Longueuil",2.046168,33.3,13.33,43690
"Longueuil",2.045359,33.28,13.35,43690
"Longueuil",2.04598,33.26,13.44,43690
"Longueuil",2.046158,33.24,13.38,43690
"Longueuil",2.045611,33.21,13.39,43690
"Longueuil",2.045758,33.19,13.42,43690
"Longueuil",2.049329,33.16,13.43,43690
"Longueuil",2.04586,33.15,13.4,43690
"Longueuil",2.0497,33.11,13.39,43690
"Longueuil",2.048505,33.09,13.37,43690
"Longueuil",2.048085,33.07,13.35,43690
"Longueuil",2.048264,33.05,13.35,43690
"Longueuil",2.046865,33.02,13.35,43690
"Longueuil",2.048208,33,13.36,43690
"Longueuil",2.048157,32.98,13.37,43690
"Longueuil",2.048177,32.94,13.37,43690
"Longueuil",2.047366,32.93,13.38,43690
"Longueuil",2.049797,32.93,13.37,43690
"Longueuil",2.048838,32.89,13.34,43690
"Longueuil",2.048101,32.85,13.31,43690
"Longueuil",2.0482,32.83,13.31,43690
"Longueuil",2.047274,32.82,13.3,43690
"Longueuil",2.04924,32.8,13.34,43690
"Longueuil",2.048388,32.78,13.31,43690
"Longueuil",2.048286,32.75,13.31,43690
"Longueuil",2.048551,32.74,13.32,43690
"Longueuil",2.050257,32.72,13.35,43690
"Longueuil",2.048978,32.7,13.36,43690
"Longueuil",2.05028,32.6,13.34,43690
"Longueuil",2.050522,32.67,13.32,43690
"Longueuil",2.051483,32.37,13.34,43690
"Longueuil",2.050969,32.63,13.35,43690
"Longueuil",2.050018,32.63,13.39,43690
"Longueuil",2.052249,32.61,13.38,43690
"Longueuil",2.051709,32.59,13.42,43690
"Longueuil",2.051493,32.57,13.41,43690
"Longueuil",2.051435,32.55,13.39,43690
"Longueuil",2.052243,32.54,13.38,43690
"Longueuil",2.052249,32.52,13.42,43690
"Longueuil",2.0526,32.49,13.44,43690
"Longueuil",2.052612,32.22,13.43,43690
"Longueuil",2.053665,32.47,13.45,43690
"Longueuil",2.050138,32.45,13.44,43690
"Longueuil",2.052706,32.43,13.42,43690
"Longueuil",2.052839,32.4,13.4,43690
"Longueuil",2.053027,32.4,13.36,43690
"Longueuil",2.05338,32.36,13.36,43690
"Longueuil",2.05202,32.35,13.38,43690
"Longueuil",2.05205,32.34,13.39,43690
"Longueuil",2.051633,32.33,13.39,43690
"Longueuil",2.054164,32.31,13.4,43690
"Longueuil",2.057078,32.31,13.39,43690
"Longueuil",2.056694,32.3,13.38,43690
"Longueuil",2.055476,32.38,13.44,43690
"Longueuil",2.054776,32.42,13.48,43690
"Longueuil",2.054248,32.25,13.45,43690
"Longueuil",2.058365,32.24,13.44,43690
"Longueuil",2.055443,32.22,13.43,43690
"Longueuil",2.059583,32.19,13.42,43690
"Longueuil",2.058141,32.19,13.4,43690
"Longueuil",2.057836,32.17,13.43,43690
"Longueuil",2.057289,32.15,13.35,43690
"Longueuil",2.05821,32.14,13.39,43690
"Longueuil",2.058184,32.11,13.34,43690
"Longueuil",2.057752,32.12,13.36,43690
"Longueuil",2.058667,32.09,13.35,43690
"Longueuil",2.0606,32.08,13.36,43690
"Longueuil",2.058858,32.07,13.37,43690
"Longueuil",2.059654,32.07,13.39,43690
"Longueuil",2.05809,32.06,13.38,43690
"Longueuil",2.060921,32.05,13.35,43690
"Longueuil",2.058696,32.04,13.34,43690
"Longueuil",2.058167,32.04,13.36,43690
"Longueuil",2.059057,32.05,13.39,43690
"Longueuil",2.059285,32.04,13.36,43690
"Longueuil",2.060855,32.04,13.36,43690
"Longueuil",2.060638,32.04,13.33,43690
"Longueuil",2.060183,32.05,13.35,43690
"Longueuil",2.064616,32.05,13.37,43690
"Longueuil",2.062744,32.05,13.35,43690
"Longueuil",2.06265,32.07,13.33,43690
"Longueuil",2.064412,32.08,13.34,43690
"Longueuil",2.068474,32.18,13.33,43690
"Longueuil",2.067223,32.11,13.35,43690
"Longueuil",2.066424,32.13,13.33,43690
"Longueuil",2.066406,32.13,13.3,43690
"Longueuil",2.065895,32.15,13.31,43690
"Longueuil",2.0665,32.15,13.31,43690
"Longueuil",2.066739,32.17,13.35,43690
"Longueuil",2.065272,32.2,13.38,43690
"Longueuil",2.065615,32.22,13.39,43690
"Longueuil",2.069794,32.23,13.38,43690
"Longueuil",2.065953,32.25,13.38,43690
"Longueuil",2.066353,32.25,13.35,43690
"Longueuil",2.066755,32.27,13.31,43690
"Longueuil",2.067055,32.27,13.33,43690
"Longueuil",2.068461,32.28,13.37,43690
"Longueuil",2.066772,32.3,13.31,43690
"Longueuil",2.069432,32.39,13.31,43690
"Longueuil",2.068832,32.34,13.34,43690
"Longueuil",2.070869,32.36,13.35,43690
"Longueuil",2.069466,32.37,13.32,43690
"Longueuil",2.069104,32.38,13.33,43690
"Longueuil",2.072215,32.41,13.32,43690
"Longueuil",2.073517,32.41,13.33,43690
"Longueuil",2.0734,32.44,13.34,43690
"Longueuil",2.075536,32.46,13.31,43690
"Longueuil",2.073273,32.47,13.32,43690
"Longueuil",2.075147,32.48,13.33,43690
"Longueuil",2.074125,32.49,13.32,43690
"Longueuil",2.075063,32.51,13.32,43690
"Longueuil",2.073697,32.52,13.32,43690
"Longueuil",2.072276,32.54,13.32,43690
"Longueuil",2.07397,32.36,13.33,43690
"Longueuil",2.072993,32.62,13.36,43690
"Longueuil",2.072289,32.6,13.37,43690
"Longueuil",2.074949,32.61,13.41,43690
"Longueuil",2.074687,32.63,13.39,43690
"Longueuil",2.072049,32.64,13.39,43690
"Longueuil",2.073784,32.64,13.4,43690
"Longueuil",2.07638,32.66,13.39,43690
"Longueuil",2.074855,32.67,13.41,43690
"Longueuil",2.075366,32.69,13.39,43690
"Longueuil",2.076474,32.7,13.39,43690
"Longueuil",2.078916,32.51,13.34,43690
"Longueuil",2.078974,32.71,13.35,43690
"Longueuil",2.080198,32.72,13.38,43690
"Longueuil",2.079547,32.75,13.36,43690
"Longueuil",2.078357,32.76,13.38,43690
"Longueuil",2.081451,32.78,13.39,43690
"Longueuil",2.082189,32.8,13.42,43690
"Longueuil",2.081062,32.8,13.43,43690
"Longueuil",2.077761,32.81,13.4,43690
"Longueuil",2.082649,32.82,13.37,43690
"Longueuil",2.080693,32.83,13.36,43690
"Longueuil",2.081121,32.84,13.39,43690
"Longueuil",2.081121,32.85,13.4,43690
"Longueuil",2.080157,32.87,13.42,43690
"Longueuil",2.077637,32.87,13.42,43690
"Longueuil",2.078514,32.89,13.43,43690
"Longueuil",2.077848,32.9,13.4,43690
"Longueuil",2.080681,32.9,13.37,43690
"Longueuil",2.078092,32.89,13.39,43690
"Longueuil",2.078888,32.91,13.4,43690
"Longueuil",2.079656,32.92,13.43,43690
"Longueuil",2.080086,32.93,13.44,43690
"Longueuil",2.080587,32.94,13.45,43690
"Longueuil",2.081012,32.96,13.44,43690
"Longueuil",2.081838,32.97,13.44,43690
"Longueuil",2.083438,32.96,13.44,43690
"Longueuil",2.0855,32.97,13.46,43690
"Longueuil",2.08326,32.98,13.41,43690
"Longueuil",2.084956,33,13.38,43690
"Longueuil",2.084269,33,13.39,43690
"Longueuil",2.085576,33.02,13.4,43690
"Longueuil",2.086367,33.02,13.37,43690
"Longueuil",2.083415,33.02,13.36,43690
"Longueuil",2.085317,33.03,13.34,43690
"Longueuil",2.086517,33.02,13.32,43690
"Longueuil",2.086815,33.03,13.32,43690
"Longueuil",2.088038,33.04,13.31,43690
"Longueuil",2.082942,33.06,13.35,43690
"Longueuil",2.083308,33.06,13.31,43690
"Longueuil",2.084053,33.05,13.28,43690
"Longueuil",2.083939,33.06,13.27,43690
"Longueuil",2.083992,33.09,13.27,43690
"Longueuil",2.085714,33.09,13.3,43690
"Longueuil",2.086304,33.09,13.29,43690
"Longueuil",2.085561,33.1,13.32,43690
"Longueuil",2.085503,33.12,13.29,43690
"Longueuil",2.086451,33.13,13.31,43690
"Longueuil",2.086309,33.16,13.35,43690
"Longueuil",2.086077,33.18,13.38,43690
"Longueuil",2.088773,33.16,13.34,43690
"Longueuil",2.088147,33.17,13.36,43690
"Longueuil",2.089083,33.18,13.34,43690
"Longueuil",2.094996,33.18,13.31,43690
"Longueuil",2.089455,33.17,13.3,43690
"Longueuil",2.089211,33.17,13.35,43690
"Longueuil",2.088921,33.18,13.32,43690
"Longueuil",2.090093,33.21,13.36,43690
"Longueuil",2.087769,33.2,13.31,43690
"Longueuil",2.090297,33.21,13.33,43690
"Longueuil",2.087819,33.22,13.31,43690
"Longueuil",2.088292,33.23,13.31,43690
"Longueuil",2.087326,33.24,13.31,43690
"Longueuil",2.08847,33.24,13.28,43690
"Longueuil",2.089208,33.23,13.29,43690
"Longueuil",2.087313,33.23,13.32,43690
"Longueuil",2.086764,33.25,13.3,43690
"Longueuil",2.08684,33.25,13.3,43690
"Longueuil",2.089691,33.26,13.31,43690
"Longueuil",2.088829,33.27,13.33,43690
"Longueuil",2.088956,33.28,13.3,43690
"Longueuil",2.090775,33.27,13.32,43690
"Longueuil",2.091095,33.29,13.33,43690
"Longueuil",2.091883,33.29,13.38,43690
"Longueuil",2.090141,33.32,13.39,43690
"Longueuil",2.091075,33.33,13.37,43690
"Longueuil",2.092125,33.33,13.39,43690
"Longueuil",2.094686,33.33,13.36,43690
"Longueuil",2.096621,33.33,13.37,43690
"Longueuil",2.094661,33.34,13.39,43690
"Longueuil",2.095675,33.34,13.38,43690
"Longueuil",2.093948,33.36,13.39,43690
"Longueuil",2.097203,33.35,13.4,43690
"Longueuil",2.096408,33.35,13.4,43690
"Longueuil",2.096837,33.35,13.37,43690
"Longueuil",2.096026,33.37,13.33,43690
"Longueuil",2.09319,33.36,13.3,43690
"Longueuil",2.094126,33.35,13.28,43690
"Longueuil",2.094981,33.36,13.3,43690
"Longueuil",2.094882,33.38,13.3,43690
"Longueuil",2.094213,33.39,13.31,43690
"Longueuil",2.097623,33.38,13.31,43690
"Longueuil",2.095764,33.4,13.35,43690
"Longueuil",2.096675,33.4,13.34,43690
"Longueuil",2.097183,33.4,13.34,43690
"Longueuil",2.098381,33.39,13.3,43690
"Longueuil",2.097219,33.41,13.33,43690
"Longueuil",2.096987,33.4,13.3,43690
"Longueuil",2.10051,33.42,13.34,43690
"Longueuil",2.099116,33.4,13.31,43690
"Longueuil",2.100611,33.33,13.35,43690
"Longueuil",2.100316,33.41,13.35,43690
"Longueuil",2.102646,33.41,13.33,43690
"Longueuil",2.100032,33.41,13.34,43690
"Longueuil",2.100477,33.44,13.37,43690
"Longueuil",2.101107,33.43,13.38,43690
"Longueuil",2.101484,33.43,13.35,43690
"Longueuil",2.100652,33.41,13.31,43690
"Longueuil",2.100461,33.41,13.34,43690
"Longueuil",2.099846,33.43,13.37,43690
"Longueuil",2.101886,33.43,13.36,43690
"Longueuil",2.100171,33.41,13.37,43690
"Longueuil",2.100082,33.4,13.35,43690
"Longueuil",2.098877,33.4,13.33,43690
"Longueuil",2.099765,33.39,13.33,43690
"Longueuil",2.099253,33.4,13.36,43690
"Longueuil",2.098712,33.41,13.37,43690
"Longueuil",2.099541,33.42,13.37,43690
"Longueuil",2.102809,33.43,13.36,43690
"Longueuil",2.101738,33.44,13.35,43690
"Longueuil",2.10262,33.45,13.37,43690
"Longueuil",2.101278,33.45,13.34,43690
"Longueuil",2.102926,33.45,13.37,43690
"Longueuil",2.101148,33.46,13.36,43690
"Longueuil",2.101311,33.44,13.36,43690
"Longueuil",2.10449,33.44,13.38,43690
"Longueuil",2.103345,33.45,13.37,43690
"Longueuil",2.10201,33.44,13.37,43690
"Longueuil",2.102348,33.43,13.35,43690
"Longueuil",2.101046,33.43,13.31,43690
"Longueuil",2.102849,33.41,13.28,43690
"Longueuil",2.103271,33.42,13.3,43690
"Longueuil",2.103073,33.43,13.31,43690
"Longueuil",2.101916,33.45,13.36,43690
"Longueuil",2.100945,33.45,13.36,43690
"Longueuil",2.104098,33.45,13.33,43690
"Longueuil",2.101639,33.45,13.35,43690
"Longueuil",2.101563,33.43,13.34,43690
"Longueuil",2.10217,33.44,13.4,43690
"Longueuil",2.102092,33.43,13.34,43690
"Longueuil",2.102414,33.44,13.33,43690
"Longueuil",2.105764,33.32,13.33,43690
"Longueuil",2.105067,33.32,13.34,43690
"Longueuil",2.104345,33.36,13.29,43690
"Longueuil",2.104744,33.4,13.32,43690
"Longueuil",2.106845,33.42,13.32,43690
"Longueuil",2.105693,33.45,13.34,43690
"Longueuil",2.105787,33.46,13.36,43690
"Longueuil",2.108208,33.46,13.34,43690
"Longueuil",2.108187,33.47,13.32,43690
"Longueuil",2.107663,33.46,13.33,43690
"Longueuil",2.10773,33.46,13.34,43690
"Longueuil",2.107905,33.46,13.35,43690
"Longueuil",2.108922,33.49,13.32,43690
"Longueuil",2.109464,33.47,13.37,43690
"Longueuil",2.108925,33.47,13.4,43690
"Longueuil",2.110275,33.49,13.4,43690
"Longueuil",2.109146,33.48,13.38,43690
"Longueuil",2.108381,33.5,13.34,43690
"Longueuil",2.106603,33.5,13.36,43690
"Longueuil",2.108846,33.51,13.33,43690
"Longueuil",2.106916,33.49,13.34,43690
"Longueuil",2.106669,33.52,13.37,43690
"Longueuil",2.107231,33.52,13.36,43690
"Longueuil",2.105751,33.53,13.43,43690
"Longueuil",2.107966,33.53,13.4,43690
"Longueuil",2.106618,33.52,13.38,43690
"Longueuil",2.10657,33.52,13.39,43690
"Longueuil",2.106626,33.54,13.41,43690
"Longueuil",2.10685,33.54,13.38,43690
"Longueuil",2.106061,33.53,13.42,43690
"Longueuil",2.106969,33.53,13.38,43690
"Longueuil",2.106682,33.54,13.38,43690
"Longueuil",2.108643,33.53,13.35,43690
"Longueuil",2.106542,33.54,13.36,43690
"Longueuil",2.110553,33.53,13.38,43690
"Longueuil",2.109497,33.54,13.39,43690
"Longueuil",2.108302,33.55,13.36,43690
"Longueuil",2.110064,33.56,13.38,43690
"Longueuil",2.109245,33.54,13.4,43690
"Longueuil",2.110321,33.29,13.35,43690
"Longueuil",2.110374,33.53,13.32,43690
"Longueuil",2.108411,33.54,13.3,43690
"Longueuil",2.109965,33.55,13.33,43690
"Longueuil",2.111285,33.55,13.31,43690
"Longueuil",2.110786,33.55,13.31,43690
"Longueuil",2.109604,33.55,13.31,43690
"Longueuil",2.109871,33.55,13.31,43690
"Longueuil",2.110748,33.56,13.33,43690
"Longueuil",2.109484,33.55,13.3,43690
"Longueuil",2.109095,33.41,13.31,43690
"Longueuil",2.11057,33.56,13.31,43690
"Longueuil",2.110278,33.59,13.32,43690
"Longueuil",2.108678,33.58,13.32,43690
"Longueuil",2.110812,33.58,13.3,43690
"Longueuil",2.109988,33.58,13.3,43690
"Longueuil",2.109103,33.58,13.3,43690
"Longueuil",2.111997,33.58,13.29,43690
"Longueuil",2.109617,33.59,13.36,43690
"Longueuil",2.114354,33.59,13.32,43690
"Longueuil",2.112989,33.6,13.31,43690
"Longueuil",2.111732,33.6,13.38,43690
"Longueuil",2.11274,33.62,13.32,43690
"Longueuil",2.114009,33.6,13.37,43690
"Longueuil",2.112101,33.62,13.37,43690
"Longueuil",2.113597,33.63,13.39,43690
"Longueuil",2.11336,33.61,13.4,43690
"Longueuil",2.112119,33.63,13.36,43690
"Longueuil",2.111682,33.61,13.36,43690
"Longueuil",2.111613,33.61,13.37,43690
"Longueuil",2.111145,33.62,13.41,43690
"Longueuil",2.112536,33.62,13.43,43690
"Longueuil",2.110809,33.62,13.42,43690
"Longueuil",2.111254,33.62,13.39,43690
"Longueuil",2.111702,33.6,13.37,43690
"Longueuil",2.11175,33.58,13.35,43690
"Longueuil",2.110891,33.55,13.32,43690
"Longueuil",2.112745,33.53,13.32,43690
"Longueuil",2.114166,33.55,13.31,43690
"Longueuil",2.113406,33.56,13.32,43690
"Longueuil",2.1123,33.58,13.36,43690
"Longueuil",2.113197,33.6,13.35,43690
"Longueuil",2.1151,33.59,13.36,43690
"Longueuil",2.115674,33.58,13.37,43690
"Longueuil",2.114105,33.6,13.36,43690
"Longueuil",2.115977,33.6,13.37,43690
"Longueuil",2.117447,33.6,13.36,43690
"Longueuil",2.114682,33.61,13.38,43690
"Longueuil",2.114909,33.61,13.39,43690
"Longueuil",2.114207,33.6,13.36,43690
"Longueuil",2.113914,33.6,13.37,43690
"Longueuil",2.115651,33.6,13.38,43690
"Longueuil",2.113673,33.6,13.4,43690
"Longueuil",2.113396,33.6,13.44,43690
"Longueuil",2.113973,33.6,13.35,43690
"Longueuil",2.114675,33.6,13.36,43690
"Longueuil",2.114154,33.6,13.32,43690
"Longueuil",2.11321,33.61,13.34,43690
"Longueuil",2.116053,33.61,13.33,43690
"Longueuil",2.114675,33.6,13.35,43690
"Longueuil",2.113157,33.6,13.37,43690
"Longueuil",2.114057,33.61,13.34,43690
"Longueuil",2.114125,33.58,13.32,43690
"Longueuil",2.114728,33.59,13.32,43690
"Longueuil",2.112071,33.6,13.35,43690
"Longueuil",2.112658,33.6,13.37,43690
"Longueuil",2.112554,33.6,13.33,43690
"Longueuil",2.113564,33.61,13.36,43690
"Longueuil",2.114291,33.61,13.36,43690
"Longueuil",2.115512,33.63,13.4,43690
"Longueuil",2.112831,33.62,13.39,43690
"Longueuil",2.114436,33.62,13.37,43690
"Longueuil",2.112712,33.62,13.36,43690
"Longueuil",2.11674,33.61,13.35,43690
"Longueuil",2.11807,33.61,13.37,43690
"Longueuil",2.114995,33.62,13.38,43690
"Longueuil",2.116211,33.62,13.41,43690
"Longueuil",2.117859,33.63,13.41,43690
"Longueuil",2.116211,33.63,13.38,43690
"Longueuil",2.118477,33.63,13.37,43690
"Longueuil",2.117223,33.62,13.39,43690
"Longueuil",2.116732,33.62,13.36,43690
"Longueuil",2.117073,33.62,13.37,43690
"Longueuil",2.118159,33.61,13.36,43690
"Longueuil",2.115504,33.63,13.38,43690
"Longueuil",2.114299,33.63,13.37,43690
"Longueuil",2.115834,33.64,13.37,43690
"Longueuil",2.11706,33.65,13.39,43690
"Longueuil",2.114156,33.64,13.39,43690
"Longueuil",2.115115,33.63,13.37,43690
"Longueuil",2.113286,33.63,13.33,43690
"Longueuil",2.115163,33.63,13.34,43690
"Longueuil",2.114169,33.62,13.35,43690
"Longueuil",2.113701,33.63,13.34,43690
"Longueuil",2.112984,33.48,13.31,43690
"Longueuil",2.112966,33.63,13.34,43690
"Longueuil",2.11248,33.64,13.31,43690
"Longueuil",2.114749,33.63,13.36,43690
"Longueuil",2.11366,33.64,13.38,43690
"Longueuil",2.114128,33.65,13.36,43690
"Longueuil",2.113503,33.65,13.38,43690
"Longueuil",2.114001,33.65,13.4,43690
"Longueuil",2.113439,33.66,13.41,43690
"Longueuil",2.113843,33.66,13.38,43690
"Longueuil",2.114367,33.66,13.38,43690
"Longueuil",2.115834,33.65,13.35,43690
"Longueuil",2.115746,33.66,13.36,43690
"Longueuil",2.114405,33.65,13.39,43690
"Longueuil",2.113307,33.66,13.45,43690
"Longueuil",2.114779,33.67,13.44,43690
"Longueuil",2.114906,33.66,13.46,43690
"Longueuil",2.11349,33.67,13.41,43690
"Longueuil",2.114957,33.68,13.41,43690
"Longueuil",2.114919,33.67,13.42,43690
"Longueuil",2.113436,33.67,13.4,43690
"Longueuil",2.112417,33.67,13.41,43690
"Longueuil",2.115743,33.68,13.38,43690
"Longueuil",2.111821,33.67,13.39,43690
"Longueuil",2.113147,33.68,13.38,43690
"Longueuil",2.113998,33.67,13.4,43690
"Longueuil",2.113942,33.67,13.36,43690
"Longueuil",2.113195,33.65,13.34,43690
"Longueuil",2.113983,33.65,13.35,43690
"Longueuil",2.114024,33.67,13.36,43690
"Longueuil",2.113388,33.66,13.35,43690
"Longueuil",2.113019,33.66,13.34,43690
"Longueuil",2.114024,33.65,13.29,43690
"Longueuil",2.113266,33.65,13.3,43690
"Longueuil",2.113569,33.65,13.31,43690
"Longueuil",2.112671,33.66,13.32,43690
"Longueuil",2.114718,33.66,13.36,43690
"Longueuil",2.114423,33.68,13.35,43690
"Longueuil",2.11412,33.52,13.33,43690
"Longueuil",2.115799,33.4,13.32,43690
"Longueuil",2.111521,33.66,13.34,43690
"Longueuil",2.113162,33.67,13.3,43690
"Longueuil",2.111326,33.66,13.33,43690
"Longueuil",2.111074,33.67,13.34,43690
"Longueuil",2.113503,33.68,13.38,43690
"Longueuil",2.110484,33.68,13.32,43690
"Longueuil",2.111893,33.68,13.33,43690
"Longueuil",2.10999,33.69,13.34,43690
"Longueuil",2.110003,33.71,13.34,43690
"Longueuil",2.108429,33.7,13.37,43690
"Longueuil",2.10995,33.69,13.35,43690
"Longueuil",2.10982,33.69,13.39,43690
"Longueuil",2.107686,33.69,13.33,43690
"Longueuil",2.107925,33.67,13.33,43690
"Longueuil",2.111272,33.67,13.32,43690
"Longueuil",2.111974,33.68,13.31,43690
"Longueuil",2.111043,33.68,13.29,43690
"Longueuil",2.110446,33.68,13.31,43690
"Longueuil",2.112373,33.7,13.37,43690
"Longueuil",2.111674,33.71,13.37,43690
"Longueuil",2.110306,33.73,13.36,43690
"Longueuil",2.110247,33.74,13.39,43690
"Longueuil",2.109123,33.73,13.39,43690
"Longueuil",2.110723,33.73,13.39,43690
"Longueuil",2.109741,33.72,13.37,43690
"Longueuil",2.108175,33.72,13.41,43690
"Longueuil",2.10788,33.73,13.4,43690
"Longueuil",2.10906,33.72,13.39,43690
"Longueuil",2.110453,33.73,13.4,43690
"Longueuil",2.108554,33.73,13.35,43690
"Longueuil",2.108874,33.71,13.34,43690
"Longueuil",2.109609,33.73,13.33,43690
"Longueuil",2.1048,33.73,13.35,43690
"Longueuil",2.106494,33.71,13.31,43690
"Longueuil",2.106105,33.7,13.31,43690
"Longueuil",2.106163,33.72,13.33,43690
"Longueuil",2.10627,33.73,13.34,43690
"Longueuil",2.105146,33.73,13.34,43690
"Longueuil",2.104668,33.74,13.34,43690
"Longueuil",2.106697,33.72,13.32,43690
"Longueuil",2.10598,33.73,13.33,43690
"Longueuil",2.107666,33.73,13.33,43690
"Longueuil",2.106155,33.73,13.33,43690
"Longueuil",2.105474,33.74,13.31,43690
"Longueuil",2.105443,33.73,13.32,43690
"Longueuil",2.106033,33.72,13.28,43690
"Longueuil",2.106995,33.73,13.3,43690
"Longueuil",2.105296,33.72,13.28,43690
"Longueuil",2.104815,33.73,13.28,43690
"Longueuil",2.105924,33.72,13.29,43690
"Longueuil",2.106488,33.74,13.3,43690
"Longueuil",2.104909,33.75,13.34,43690
"Longueuil",2.103439,33.75,13.37,43690
"Longueuil",2.10689,33.75,13.36,43690
"Longueuil",2.104385,33.75,13.36,43690
"Longueuil",2.106033,33.75,13.39,43690
"Longueuil",2.10923,33.76,13.4,43690
"Longueuil",2.104866,33.6,13.42,43690
"Longueuil",2.103704,33.75,13.41,43690
"Longueuil",2.105184,33.75,13.4,43690
"Longueuil",2.103849,33.75,13.39,43690
"Longueuil",2.10376,33.74,13.34,43690
"Longueuil",2.105212,33.75,13.34,43690
"Longueuil",2.102582,33.75,13.37,43690
"Longueuil",2.102638,33.74,13.37,43690
"Longueuil",2.103472,33.74,13.34,43690
"Longueuil",2.103699,33.73,13.32,43690
"Longueuil",2.10128,33.74,13.31,43690
"Longueuil",2.103058,33.74,13.3,43690
"Longueuil",2.102643,33.72,13.3,43690
"Longueuil",2.101814,33.74,13.36,43690
"Longueuil",2.100576,33.74,13.36,43690
"Longueuil",2.101692,33.74,13.28,43690
"Longueuil",2.1042,33.76,13.32,43690
"Longueuil",2.099981,33.76,13.31,43690
"Longueuil",2.100194,33.75,13.31,43690
"Longueuil",2.099286,33.75,13.31,43690
"Longueuil",2.101746,33.75,13.33,43690
"Longueuil",2.102158,33.75,13.33,43690
"Longueuil",2.100634,33.76,13.35,43690
"Longueuil",2.098686,33.75,13.31,43690
"Longueuil",2.099403,33.76,13.34,43690
"Longueuil",2.101568,33.76,13.35,43690
"Longueuil",2.101418,33.61,13.35,43690
"Longueuil",2.101514,33.77,13.38,43690
"Longueuil",2.099907,33.77,13.34,43690
"Longueuil",2.099594,33.76,13.35,43690
"Longueuil",2.100904,33.76,13.31,43690
"Longueuil",2.098869,33.74,13.29,43690
"Longueuil",2.100657,33.74,13.31,43690
"Longueuil",2.099714,33.76,13.33,43690
"Longueuil",2.101451,33.76,13.32,43690
"Longueuil",2.097979,33.75,13.33,43690
"Longueuil",2.098857,33.76,13.34,43690
"Longueuil",2.099912,33.76,13.35,43690
"Longueuil",2.098414,33.77,13.36,43690
"Longueuil",2.100591,33.77,13.36,43690
"Longueuil",2.098371,33.76,13.39,43690
"Longueuil",2.09977,33.76,13.39,43690
"Longueuil",2.099759,33.76,13.38,43690
"Longueuil",2.097626,33.77,13.39,43690
"Longueuil",2.097883,33.75,13.36,43690
"Longueuil",2.096265,33.76,13.39,43690
"Longueuil",2.097305,33.76,13.39,43690
"Longueuil",2.098811,33.77,13.42,43690
"Longueuil",2.09731,33.76,13.38,43690
"Longueuil",2.098584,33.76,13.37,43690
"Longueuil",2.097837,33.75,13.35,43690
"Longueuil",2.096029,33.75,13.33,43690
"Longueuil",2.097282,33.75,13.37,43690
"Longueuil",2.09478,33.75,13.38,43690
"Longueuil",2.097074,33.76,13.35,43690
"Longueuil",2.099195,33.77,13.36,43690
"Longueuil",2.097493,33.78,13.38,43690
"Longueuil",2.098401,33.78,13.36,43690
"Longueuil",2.098671,33.77,13.35,43690
"Longueuil",2.097409,33.76,13.33,43690
"Longueuil",2.096642,33.75,13.29,43690
"Longueuil",2.096354,33.74,13.29,43690
"Longueuil",2.09906,33.75,13.31,43690
"Longueuil",2.097023,33.74,13.32,43690
"Longueuil",2.096545,33.75,13.33,43690
"Longueuil",2.098635,33.77,13.33,43690
"Longueuil",2.096151,33.77,13.36,43690
"Longueuil",2.09623,33.78,13.39,43690
"Longueuil",2.094274,33.79,13.35,43690
"Longueuil",2.095856,33.78,13.38,43690
"Longueuil",2.095515,33.79,13.42,43690
"Longueuil",2.094223,33.78,13.37,43690
"Longueuil",2.095818,33.79,13.34,43690
"Longueuil",2.093758,33.77,13.34,43690
"Longueuil",2.094144,33.78,13.39,43690
"Longueuil",2.093412,33.78,13.31,43690
"Longueuil",2.109105,33.79,13.34,43690
"Longueuil",2.103279,33.8,13.35,43690
"Longueuil",2.099449,33.8,13.35,43690
"Longueuil",2.10288,33.79,13.31,43690
"Longueuil",2.1011,33.79,13.3,43690
"Longueuil",2.103615,33.79,13.29,43690
"Longueuil",2.102341,33.78,13.3,43690
"Longueuil",2.102491,33.79,13.35,43690
"Longueuil",2.102961,33.8,13.33,43690
"Longueuil",2.101379,33.79,13.34,43690
"Longueuil",2.101262,33.8,13.31,43690
"Longueuil",2.10054,33.8,13.32,43690
"Longueuil",2.103236,33.8,13.37,43690
"Longueuil",2.100352,33.81,13.36,43690
"Longueuil",2.10199,33.81,13.38,43690
"Longueuil",2.10095,33.82,13.43,43690
"Longueuil",2.102582,33.82,13.4,43690
"Longueuil",2.100334,33.82,13.41,43690
"Longueuil",2.099856,33.83,13.4,43690
"Longueuil",2.102142,33.8,13.36,43690
"Longueuil",2.098872,33.8,13.33,43690
"Longueuil",2.100922,33.71,13.4,43690
"Longueuil",2.102882,33.68,13.36,43690
"Longueuil",2.100212,33.74,13.35,43690
"Longueuil",2.102069,33.77,13.33,43690
"Longueuil",2.101712,33.79,13.33,43690
"Longueuil",2.103671,33.8,13.35,43690
"Longueuil",2.100558,33.82,13.38,43690
"Longueuil",2.103401,33.81,13.44,43690
"Longueuil",2.100337,33.79,13.38,43690
"Longueuil",2.101997,33.81,13.39,43690
"Longueuil",2.103099,33.8,13.38,43690
"Longueuil",2.101016,33.79,13.39,43690
"Longueuil",2.10084,33.76,13.39,43690
"Longueuil",2.10172,33.76,13.34,43690
"Longueuil",2.097969,33.74,13.36,43690
"Longueuil",2.098699,33.74,13.39,43690
"Longueuil",2.100238,33.72,13.39,43690
"Longueuil",2.099177,33.69,13.36,43690
"Longueuil",2.099421,33.68,13.33,43690
"Longueuil",2.099731,33.65,13.31,43690
"Longueuil",2.099887,33.65,13.34,43690
"Longueuil",2.100624,33.62,13.34,43690
"Longueuil",2.09921,33.6,13.36,43690
"Longueuil",2.098851,33.57,13.38,43690
"Longueuil",2.101369,33.55,13.38,43690
"Longueuil",2.1023,33.53,13.38,43690
"Longueuil",2.101094,33.51,13.41,43690
"Longueuil",2.100566,33.49,13.38,43690
"Longueuil",2.101036,33.46,13.39,43690
"Longueuil",2.101074,33.44,13.36,43690
"Longueuil",2.101036,33.42,13.39,43690
"Longueuil",2.098689,33.42,13.43,43690
"Longueuil",2.100426,33.21,13.42,43690
"Longueuil",2.100487,33.35,13.38,43690
"Longueuil",2.101191,33.32,13.41,43690
"Longueuil",2.101033,33.3,13.39,43690
"Longueuil",2.101262,33.27,13.36,43690
"Longueuil",2.099241,33.24,13.38,43690
"Longueuil",2.099701,33.22,13.34,43690
"Longueuil",2.100807,33.09,13.31,43690
"Longueuil",2.102147,33.02,13.28,43690
"Longueuil",2.100632,33.04,13.3,43690
"Longueuil",2.10023,33.06,13.29,43690
"Longueuil",2.100329,33.05,13.29,43690
"Longueuil",2.102603,33.03,13.28,43690
"Longueuil",2.101082,33.03,13.32,43690
"Longueuil",2.102079,33.02,13.32,43690
"Longueuil",2.10023,33,13.38,43690
"Longueuil",2.102727,32.99,13.35,43690
"Longueuil",2.102559,32.98,13.32,43690
"Longueuil",2.100533,32.95,13.33,43690
"Longueuil",2.101016,32.92,13.37,43690
"Longueuil",2.101481,32.9,13.37,43690
"Longueuil",2.102178,32.86,13.32,43690
"Longueuil",2.104818,32.83,13.35,43690
"Longueuil",2.101153,32.8,13.38,43690
"Longueuil",2.10378,32.78,13.34,43690
"Longueuil",2.104039,32.77,13.36,43690
"Longueuil",2.101242,32.75,13.37,43690
"Longueuil",2.102475,32.71,13.43,43690
"Longueuil",2.103643,32.6,13.43,43690
"Longueuil",2.101916,32.64,13.42,43690
"Longueuil",2.103523,32.66,13.36,43690
"Longueuil",2.100911,32.65,13.37,43690
"Longueuil",2.102058,32.64,13.39,43690
"Longueuil",2.102158,32.67,13.37,43690
"Longueuil",2.10436,32.63,13.35,43690
"Longueuil",2.103081,32.6,13.37,43690
"Longueuil",2.102791,32.58,13.37,43690
"Longueuil",2.103432,32.56,13.33,43690
"Longueuil",2.105316,32.54,13.31,43690
"Longueuil",2.101351,32.51,13.31,43690
"Longueuil",2.104337,32.52,13.32,43690
"Longueuil",2.102969,32.49,13.31,43690
"Longueuil",2.105199,32.48,13.32,43690
"Longueuil",2.106158,32.56,13.34,43690
"Longueuil",2.105301,32.47,13.38,43690
"Longueuil",2.103032,32.45,13.36,43690
"Longueuil",2.105075,32.46,13.43,43690
"Longueuil",2.104505,32.44,13.46,43690
"Longueuil",2.103811,32.42,13.44,43690
"Longueuil",2.10522,32.42,13.46,43690
"Longueuil",2.103694,32.39,13.45,43690
"Longueuil",2.10318,32.37,13.42,43690
"Longueuil",2.855331,32.36,13.39,43690
"Longueuil",4.621727,32.35,13.4,43690
"Longueuil",2.178024,32.33,13.38,43690
"Longueuil",2.108096,32.33,13.44,43690
"Longueuil",2.105367,32.32,13.37,43690
"Longueuil",2.107475,32.3,13.38,43690
"Longueuil",2.106389,32.31,13.37,43690
"Longueuil",2.10522,32.29,13.41,43690
"Longueuil",2.105611,32.37,13.44,43690
"Longueuil",2.1064,32.29,13.41,43690
"Longueuil",2.106969,32.26,13.44,43690
"Longueuil",2.107442,32.25,13.44,43690
"Longueuil",2.10542,32.24,13.43,43690
"Longueuil",2.104736,32.23,13.47,43690
"Longueuil",2.104879,32.22,13.44,43690
"Longueuil",2.10761,32.22,13.43,43690
"Longueuil",2.106036,32.2,13.43,43690
"Longueuil",2.10714,32.18,13.43,43690
"Longueuil",2.107122,32.18,13.4,43690
"Longueuil",2.108142,32.16,13.39,43690
"Longueuil",2.108068,32.15,13.43,43690
"Longueuil",2.107056,32.14,13.42,43690
"Longueuil",2.106776,32.14,13.4,43690
"Longueuil",2.109334,32.13,13.41,43690
"Longueuil",2.107882,32.12,13.39,43690
"Longueuil",2.107964,32.12,13.39,43690
"Longueuil",2.108231,32.11,13.39,43690
"Longueuil",2.107531,32.11,13.41,43690
"Longueuil",2.108617,32.11,13.42,43690
"Longueuil",2.10908,32.1,13.42,43690
"Longueuil",2.104678,32.08,13.41,43690
"Longueuil",2.107552,32.07,13.39,43690
"Longueuil",2.10819,32.06,13.37,43690
"Longueuil",2.10689,32.05,13.37,43690
"Longueuil",2.106883,32.05,13.38,43690
"Longueuil",2.106829,32.03,13.39,43690
"Longueuil",2.105128,32.04,13.4,43690
"Longueuil",2.10745,32.03,13.4,43690
"Longueuil",2.107506,32.01,13.41,43690
"Longueuil",2.104718,32.01,13.44,43690
"Longueuil",2.107869,31.99,13.44,43690
"Longueuil",2.106524,32,13.44,43690
"Longueuil",2.107997,31.97,13.42,43690
"Longueuil",2.106051,31.95,13.4,43690
"Longueuil",2.109711,31.95,13.39,43690
"Longueuil",2.108243,31.94,13.39,43690
"Longueuil",2.108546,31.95,13.41,43690
"Longueuil",2.109205,31.95,13.41,43690
"Longueuil",2.109807,31.94,13.44,43690
"Longueuil",2.110703,31.93,13.44,43690
"Longueuil",2.108953,31.93,13.45,43690
"Longueuil",2.10763,31.92,13.42,43690
"Longueuil",2.109093,31.91,13.43,43690
"Longueuil",2.110634,31.9,13.44,43690
"Longueuil",2.109095,31.88,13.46,43690
"Longueuil",2.109365,31.89,13.41,43690
"Longueuil",2.108876,31.88,13.44,43690
"Longueuil",2.109406,31.86,13.47,43690
"Longueuil",2.109731,31.86,13.4,43690
"Longueuil",2.109607,31.86,13.43,43690
"Longueuil",2.107473,31.85,13.4,43690
"Longueuil",2.106232,31.86,13.42,43690
"Longueuil",2.107518,31.85,13.43,43690
"Longueuil",2.109128,31.83,13.43,43690
"Longueuil",2.108172,31.82,13.42,43690
"Longueuil",2.110115,31.82,13.43,43690
"Longueuil",2.108615,31.82,13.43,43690
"Longueuil",2.11175,31.81,13.44,43690
"Longueuil",2.110435,31.8,13.49,43690
"Longueuil",2.109952,31.82,13.44,43690
"Longueuil",2.11365,31.81,13.44,43690
"Longueuil",2.113055,31.81,13.42,43690
"Longueuil",2.113297,31.81,13.41,43690
"Longueuil",2.112808,31.83,13.4,43690
"Longueuil",2.112836,31.83,13.37,43690
"Longueuil",2.112529,31.84,13.4,43690
"Longueuil",2.114032,31.84,13.39,43690
"Longueuil",2.112958,31.86,13.37,43690
"Longueuil",2.113055,31.88,13.38,43690
"Longueuil",2.114487,31.91,13.39,43690
"Longueuil",2.116122,31.94,13.43,43690
"Longueuil",2.11351,32.07,13.42,43690
"Longueuil",2.113355,31.98,13.42,43690
"Longueuil",2.115639,32,13.39,43690
"Longueuil",2.114583,32.02,13.4,43690
"Longueuil",2.117564,32.04,13.39,43690
"Longueuil",2.116366,32.06,13.37,43690
"Longueuil",2.115885,32.09,13.37,43690
"Longueuil",2.116084,32.23,13.39,43690
"Longueuil",2.114944,32.15,13.42,43690
"Longueuil",2.116748,32.17,13.42,43690
"Longueuil",2.121763,32.2,13.4,43690
"Longueuil",2.118546,31.92,13.36,43690
"Longueuil",2.118846,32.23,13.34,43690
"Longueuil",2.117976,32.25,13.36,43690
"Longueuil",2.118917,32.29,13.37,43690
"Longueuil",2.118988,32.48,13.38,43690
"Longueuil",2.121162,32.35,13.41,43690
"Longueuil",2.119799,32.38,13.42,43690
"Longueuil",2.120628,32.4,13.38,43690
"Longueuil",2.120514,32.5,13.41,43690
"Longueuil",2.122398,32.44,13.39,43690
"Longueuil",2.118599,32.48,13.38,43690
"Longueuil",2.121028,32.48,13.41,43690
"Longueuil",2.121066,32.52,13.35,43690
"Longueuil",2.12204,32.51,13.35,43690
"Longueuil",2.119896,32.52,13.36,43690
"Longueuil",2.120105,32.54,13.42,43690
"Longueuil",2.121696,32.55,13.39,43690
"Longueuil",2.122309,32.56,13.41,43690
"Longueuil",2.121341,32.56,13.47,43690
"Longueuil",2.121905,32.56,13.36,43690
"Longueuil",2.122615,32.55,13.33,43690
"Longueuil",2.1241,32.54,13.33,43690
"Longueuil",2.125552,32.54,13.31,43690
"Longueuil",2.125722,32.53,13.39,43690
"Longueuil",2.122927,32.54,13.31,43690
"Longueuil",2.12546,32.53,13.31,43690
"Longueuil",2.12753,32.53,13.32,43690
"Longueuil",2.128095,32.51,13.34,43690
"Longueuil",2.12779,32.51,13.32,43690
"Longueuil",2.129445,32.51,13.32,43690
"Longueuil",2.126437,32.49,13.33,43690
"Longueuil",2.128637,32.5,13.36,43690
"Longueuil",2.130046,32.48,13.36,43690
"Longueuil",2.132573,32.38,13.39,43690
"Longueuil",2.130343,32.31,13.38,43690
"Longueuil",2.133316,32.37,13.38,43690
"Longueuil",2.135534,32.39,13.42,43690
"Longueuil",2.133715,32.41,13.35,43690
"Longueuil",2.132787,32.42,13.39,43690
"Longueuil",2.135633,32.4,13.36,43690
"Longueuil",2.134168,32.38,13.39,43690
"Longueuil",2.13695,32.37,13.41,43690
"Longueuil",2.136228,32.38,13.44,43690
"Longueuil",2.137973,32.36,13.42,43690
"Longueuil",2.136703,32.35,13.39,43690
"Longueuil",2.139684,32.33,13.38,43690
"Longueuil",2.139628,32.32,13.38,43690
"Longueuil",2.139755,32.3,13.41,43690
"Longueuil",2.140628,32.33,13.38,43690
"Longueuil",2.139709,32.27,13.39,43690
"Longueuil",2.140821,32.27,13.34,43690
"Longueuil",2.142548,32.26,13.36,43690
"Longueuil",2.142436,32.26,13.37,43690
"Longueuil",2.14444,32.24,13.35,43690
"Longueuil",2.14562,32.23,13.4,43690
"Longueuil",2.145335,32.22,13.41,43690
"Longueuil",2.143822,32.2,13.35,43690
"Longueuil",2.147568,32.18,13.39,43690
"Longueuil",2.147807,32.17,13.38,43690
"Longueuil",2.147186,32.17,13.38,43690
"Longueuil",2.147873,32.15,13.36,43690
"Longueuil",2.145747,32.13,13.37,43690
"Longueuil",2.144653,32.12,13.36,43690
"Longueuil",2.147547,32.19,13.33,43690
"Longueuil",2.14741,32.27,13.33,43690
"Longueuil",2.148064,32.08,13.33,43690
"Longueuil",2.145706,32.22,13.37,43690
"Longueuil",2.149788,32.1,13.4,43690
"Longueuil",2.14741,32.1,13.39,43690
"Longueuil",2.146543,32.08,13.43,43690
"Longueuil",2.148188,32.06,13.4,43690
"Longueuil",2.147975,32.06,13.41,43690
"Longueuil",2.148862,32.05,13.42,43690
"Longueuil",2.147868,32.03,13.42,43690
"Longueuil",2.148137,32.03,13.45,43690
"Longueuil",2.149292,32.02,13.43,43690
"Longueuil",2.150775,32.01,13.42,43690
"Longueuil",2.150052,31.99,13.4,43690
"Longueuil",2.150266,31.96,13.39,43690
"Longueuil",2.15195,31.96,13.4,43690
"Longueuil",2.15078,31.95,13.4,43690
"Longueuil",2.151604,31.95,13.41,43690
"Longueuil",2.152443,31.93,13.4,43690
"Longueuil",2.153498,31.94,13.36,43690
"Longueuil",2.152534,31.91,13.38,43690
"Longueuil",2.151642,31.92,13.39,43690
"Longueuil",2.155663,31.9,13.36,43690
"Longueuil",2.15479,31.89,13.37,43690
"Longueuil",2.154859,31.89,13.45,43690
"Longueuil",2.152939,31.9,13.33,43690
"Longueuil",2.157394,31.9,13.34,43690
"Longueuil",2.157753,31.9,13.35,43690
"Longueuil",2.156504,31.92,13.36,43690
"Longueuil",2.1564,31.93,13.36,43690
"Longueuil",2.157204,31.94,13.4,43690
"Longueuil",2.157534,31.95,13.39,43690
"Longueuil",2.159264,31.98,13.4,43690
"Longueuil",2.158765,31.99,13.36,43690
"Longueuil",2.16273,32,13.39,43690
"Longueuil",2.158808,32.02,13.37,43690
"Longueuil",2.158783,32.04,13.39,43690
"Longueuil",2.160009,32.06,13.36,43690
"Longueuil",2.160057,32.07,13.34,43690
"Longueuil",2.161316,32.09,13.34,43690
"Longueuil",2.16332,32.23,13.36,43690
"Longueuil",2.162349,32.16,13.38,43690
"Longueuil",2.163592,32.17,13.36,43690
"Longueuil",2.160655,32.19,13.34,43690
"Longueuil",2.164777,32.22,13.38,43690
"Longueuil",2.164925,32.23,13.34,43690
"Longueuil",2.166484,32.26,13.38,43690
"Longueuil",2.164541,32.27,13.37,43690
"Longueuil",2.165263,32.32,13.36,43690
"Longueuil",2.16319,32.35,13.4,43690
"Longueuil",2.164561,32.36,13.39,43690
"Longueuil",2.164853,32.47,13.36,43690
"Longueuil",2.16379,32.41,13.36,43690
"Longueuil",2.164609,32.42,13.37,43690
"Longueuil",2.163681,32.44,13.38,43690
"Longueuil",2.158829,32.46,13.36,43690
"Longueuil",2.159228,32.46,13.34,43690
"Longueuil",2.157379,32.48,13.34,43690
"Longueuil",2.155965,32.5,13.37,43690
"Longueuil",2.156385,32.5,13.33,43690
"Longueuil",2.154994,32.51,13.37,43690
"Longueuil",2.153481,32.52,13.39,43690
"Longueuil",2.156148,32.52,13.4,43690
"Longueuil",2.1567,32.65,13.39,43690
"Longueuil",2.156616,32.53,13.41,43690
"Longueuil",2.158834,32.53,13.43,43690
"Longueuil",2.159075,32.52,13.43,43690
"Longueuil",2.156273,32.52,13.42,43690
"Longueuil",2.157585,32.51,13.38,43690
"Longueuil",2.157557,32.51,13.4,43690
"Longueuil",2.16172,32.49,13.39,43690
"Longueuil",2.159119,32.48,13.38,43690
"Longueuil",2.161242,32.47,13.4,43690
"Longueuil",2.160327,32.47,13.42,43690
"Longueuil",2.161583,32.52,13.4,43690
"Longueuil",2.162575,32.45,13.4,43690
"Longueuil",2.163058,32.44,13.42,43690
"Longueuil",2.163035,32.43,13.42,43690
"Longueuil",2.164319,32.41,13.44,43690
"Longueuil",2.164063,32.4,13.43,43690
"Longueuil",2.163658,32.53,13.43,43690
"Longueuil",2.163823,32.34,13.4,43690
"Longueuil",2.164225,32.34,13.35,43690
"Longueuil",2.165326,32.33,13.36,43690
"Longueuil",2.166651,32.21,13.39,43690
"Longueuil",2.167671,32.01,13.42,43690
"Longueuil",2.166898,32.22,13.39,43690
"Longueuil",2.168358,32.23,13.41,43690
"Longueuil",2.167501,32.24,13.42,43690
"Longueuil",2.169093,32.24,13.39,43690
"Longueuil",2.16968,32.23,13.43,43690
"Longueuil",2.168699,32.23,13.41,43690
"Longueuil",2.170596,32.21,13.38,43690
"Longueuil",2.170776,32.24,13.37,43690
"Longueuil",2.171628,32.17,13.37,43690
"Longueuil",2.174034,32.16,13.37,43690
"Longueuil",2.172226,32.14,13.34,43690
"Longueuil",2.170881,32.13,13.4,43690
"Longueuil",2.171735,32.12,13.36,43690
"Longueuil",2.174011,32.14,13.35,43690
"Longueuil",2.173475,32.12,13.33,43690
"Longueuil",2.173648,32.1,13.36,43690
"Longueuil",2.176682,32.09,13.35,43690
"Longueuil",2.17527,32.06,13.34,43690
"Longueuil",2.174843,32.05,13.33,43690
"Longueuil",2.17867,32.05,13.33,43690
"Longueuil",2.175387,32.04,13.38,43690
"Longueuil",2.181099,32.03,13.36,43690
"Longueuil",2.17999,32.02,13.35,43690
"Longueuil",2.179456,32.02,13.34,43690
"Longueuil",2.179934,31.99,13.32,43690
"Longueuil",2.183568,31.99,13.35,43690
"Longueuil",2.181544,32.01,13.35,43690
"Longueuil",2.181346,31.96,13.34,43690
"Longueuil",2.185557,31.92,13.33,43690
"Longueuil",2.183113,31.95,13.39,43690
"Longueuil",2.185443,31.98,13.44,43690
"Longueuil",2.185405,32.01,13.43,43690
"Longueuil",2.187202,32.02,13.43,43690
"Longueuil",2.187607,32.03,13.41,43690
"Longueuil",2.187144,32.02,13.39,43690
"Longueuil",2.191127,32.03,13.38,43690
"Longueuil",2.192052,32.03,13.37,43690
"Longueuil",2.191483,31.99,13.37,43690
"Longueuil",2.190605,32.07,13.37,43690
"Longueuil",2.192235,32.16,13.36,43690
"Longueuil",2.193919,32.12,13.4,43690
"Longueuil",2.195033,32.15,13.45,43690
"Longueuil",2.193275,32.07,13.42,43690
"Longueuil",2.193886,32.03,13.38,43690
"Longueuil",2.195203,32.24,13.4,43690
"Longueuil",2.195943,32.16,13.38,43690
"Longueuil",2.198797,32.22,13.36,43690
"Longueuil",2.195577,32.03,13.37,43690
"Longueuil",2.198191,32.29,13.35,43690
"Longueuil",2.197583,32.31,13.33,43690
"Longueuil",2.198931,32.44,13.36,43690
"Longueuil",2.19957,32.35,13.34,43690
"Longueuil",2.199382,32.38,13.39,43690
"Longueuil",2.201571,32.41,13.39,43690
"Longueuil",2.201731,32.44,13.42,43690
"Longueuil",2.199387,32.47,13.45,43690
"Longueuil",2.201958,32.49,13.43,43690
"Longueuil",2.204564,32.5,13.39,43690
"Longueuil",2.202626,32.54,13.4,43690
"Longueuil",2.204351,32.55,13.36,43690
"Longueuil",2.204313,32.55,13.3,43690
"Longueuil",2.204747,32.58,13.35,43690
"Longueuil",2.205137,32.61,13.36,43690
"Longueuil",2.202914,32.61,13.34,43690
"Longueuil",2.204699,32.63,13.34,43690
"Longueuil",2.202721,32.64,13.37,43690
"Longueuil",2.205208,32.65,13.33,43690
"Longueuil",2.20462,32.66,13.37,43690
"Longueuil",2.204669,32.66,13.34,43690
"Longueuil",2.208221,32.66,13.33,43690
"Longueuil",2.205276,32.67,13.31,43690
"Longueuil",2.206607,32.66,13.33,43690
"Longueuil",2.205844,32.66,13.33,43690
"Longueuil",2.205134,32.66,13.33,43690
"Longueuil",2.20653,32.66,13.34,43690
"Longueuil",2.208496,32.66,13.34,43690
"Longueuil",2.21063,32.64,13.31,43690
"Longueuil",2.210782,32.64,13.4,43690
"Longueuil",2.20842,32.63,13.34,43690
"Longueuil",2.21036,32.61,13.33,43690
"Longueuil",2.208509,32.37,13.33,43690
"Longueuil",2.210162,32.3,13.34,43690
"Longueuil",2.209852,32.42,13.36,43690
"Longueuil",2.212852,32.48,13.35,43690
"Longueuil",2.210696,32.48,13.33,43690
"Longueuil",2.212502,32.48,13.33,43690
"Longueuil",2.213018,32.47,13.34,43690
"Longueuil",2.213666,32.46,13.32,43690
"Longueuil",2.213834,32.43,13.32,43690
"Longueuil",2.216161,32.16,13.32,43690
"Longueuil",2.213534,32.39,13.34,43690
"Longueuil",2.215642,32.38,13.35,43690
"Longueuil",2.216553,32.37,13.37,43690
"Longueuil",2.216888,32.34,13.34,43690
"Longueuil",2.215858,32.33,13.36,43690
"Longueuil",2.215886,32.22,13.33,43690
"Longueuil",2.217221,32.15,13.3,43690
"Longueuil",2.214119,32.21,13.32,43690
"Longueuil",2.217308,32.24,13.34,43690
"Longueuil",2.217547,32.24,13.41,43690
"Longueuil",2.219037,32.25,13.37,43690
"Longueuil",2.216497,32.22,13.37,43690
"Longueuil",2.220639,32.2,13.38,43690
"Longueuil",2.220706,32.19,13.39,43690
"Longueuil",2.21756,31.96,13.4,43690
"Longueuil",2.219823,32.16,13.43,43690
"Longueuil",2.220261,32.14,13.43,43690
"Longueuil",2.221286,32.13,13.45,43690
"Longueuil",2.220556,32.11,13.43,43690
"Longueuil",2.222519,32.09,13.44,43690
"Longueuil",2.221741,32.07,13.46,43690
"Longueuil",2.222844,31.91,13.41,43690
"Longueuil",2.223206,31.94,13.36,43690
"Longueuil",2.225436,31.97,13.36,43690
"Longueuil",2.222644,31.97,13.34,43690
"Longueuil",2.224673,31.96,13.36,43690
"Longueuil",2.226613,31.98,13.37,43690
"Longueuil",2.224846,31.97,13.39,43690
"Longueuil",2.225505,31.99,13.36,43690
"Longueuil",2.22596,31.98,13.38,43690
"Longueuil",2.225474,31.99,13.39,43690
"Longueuil",2.228826,31.99,13.39,43690
"Longueuil",2.228025,32,13.41,43690
"Longueuil",2.226916,32.02,13.42,43690
"Longueuil",2.229218,32.03,13.45,43690
"Longueuil",2.231138,32.04,13.42,43690
"Longueuil",2.228032,32.05,13.4,43690
"Longueuil",2.229477,32.06,13.37,43690
"Longueuil",2.229159,32.07,13.34,43690
"Longueuil",2.230634,32.32,13.36,43690
"Longueuil",2.230072,32.12,13.38,43690
"Longueuil",2.231588,32.14,13.37,43690
"Longueuil",2.230639,32.15,13.39,43690
"Longueuil",2.231031,32.18,13.4,43690
"Longueuil",2.230392,32.19,13.4,43690
"Longueuil",2.231074,32.2,13.45,43690
"Longueuil",2.231013,32.21,13.4,43690
"Longueuil",2.229729,32.26,13.39,43690
"Longueuil",2.231931,32.28,13.44,43690
"Longueuil",2.234149,32.29,13.44,43690
"Longueuil",2.231723,32.32,13.45,43690
"Longueuil",2.232229,32.35,13.42,43690
"Longueuil",2.229001,32.45,13.42,43690
"Longueuil",2.232562,32.39,13.4,43690
"Longueuil",2.232074,32.54,13.41,43690
"Longueuil",2.231387,32.55,13.39,43690
"Longueuil",2.232697,32.47,13.4,43690
"Longueuil",2.233192,32.48,13.41,43690
"Longueuil",2.231046,32.51,13.41,43690
"Longueuil",2.231885,32.6,13.38,43690
"Longueuil",2.229563,32.53,13.35,43690
"Longueuil",2.234044,32.55,13.34,43690
"Longueuil",2.230591,32.56,13.33,43690
"Longueuil",2.230438,32.58,13.36,43690
"Longueuil",2.231875,32.59,13.42,43690
"Longueuil",2.229958,32.63,13.39,43690
"Longueuil",2.232287,32.6,13.39,43690
"Longueuil",2.230571,32.6,13.43,43690
"Longueuil",2.23098,32.62,13.45,43690
"Longueuil",2.231112,32.61,13.41,43690
"Longueuil",2.230286,32.59,13.38,43690
"Longueuil",2.23052,32.59,13.4,43690
"Longueuil",2.230382,32.58,13.42,43690
"Longueuil",2.228167,32.57,13.38,43690
"Longueuil",2.230153,32.57,13.35,43690
"Longueuil",2.231529,32.56,13.39,43690
"Longueuil",2.230967,32.54,13.39,43690
"Longueuil",2.227806,32.53,13.44,43690
"Longueuil",2.229001,32.52,13.37,43690
"Longueuil",2.22832,32.49,13.38,43690
"Longueuil",2.228083,32.5,13.34,43690
"Longueuil",2.229129,32.48,13.32,43690
"Longueuil",2.228439,32.46,13.3,43690
"Longueuil",2.227887,32.44,13.34,43690
"Longueuil",2.228945,32.52,13.34,43690
"Longueuil",2.229001,32.43,13.31,43690
"Longueuil",2.229581,32.42,13.3,43690
"Longueuil",2.227132,32.4,13.34,43690
"Longueuil",2.22906,32.4,13.37,43690
"Longueuil",2.22909,32.4,13.37,43690
"Longueuil",2.229098,32.37,13.36,43690
"Longueuil",2.228869,32.36,13.37,43690
"Longueuil",2.230304,32.35,13.4,43690
"Longueuil",2.230911,32.33,13.41,43690
"Longueuil",2.22907,32.33,13.44,43690
"Longueuil",2.22951,32.32,13.44,43690
"Longueuil",2.228648,32.29,13.43,43690
"Longueuil",2.229113,32.27,13.42,43690
"Longueuil",2.228007,32.25,13.37,43690
"Longueuil",2.229978,32.22,13.36,43690
"Longueuil",2.228523,32.2,13.34,43690
"Longueuil",2.228732,32.18,13.32,43690
"Longueuil",2.227237,32.33,13.32,43690
"Longueuil",2.228709,32.33,13.34,43690
"Longueuil",2.22773,32.15,13.34,43690
"Longueuil",2.227254,32.15,13.36,43690
"Longueuil",2.22948,32.14,13.33,43690
"Longueuil",2.227185,32.26,13.34,43690
"Longueuil",2.228783,32.13,13.35,43690
"Longueuil",2.228849,32.13,13.39,43690
"Longueuil",2.229009,32.13,13.4,43690
"Longueuil",2.228063,32.14,13.37,43690
"Longueuil",2.230591,32.13,13.34,43690
"Longueuil",2.228276,32.23,13.3,43690
"Longueuil",2.229965,32.13,13.34,43690
"Longueuil",2.228772,32.14,13.35,43690
"Longueuil",2.229968,32.17,13.38,43690
"Longueuil",2.229889,32.17,13.33,43690
"Longueuil",2.228073,32.18,13.39,43690
"Longueuil",2.229691,32.2,13.34,43690
"Longueuil",2.229441,32.3,13.37,43690
"Longueuil",2.229401,32.23,13.38,43690
"Longueuil",2.229281,32.34,13.33,43690
"Longueuil",2.228376,32.26,13.4,43690
"Longueuil",2.227056,32.27,13.32,43690
"Longueuil",2.228577,32.3,13.32,43690
"Longueuil",2.228111,32.33,13.37,43690
"Longueuil",2.226974,32.35,13.37,43690
"Longueuil",2.226987,32.38,13.37,43690
"Longueuil",2.228485,32.39,13.36,43690
"Longueuil",2.227948,32.41,13.37,43690
"Longueuil",2.229757,32.33,13.37,43690
"Longueuil",2.226746,32.53,13.41,43690
"Longueuil",2.227572,32.51,13.39,43690
"Longueuil",2.228656,32.51,13.41,43690
"Longueuil",2.2282,32.53,13.4,43690
"Longueuil",2.226718,32.54,13.37,43690
"Longueuil",2.224614,32.55,13.4,43690
"Longueuil",2.225604,32.57,13.39,43690
"Longueuil",2.225105,32.57,13.36,43690
"Longueuil",2.224866,32.57,13.36,43690
"Longueuil",2.225055,32.58,13.33,43690
"Longueuil",2.227473,32.58,13.35,43690
"Longueuil",2.223246,32.58,13.34,43690
"Longueuil",2.225548,32.57,13.32,43690
"Longueuil",2.225042,32.58,13.37,43690
"Longueuil",2.22507,32.56,13.31,43690
"Longueuil",2.221176,32.57,13.36,43690
"Longueuil",2.223251,32.57,13.37,43690
"Longueuil",2.221031,32.57,13.37,43690
"Longueuil",2.221992,32.56,13.42,43690
"Longueuil",2.21891,32.55,13.37,43690
"Longueuil",2.221252,32.54,13.32,43690
"Longueuil",2.223022,32.51,13.31,43690
"Longueuil",2.22216,32.5,13.32,43690
"Longueuil",2.218572,32.5,13.36,43690
"Longueuil",2.21995,32.49,13.35,43690
"Longueuil",2.218511,32.48,13.36,43690
"Longueuil",2.218567,32.47,13.4,43690
"Longueuil",2.218646,32.45,13.39,43690
"Longueuil",2.218559,32.44,13.37,43690
"Longueuil",2.218994,32.43,13.34,43690
"Longueuil",2.216377,32.43,13.34,43690
"Longueuil",2.217995,32.39,13.37,43690
"Longueuil",2.217931,32.38,13.42,43690
"Longueuil",2.219953,32.37,13.41,43690
"Longueuil",2.218129,32.35,13.39,43690
"Longueuil",2.217122,32.33,13.4,43690
"Longueuil",2.215469,32.32,13.38,43690
"Longueuil",2.216304,32.3,13.39,43690
"Longueuil",2.217572,32.29,13.36,43690
"Longueuil",2.216876,32.27,13.33,43690
"Longueuil",2.217168,32.41,13.37,43690
"Longueuil",2.217267,32.24,13.34,43690
"Longueuil",2.216766,32.23,13.35,43690
"Longueuil",2.213799,32.21,13.34,43690
"Longueuil",2.214885,32.2,13.33,43690
"Longueuil",2.216863,32.19,13.34,43690
"Longueuil",2.216207,32.19,13.37,43690
"Longueuil",2.215309,32.26,13.37,43690
"Longueuil",2.215322,32.19,13.4,43690
"Longueuil",2.216044,32.2,13.38,43690
"Longueuil",2.215385,32.2,13.36,43690
"Longueuil",2.214592,32.2,13.37,43690
"Longueuil",2.215317,32.21,13.4,43690
"Longueuil",2.214518,32.21,13.43,43690
"Longueuil",2.214363,32.21,13.37,43690
"Longueuil",2.217377,32.21,13.37,43690
"Longueuil",2.217384,32.22,13.35,43690
"Longueuil",2.215111,32.25,13.35,43690
"Longueuil",2.214821,32.26,13.39,43690
"Longueuil",2.215177,32.28,13.38,43690
"Longueuil",2.213427,32.3,13.4,43690
"Longueuil",2.213427,32.35,13.39,43690
"Longueuil",2.213674,32.37,13.35,43690
"Longueuil",2.212229,32.37,13.35,43690
"Longueuil",2.210469,32.37,13.39,43690
"Longueuil",2.212972,32.4,13.4,43690
"Longueuil",2.210706,32.41,13.33,43690
"Longueuil",2.2093,32.44,13.36,43690
"Longueuil",2.210297,32.44,13.34,43690
"Longueuil",2.209905,32.48,13.36,43690
"Longueuil",2.210355,32.48,13.38,43690
"Longueuil",2.20992,32.52,13.41,43690
"Longueuil",2.207962,32.55,13.46,43690
"Longueuil",2.209368,32.56,13.42,43690
"Longueuil",2.207904,32.57,13.45,43690
"Longueuil",2.207504,32.6,13.43,43690
"Longueuil",2.207347,32.62,13.45,43690
"Longueuil",2.207166,32.64,13.43,43690
"Longueuil",2.20652,32.65,13.44,43690
"Longueuil",2.207497,32.68,13.43,43690
"Longueuil",2.206485,32.69,13.4,43690
"Longueuil",2.206744,32.72,13.45,43690
"Longueuil",2.204582,32.74,13.41,43690
"Longueuil",2.203712,32.76,13.42,43690
"Longueuil",2.205709,32.78,13.4,43690
"Longueuil",2.205989,32.8,13.38,43690
"Longueuil",2.205449,32.83,13.39,43690
"Longueuil",2.203262,32.84,13.39,43690
"Longueuil",2.203646,32.87,13.42,43690
"Longueuil",2.203288,32.87,13.41,43690
"Longueuil",2.203618,32.9,13.38,43690
"Longueuil",2.200846,32.9,13.41,43690
"Longueuil",2.198985,32.93,13.36,43690
"Longueuil",2.199041,32.94,13.34,43690
"Longueuil",2.201535,32.94,13.34,43690
"Longueuil",2.199132,32.96,13.36,43690
"Longueuil",2.196551,32.99,13.37,43690
"Longueuil",2.197459,33,13.44,43690
"Longueuil",2.201007,32.99,13.37,43690
"Longueuil",2.196838,33.02,13.38,43690
"Longueuil",2.195961,32.92,13.38,43690
"Longueuil",2.195552,32.9,13.36,43690
"Longueuil",2.196251,32.98,13.37,43690
"Longueuil",2.193949,33.01,13.35,43690
"Longueuil",2.193341,33.03,13.38,43690
"Longueuil",2.19165,33.03,13.34,43690
"Longueuil",2.194031,33.04,13.34,43690
"Longueuil",2.191861,33.04,13.31,43690
"Longueuil",2.190264,33.03,13.31,43690
"Longueuil",2.189987,33.04,13.33,43690
"Longueuil",2.189753,33.05,13.32,43690
"Longueuil",2.191737,33.05,13.34,43690
"Longueuil",2.187777,33.02,13.36,43690
"Longueuil",2.187815,33.02,13.35,43690
"Longueuil",2.188108,32.87,13.31,43690
"Longueuil",2.187182,32.84,13.33,43690
"Longueuil",2.186923,32.89,13.33,43690
"Longueuil",2.188441,32.9,13.39,43690
"Longueuil",2.18588,32.9,13.33,43690
"Longueuil",2.184542,32.88,13.32,43690
"Longueuil",2.184135,32.87,13.31,43690
"Longueuil",2.184718,32.85,13.32,43690
"Longueuil",2.183233,32.83,13.32,43690
"Longueuil",2.187325,32.83,13.29,43690
"Longueuil",2.185112,32.81,13.31,43690
"Longueuil",2.182849,32.8,13.34,43690
"Longueuil",2.180992,32.76,13.3,43690
"Longueuil",2.183052,32.75,13.28,43690
"Longueuil",2.181712,32.73,13.28,43690
"Longueuil",2.178579,32.72,13.31,43690
"Longueuil",2.181274,32.7,13.31,43690
"Longueuil",2.181826,32.69,13.35,43690
"Longueuil",2.178942,32.67,13.33,43690
"Longueuil",2.178843,32.66,13.38,43690
"Longueuil",2.17911,32.65,13.42,43690
"Longueuil",2.178009,32.62,13.39,43690
"Longueuil",2.178337,32.6,13.37,43690
"Longueuil",2.178927,32.57,13.38,43690
"Longueuil",2.175858,32.57,13.41,43690
"Longueuil",2.177577,32.61,13.38,43690
"Longueuil",2.175774,32.63,13.41,43690
"Longueuil",2.17603,32.63,13.4,43690
"Longueuil",2.174042,32.47,13.38,43690
"Longueuil",2.172328,32.46,13.35,43690
"Longueuil",2.174377,32.43,13.34,43690
"Longueuil",2.173571,32.43,13.35,43690
"Longueuil",2.172198,32.38,13.35,43690
"Longueuil",2.170601,32.38,13.39,43690
"Longueuil",2.171982,32.19,13.39,43690
"Longueuil",2.172679,32.35,13.37,43690
"Longueuil",2.173299,32.32,13.34,43690
"Longueuil",2.173833,32.39,13.31,43690
"Longueuil",2.172221,32.27,13.32,43690
"Longueuil",2.172007,32.28,13.34,43690
"Longueuil",2.172803,32.27,13.33,43690
"Longueuil",2.170863,32.28,13.36,43690
"Longueuil",2.169835,32.27,13.39,43690
"Longueuil",2.170258,32.29,13.38,43690
"Longueuil",2.169266,32.28,13.37,43690
"Longueuil",2.16998,32.29,13.36,43690
"Longueuil",2.170222,32.29,13.36,43690
"Longueuil",2.169973,32.41,13.36,43690
"Longueuil",2.167338,32.31,13.35,43690
"Longueuil",2.165995,32.32,13.37,43690
"Longueuil",2.16541,32.34,13.39,43690
"Longueuil",2.165578,32.34,13.38,43690
"Longueuil",2.165118,32.36,13.36,43690
"Longueuil",2.164757,32.37,13.36,43690
"Longueuil",2.164146,32.39,13.38,43690
"Longueuil",2.163666,32.4,13.42,43690
"Longueuil",2.162262,32.42,13.39,43690
"Longueuil",2.162837,32.43,13.34,43690
"Longueuil",2.164352,32.45,13.33,43690
"Longueuil",2.161346,32.46,13.31,43690
"Longueuil",2.164164,32.47,13.31,43690
"Longueuil",2.161583,32.48,13.32,43690
"Longueuil",2.161769,32.51,13.31,43690
"Longueuil",2.161883,32.56,13.36,43690
"Longueuil",2.160995,32.56,13.37,43690
"Longueuil",2.160085,32.57,13.33,43690
"Longueuil",2.157168,32.58,13.4,43690
"Longueuil",2.157583,32.61,13.39,43690
"Longueuil",2.158669,32.63,13.4,43690
"Longueuil",2.158936,32.65,13.36,43690
"Longueuil",2.157008,32.65,13.34,43690
"Longueuil",2.156764,32.67,13.35,43690
"Longueuil",2.157013,32.69,13.35,43690
"Longueuil",2.156733,32.72,13.33,43690
"Longueuil",2.151138,32.74,13.31,43690
"Longueuil",2.153798,32.76,13.34,43690
"Longueuil",2.154096,32.8,13.35,43690
"Longueuil",2.156113,32.81,13.35,43690
"Longueuil",2.152941,32.82,13.36,43690
"Longueuil",2.151754,32.83,13.34,43690
"Longueuil",2.152417,32.84,13.35,43690
"Longueuil",2.149783,32.86,13.33,43690
"Longueuil",2.150777,32.89,13.34,43690
"Longueuil",2.149984,32.91,13.34,43690
"Longueuil",2.149287,32.91,13.32,43690
"Longueuil",2.149193,32.93,13.34,43690
"Longueuil",2.151016,32.95,13.3,43690
"Longueuil",2.149274,32.97,13.3,43690
"Longueuil",2.148229,32.99,13.32,43690
"Longueuil",2.148267,33.01,13.34,43690
"Longueuil",2.147481,33.03,13.36,43690
"Longueuil",2.146347,33.03,13.33,43690
"Longueuil",2.146235,33.05,13.34,43690
"Longueuil",2.145368,33.04,13.29,43690
"Longueuil",2.143359,33.06,13.29,43690
"Longueuil",2.144775,33.07,13.29,43690
"Longueuil",2.143227,33.09,13.3,43690
"Longueuil",2.144648,33.12,13.34,43690
"Longueuil",2.143117,33.15,13.36,43690
"Longueuil",2.143979,33.17,13.39,43690
"Longueuil",2.141126,33.18,13.38,43690
"Longueuil",2.142441,33.19,13.34,43690
"Longueuil",2.141248,33.21,13.33,43690
"Longueuil",2.139621,33.22,13.36,43690
"Longueuil",2.139829,33.23,13.37,43690
"Longueuil",2.137937,33.25,13.39,43690
"Longueuil",2.138374,33.25,13.37,43690
"Longueuil",2.139247,33.27,13.37,43690
"Longueuil",2.137253,33.27,13.43,43690
"Longueuil",2.136978,33.27,13.4,43690
"Longueuil",2.138107,33.29,13.4,43690
"Longueuil",2.137166,33.31,13.38,43690
"Longueuil",2.136241,33.32,13.35,43690
"Longueuil",2.135386,33.33,13.39,43690
"Longueuil",2.137006,33.35,13.38,43690
"Longueuil",2.134608,33.36,13.42,43690
"Longueuil",2.134204,33.36,13.39,43690
"Longueuil",2.135017,33.38,13.39,43690
"Longueuil",2.134331,33.38,13.38,43690
"Longueuil",2.133018,33.4,13.4,43690
"Longueuil",2.130821,33.39,13.4,43690
"Longueuil",2.132774,33.4,13.4,43690
"Longueuil",2.133003,33.38,13.42,43690
"Longueuil",2.129893,33.38,13.38,43690
"Longueuil",2.130287,33.38,13.36,43690
"Longueuil",2.128034,33.36,13.35,43690
"Longueuil",2.127584,33.36,13.34,43690
"Longueuil",2.127894,33.34,13.34,43690
"Longueuil",2.126846,33.34,13.38,43690
"Longueuil",2.127622,33.32,13.34,43690
"Longueuil",2.125013,33.3,13.31,43690
"Longueuil",2.124146,33.31,13.32,43690
"Longueuil",2.123945,33.29,13.31,43690
"Longueuil",2.124873,33.28,13.31,43690
"Longueuil",2.124641,33.24,13.34,43690
"Longueuil",2.121737,33.23,13.37,43690
"Longueuil",2.121763,33.19,13.34,43690
"Longueuil",2.124898,33.17,13.37,43690
"Longueuil",2.122009,33.16,13.35,43690
"Longueuil",2.120847,33.13,13.38,43690
"Longueuil",2.122152,33.11,13.36,43690
"Longueuil",2.121071,33.07,13.34,43690
"Longueuil",2.121167,33.05,13.33,43690
"Longueuil",2.120842,33.02,13.33,43690
"Longueuil",2.120008,33.01,13.34,43690
"Longueuil",2.120364,32.97,13.37,43690
"Longueuil",2.119568,32.96,13.34,43690
"Longueuil",2.117335,32.92,13.34,43690
"Longueuil",2.117261,32.9,13.31,43690
"Longueuil",2.11439,32.87,13.31,43690
"Longueuil",2.115896,32.84,13.3,43690
"Longueuil",2.115356,32.81,13.29,43690
"Longueuil",2.116096,32.8,13.32,43690
"Longueuil",2.114853,32.77,13.33,43690
"Longueuil",2.114596,32.76,13.32,43690
"Longueuil",2.113266,32.73,13.32,43690
"Longueuil",2.110814,32.71,13.31,43690
"Longueuil",2.110756,32.68,13.35,43690
"Longueuil",2.11145,32.64,13.34,43690
"Longueuil",2.111387,32.49,13.35,43690
"Longueuil",2.113747,32.52,13.3,43690
"Longueuil",2.109136,32.54,13.34,43690
"Longueuil",2.110021,32.55,13.38,43690
"Longueuil",2.110347,32.52,13.37,43690
"Longueuil",2.109166,32.52,13.41,43690
"Longueuil",2.108798,32.52,13.42,43690
"Longueuil",2.110863,32.5,13.41,43690
"Longueuil",2.110176,32.48,13.39,43690
"Longueuil",2.108846,32.47,13.41,43690
"Longueuil",2.108414,32.46,13.44,43690
"Longueuil",2.109095,32.45,13.39,43690
"Longueuil",2.107722,32.44,13.43,43690
"Longueuil",2.107007,32.44,13.45,43690
"Longueuil",2.108104,32.44,13.45,43690
"Longueuil",2.109578,32.49,13.44,43690
"Longueuil",2.105395,32.45,13.42,43690
"Longueuil",2.105637,32.45,13.39,43690
"Longueuil",2.106044,32.45,13.35,43690
"Longueuil",2.106524,32.45,13.36,43690
"Longueuil",2.103818,32.47,13.37,43690
"Longueuil",2.105184,32.59,13.36,43690
"Longueuil",2.104281,32.5,13.34,43690
"Longueuil",2.104657,32.49,13.34,43690
"Longueuil",2.105105,32.49,13.33,43690
"Longueuil",2.103531,32.51,13.34,43690
"Longueuil",2.102119,32.52,13.34,43690
"Longueuil",2.101306,32.52,13.34,43690
"Longueuil",2.102916,32.52,13.37,43690
"Longueuil",2.104213,32.42,13.36,43690
"Longueuil",2.104228,32.48,13.34,43690
"Longueuil",2.098572,32.54,13.38,43690
"Longueuil",2.099884,32.59,13.36,43690
"Longueuil",2.10275,32.69,13.36,43690
"Longueuil",2.099236,32.68,13.34,43690
"Longueuil",2.098857,32.69,13.31,43690
"Longueuil",2.098094,32.66,13.32,43690
"Longueuil",2.098951,32.69,13.32,43690
"Longueuil",2.098035,32.72,13.32,43690
"Longueuil",2.09507,32.74,13.35,43690
"Longueuil",2.095818,32.76,13.4,43690
"Longueuil",2.096016,32.78,13.37,43690
"Longueuil",2.093803,32.79,13.32,43690
"Longueuil",2.095105,32.81,13.38,43690
"Longueuil",2.092977,32.83,13.36,43690
"Longueuil",2.093648,32.85,13.38,43690
"Longueuil",2.093572,32.85,13.39,43690
"Longueuil",2.091212,32.87,13.38,43690
"Longueuil",2.090314,32.87,13.4,43690
"Longueuil",2.090744,32.9,13.37,43690
"Longueuil",2.093053,32.91,13.34,43690
"Longueuil",2.092529,32.91,13.4,43690
"Longueuil",2.087791,32.94,13.38,43690
"Longueuil",2.090851,32.79,13.38,43690
"Longueuil",2.088656,32.96,13.36,43690
"Longueuil",2.092631,32.97,13.37,43690
"Longueuil",2.089452,32.99,13.35,43690
"Longueuil",2.086695,33.01,13.35,43690
"Longueuil",2.08977,33.02,13.36,43690
"Longueuil",2.085057,33.04,13.34,43690
"Longueuil",2.087624,33.04,13.31,43690
"Longueuil",2.085526,33.05,13.33,43690
"Longueuil",2.083204,33.07,13.32,43690
"Longueuil",2.083659,33.09,13.34,43690
"Longueuil",2.084132,33.12,13.33,43690
"Longueuil",2.081881,33.13,13.36,43690
"Longueuil",2.08165,33.15,13.36,43690
"Longueuil",2.081332,33.15,13.31,43690
"Longueuil",2.082837,33.16,13.36,43690
"Longueuil",2.081311,33.18,13.32,43690
"Longueuil",2.081245,33.18,13.32,43690
"Longueuil",2.078626,33.2,13.36,43690
"Longueuil",2.079689,33.23,13.38,43690
"Longueuil",2.078006,33.23,13.34,43690
"Longueuil",2.077288,33.25,13.3,43690
"Longueuil",2.078318,33.26,13.33,43690
"Longueuil",2.077728,33.28,13.35,43690
"Longueuil",2.078102,33.28,13.4,43690
"Longueuil",2.075284,33.29,13.38,43690
"Longueuil",2.076726,33.14,13.37,43690
"Longueuil",2.074015,33.31,13.33,43690
"Longueuil",2.076108,33.31,13.34,43690
"Longueuil",2.072571,33.33,13.36,43690
"Longueuil",2.073067,33.35,13.35,43690
"Longueuil",2.074041,33.36,13.35,43690
"Longueuil",2.073547,33.37,13.34,43690
"Longueuil",2.073105,33.38,13.34,43690
"Longueuil",2.071994,33.4,13.35,43690
"Longueuil",2.071465,33.39,13.35,43690
"Longueuil",2.070279,33.41,13.35,43690
"Longueuil",2.07045,33.43,13.38,43690
"Longueuil",2.070066,33.44,13.38,43690
"Longueuil",2.069545,33.44,13.39,43690
"Longueuil",2.068827,33.46,13.4,43690
"Longueuil",2.065821,33.47,13.43,43690
"Longueuil",2.067258,33.47,13.41,43690
"Longueuil",2.068375,33.49,13.41,43690
"Longueuil",2.069522,33.49,13.43,43690
"Longueuil",2.065948,33.5,13.39,43690
"Longueuil",2.067098,33.5,13.38,43690
"Longueuil",2.063906,33.52,13.39,43690
"Longueuil",2.065348,33.52,13.4,43690
"Longueuil",2.064649,33.54,13.39,43690
"Longueuil",2.06324,33.56,13.43,43690
"Longueuil",2.063426,33.55,13.39,43690
"Longueuil",2.06311,33.56,13.39,43690
"Longueuil",2.061295,33.57,13.37,43690
"Longueuil",2.063192,33.58,13.34,43690
"Longueuil",2.060488,33.56,13.31,43690
"Longueuil",2.057671,33.56,13.28,43690
"Longueuil",2.058583,33.57,13.31,43690
"Longueuil",2.057637,33.58,13.29,43690
"Longueuil",2.05761,33.6,13.3,43690
"Longueuil",2.057765,33.61,13.28,43690
"Longueuil",2.056239,33.63,13.3,43690
"Longueuil",2.054283,33.64,13.3,43690
"Longueuil",2.051448,33.63,13.28,43690
"Longueuil",2.054024,33.63,13.29,43690
"Longueuil",2.04981,33.64,13.31,43690
"Longueuil",2.05188,33.63,13.33,43690
"Longueuil",2.04906,33.62,13.35,43690
"Longueuil",2.048541,33.62,13.3,43690
"Longueuil",2.050247,33.58,13.3,43690
"Longueuil",2.047335,33.57,13.32,43690
"Longueuil",2.04848,33.56,13.31,43690
"Longueuil",2.047389,33.55,13.34,43690
"Longueuil",2.045059,33.53,13.31,43690
"Longueuil",2.04789,33.52,13.32,43690
"Longueuil",2.047066,33.48,13.35,43690
"Longueuil",2.047974,33.28,13.31,43690
"Longueuil",2.043953,33.33,13.36,43690
"Longueuil",2.044665,33.28,13.32,43690
"Longueuil",2.044347,33.3,13.31,43690
"Longueuil",2.044998,33.29,13.31,43690
"Longueuil",2.041629,33.28,13.33,43690
"Longueuil",2.045242,33.26,13.32,43690
"Longueuil",2.041364,33.23,13.33,43690
"Longueuil",2.044334,33.21,13.36,43690
"Longueuil",2.040316,33.18,13.34,43690
"Longueuil",2.04071,33.15,13.33,43690
"Longueuil",2.040159,33.11,13.35,43690
"Longueuil",2.039172,33.07,13.33,43690
"Longueuil",2.037768,33.04,13.33,43690
"Longueuil",2.037956,33.02,13.36,43690
"Longueuil",2.036491,33,13.36,43690
"Longueuil",2.039101,32.91,13.4,43690
"Longueuil",2.037349,32.82,13.43,43690
"Longueuil",2.036631,32.85,13.43,43690
"Longueuil",2.035889,32.86,13.44,43690
"Longueuil",2.034503,32.83,13.45,43690
"Longueuil",2.036827,32.83,13.44,43690
"Longueuil",2.034162,32.8,13.43,43690
"Longueuil",2.035121,32.78,13.41,43690
"Longueuil",2.033595,32.76,13.44,43690
"Longueuil",2.033574,32.72,13.4,43690
"Longueuil",2.035596,32.69,13.37,43690
"Longueuil",2.035126,32.66,13.34,43690
"Longueuil",2.034617,32.66,13.36,43690
"Longueuil",2.036512,32.64,13.36,43690
"Longueuil",2.034024,32.6,13.34,43690
"Longueuil",2.031385,32.64,13.34,43690
"Longueuil",2.032336,32.57,13.37,43690
"Longueuil",2.029434,32.55,13.32,43690
"Longueuil",2.0317,32.55,13.34,43690
"Longueuil",2.031675,32.54,13.35,43690
"Longueuil",2.031598,32.54,13.39,43690
"Longueuil",2.029963,32.54,13.39,43690
"Longueuil",2.030856,32.55,13.39,43690
"Longueuil",2.032402,32.53,13.36,43690
"Longueuil",2.032628,32.53,13.34,43690
"Longueuil",2.031372,32.53,13.36,43690
"Longueuil",2.029994,32.55,13.37,43690
"Longueuil",2.034032,32.55,13.41,43690
"Longueuil",2.030223,32.56,13.38,43690
"Longueuil",2.02962,32.57,13.37,43690
"Longueuil",2.030251,32.58,13.39,43690
"Longueuil",2.030558,32.59,13.39,43690
"Longueuil",2.028168,32.61,13.4,43690
"Longueuil",2.028666,32.61,13.4,43690
"Longueuil",2.027514,32.61,13.36,43690
"Longueuil",2.02715,32.66,13.34,43690
"Longueuil",2.026667,32.65,13.35,43690
"Longueuil",2.025414,32.66,13.34,43690
"Longueuil",2.026179,32.67,13.35,43690
"Longueuil",2.023643,32.69,13.37,43690
"Longueuil",2.023865,32.74,13.39,43690
"Longueuil",2.021736,32.72,13.39,43690
"Longueuil",2.020124,32.76,13.38,43690
"Longueuil",2.019086,32.77,13.43,43690
"Longueuil",2.019936,32.78,13.4,43690
"Longueuil",2.020086,32.79,13.36,43690
"Longueuil",2.017403,32.81,13.39,43690
"Longueuil",2.016963,32.82,13.37,43690
"Longueuil",2.019562,32.83,13.4,43690
"Longueuil",2.018041,32.84,13.43,43690
"Longueuil",2.01707,32.87,13.42,43690
"Longueuil",2.017471,32.88,13.42,43690
"Longueuil",2.016678,32.9,13.43,43690
"Longueuil",2.018237,32.92,13.45,43690
"Longueuil",2.014918,32.93,13.44,43690
"Longueuil",2.015805,32.95,13.36,43690
"Longueuil",2.016118,32.95,13.37,43690
"Longueuil",2.012802,32.97,13.36,43690
"Longueuil",2.012665,32.99,13.42,43690
"Longueuil",2.013194,33,13.37,43690
"Longueuil",2.012873,33.03,13.36,43690
"Longueuil",2.011503,33.04,13.37,43690
"Longueuil",2.013588,33.04,13.36,43690
"Longueuil",2.010419,33.06,13.33,43690
"Longueuil",2.010963,33.06,13.31,43690
"Longueuil",2.009399,33.08,13.3,43690
"Longueuil",2.009191,33.1,13.33,43690
"Longueuil",2.009145,33.1,13.37,43690
"Longueuil",2.009275,33.13,13.35,43690
"Longueuil",2.00735,33.13,13.37,43690
"Longueuil",2.006294,33.15,13.33,43690
"Longueuil",2.005625,33.16,13.31,43690
"Longueuil",2.007337,33.17,13.32,43690
"Longueuil",2.009053,33.19,13.33,43690
"Longueuil",2.012049,33.21,13.39,43690
"Longueuil",2.009745,33.22,13.37,43690
"Longueuil",2.007675,33.24,13.37,43690
"Longueuil",2.007688,33.26,13.4,43690
"Longueuil",2.005307,33.27,13.37,43690
"Longueuil",2.005862,33.29,13.39,43690
"Longueuil",2.005941,33.29,13.35,43690
"Longueuil",2.005506,33.29,13.36,43690
"Longueuil",2.005272,33.3,13.34,43690
"Longueuil",2.002792,33.32,13.35,43690
"Longueuil",2.00338,33.33,13.37,43690
"Longueuil",2.001732,33.35,13.36,43690
"Longueuil",2.001785,33.35,13.38,43690
"Longueuil",1.999362,33.36,13.37,43690
"Longueuil",1.9987,33.37,13.36,43690
"Longueuil",1.998947,33.37,13.39,43690
"Longueuil",1.996844,33.39,13.39,43690
"Longueuil",2.000127,33.41,13.39,43690
"Longueuil",1.998604,33.42,13.39,43690
"Longueuil",2.000483,33.42,13.41,43690
"Longueuil",1.999568,33.43,13.42,43690
"Longueuil",2.000534,33.44,13.4,43690
"Longueuil",2.000796,33.44,13.36,43690
"Longueuil",1.997704,33.45,13.35,43690
"Longueuil",1.996961,33.44,13.33,43690
"Longueuil",1.996831,33.47,13.34,43690
"Longueuil",1.996391,33.47,13.32,43690
"Longueuil",1.995872,33.47,13.32,43690
"Longueuil",1.995743,33.48,13.31,43690
"Longueuil",1.996185,33.51,13.34,43690
"Longueuil",1.994926,33.28,13.33,43690
"Longueuil",1.993429,33.54,13.37,43690
"Longueuil",1.993825,33.56,13.38,43690
"Longueuil",1.992945,33.55,13.42,43690
"Longueuil",1.989828,33.58,13.39,43690
"Longueuil",1.987991,33.57,13.42,43690
"Longueuil",1.988764,33.58,13.42,43690
"Longueuil",1.987852,33.58,13.45,43690
"Longueuil",1.987701,33.59,13.41,43690
"Longueuil",1.988154,33.59,13.39,43690
"Longueuil",1.989766,33.6,13.41,43690
"Longueuil",1.986804,33.6,13.33,43690
"Longueuil",1.985924,33.6,13.33,43690
"Longueuil",1.984418,33.6,13.37,43690
"Longueuil",1.987223,33.62,13.4,43690
"Longueuil",1.98747,33.64,13.4,43690
"Longueuil",1.986595,33.65,13.42,43690
"Longueuil",1.984678,33.64,13.42,43690
"Longueuil",1.986669,33.65,13.39,43690
"Longueuil",1.986181,33.66,13.36,43690
"Longueuil",1.986076,33.65,13.34,43690
"Longueuil",1.984482,33.63,13.33,43690
"Longueuil",1.983081,33.61,13.31,43690
"Longueuil",1.983721,33.61,13.3,43690
"Longueuil",1.980957,33.61,13.31,43690
"Longueuil",1.984161,33.6,13.3,43690
"Longueuil",1.982035,33.59,13.29,43690
"Longueuil",1.979233,33.58,13.28,43690
"Longueuil",1.982033,33.57,13.31,43690
"Longueuil",1.979436,33.56,13.34,43690
"Longueuil",1.978322,33.54,13.36,43690
"Longueuil",1.979085,33.51,13.3,43690
"Longueuil",1.980545,33.5,13.34,43690
"Longueuil",1.978406,33.48,13.35,43690
"Longueuil",1.978956,33.44,13.29,43690
"Longueuil",1.978396,33.41,13.31,43690
"Longueuil",1.9776,33.38,13.29,43690
"Longueuil",1.979065,33.38,13.34,43690
"Longueuil",1.97997,33.34,13.32,43690
"Longueuil",1.978416,33.31,13.3,43690
"Longueuil",1.97583,33.27,13.28,43690
"Longueuil",1.97537,33.24,13.33,43690
"Longueuil",1.974243,33.23,13.3,43690
"Longueuil",1.973595,33.2,13.3,43690
"Longueuil",1.973099,33.17,13.31,43690
"Longueuil",1.970327,33.14,13.28,43690
"Longueuil",1.969376,33.13,13.32,43690
"Longueuil",1.967801,33.1,13.3,43690
"Longueuil",1.966769,33.07,13.31,43690
"Longueuil",1.966962,33.03,13.29,43690
"Longueuil",1.965017,33,13.31,43690
"Longueuil",1.96386,32.97,13.29,43690
"Longueuil",1.967191,32.95,13.28,43690
"Longueuil",1.965556,32.92,13.32,43690
"Longueuil",1.965268,32.91,13.34,43690
"Longueuil",1.965866,32.89,13.37,43690
"Longueuil",1.964373,32.85,13.33,43690
"Longueuil",1.964676,32.82,13.33,43690
"Longueuil",1.965978,32.8,13.36,43690
"Longueuil",1.965307,32.78,13.43,43690
"Longueuil",1.965767,32.75,13.4,43690
"Longueuil",1.964892,32.73,13.41,43690
"Longueuil",1.965327,32.7,13.37,43690
"Longueuil",1.967496,32.69,13.39,43690
"Longueuil",1.965996,32.67,13.37,43690
"Longueuil",1.96492,32.64,13.38,43690
"Longueuil",1.964722,32.62,13.38,43690
"Longueuil",1.963102,32.62,13.35,43690
"Longueuil",1.962982,32.62,13.37,43690
"Longueuil",1.962206,32.62,13.37,43690
"Longueuil",1.960024,32.62,13.37,43690
"Longueuil",1.960836,32.61,13.35,43690
"Longueuil",1.960014,32.6,13.33,43690
"Longueuil",1.960276,32.62,13.34,43690
"Longueuil",1.960134,32.64,13.33,43690
"Longueuil",1.961665,32.66,13.35,43690
"Longueuil",1.958466,32.63,13.39,43690
"Longueuil",1.959056,32.65,13.42,43690
"Longueuil",1.958145,32.65,13.45,43690
"Longueuil",1.958811,32.7,13.38,43690
"Longueuil",1.962537,32.68,13.36,43690
"Longueuil",1.95973,32.67,13.36,43690
"Longueuil",1.960274,32.68,13.35,43690
"Longueuil",1.958715,32.71,13.4,43690
"Longueuil",1.958109,32.72,13.4,43690
"Longueuil",1.96034,32.74,13.42,43690
"Longueuil",1.955778,32.75,13.39,43690
"Longueuil",1.956085,32.76,13.36,43690
"Longueuil",1.956088,32.77,13.36,43690
"Longueuil",1.952871,32.8,13.39,43690
"Longueuil",1.953768,32.81,13.38,43690
"Longueuil",1.955236,32.82,13.43,43690
"Longueuil",1.952738,32.84,13.43,43690
"Longueuil",1.952385,32.87,13.44,43690
"Longueuil",1.950373,32.87,13.41,43690
"Longueuil",1.950178,32.88,13.42,43690
"Longueuil",1.949384,32.9,13.41,43690
"Longueuil",1.948547,32.92,13.47,43690
"Longueuil",1.947866,32.92,13.43,43690
"Longueuil",1.948212,32.95,13.44,43690
"Longueuil",1.948522,32.95,13.45,43690
"Longueuil",1.947266,32.97,13.42,43690
"Longueuil",1.948425,32.98,13.42,43690
"Longueuil",1.946704,33,13.43,43690
"Longueuil",1.947347,33.01,13.41,43690
"Longueuil",1.950323,33.02,13.39,43690
"Longueuil",1.948568,33.03,13.43,43690
"Longueuil",1.949641,33.06,13.39,43690
"Longueuil",1.946556,33.07,13.43,43690
"Longueuil",1.94664,33.09,13.39,43690
"Longueuil",1.946826,33.09,13.37,43690
"Longueuil",1.945585,33.11,13.37,43690
"Longueuil",1.947016,33.11,13.33,43690
"Longueuil",1.944562,33.13,13.34,43690
"Longueuil",1.944122,33.14,13.33,43690
"Longueuil",1.943232,33.14,13.35,43690
"Longueuil",1.93924,33.16,13.33,43690
"Longueuil",1.942014,33.17,13.35,43690
"Longueuil",1.939384,33.19,13.34,43690
"Longueuil",1.94092,33.2,13.37,43690
"Longueuil",1.938563,33.21,13.35,43690
"Longueuil",1.938596,33.23,13.36,43690
"Longueuil",1.938713,33.23,13.37,43690
"Longueuil",1.939552,33.23,13.37,43690
"Longueuil",1.937335,33.26,13.39,43690
"Longueuil",1.93751,33.27,13.38,43690
"Longueuil",1.939657,33.28,13.41,43690
"Longueuil",1.93796,33.3,13.4,43690
"Longueuil",1.937663,33.31,13.42,43690
"Longueuil",1.936958,33.32,13.42,43690
"Longueuil",1.93632,33.34,13.42,43690
"Longueuil",1.935893,33.34,13.43,43690
"Longueuil",1.934644,33.34,13.45,43690
"Longueuil",1.933342,33.36,13.41,43690
"Longueuil",1.934013,33.36,13.42,43690
"Longueuil",1.930906,33.36,13.39,43690
"Longueuil",1.929565,33.38,13.42,43690
"Longueuil",1.928301,33.39,13.44,43690
"Longueuil",1.927767,33.4,13.4,43690
"Longueuil",1.929062,33.28,13.37,43690
"Longueuil",1.929782,33.29,13.38,43690
"Longueuil",1.92779,33.37,13.41,43690
"Longueuil",1.926715,33.39,13.39,43690
"Longueuil",1.925659,33.42,13.38,43690
"Longueuil",1.926397,33.44,13.34,43690
"Longueuil",1.927256,33.44,13.36,43690
"Longueuil",1.926671,33.47,13.34,43690
"Longueuil",1.924789,33.46,13.3,43690
"Longueuil",1.92587,33.45,13.29,43690
"Longueuil",1.925031,33.45,13.3,43690
"Longueuil",1.925359,33.5,13.29,43690
"Longueuil",1.927381,33.5,13.32,43690
"Longueuil",1.925908,33.52,13.34,43690
"Longueuil",1.926498,33.54,13.33,43690
"Longueuil",1.926282,33.55,13.32,43690
"Longueuil",1.924797,33.34,13.29,43690
"Longueuil",1.923602,33.55,13.31,43690
"Longueuil",1.923108,33.57,13.32,43690
"Longueuil",1.921659,33.57,13.28,43690
"Longueuil",1.920593,33.58,13.31,43690
"Longueuil",1.922933,33.6,13.29,43690
"Longueuil",1.921018,33.6,13.32,43690
"Longueuil",1.922117,33.62,13.32,43690
"Longueuil",1.91821,33.62,13.33,43690
"Longueuil",1.91879,33.64,13.32,43690
"Longueuil",1.919286,33.65,13.31,43690
"Longueuil",1.915184,33.64,13.32,43690
"Longueuil",1.91836,33.66,13.34,43690
"Longueuil",1.916379,33.68,13.31,43690
"Longueuil",1.916593,33.68,13.31,43690
"Longueuil",1.912402,33.69,13.3,43690
"Longueuil",1.912588,33.69,13.31,43690
"Longueuil",1.916471,33.69,13.31,43690
"Longueuil",1.915497,33.69,13.34,43690
"Longueuil",1.913122,33.68,13.31,43690
"Longueuil",1.912877,33.67,13.28,43690
"Longueuil",1.913844,33.66,13.28,43690
"Longueuil",1.914159,33.65,13.29,43690
"Longueuil",1.909904,33.63,13.29,43690
"Longueuil",1.910159,33.61,13.29,43690
"Longueuil",1.910522,33.6,13.3,43690
"Longueuil",1.90948,33.58,13.28,43690
"Longueuil",1.907272,33.56,13.3,43690
"Longueuil",1.904762,33.53,13.3,43690
"Longueuil",1.907087,33.54,13.31,43690
"Longueuil",1.906283,33.49,13.29,43690
"Longueuil",1.905907,33.47,13.32,43690
"Longueuil",1.903252,33.44,13.32,43690
"Longueuil",1.900477,33.43,13.33,43690
"Longueuil",1.902885,33.41,13.41,43690
"Longueuil",1.905268,33.39,13.38,43690
"Longueuil",1.903887,33.37,13.39,43690
"Longueuil",1.903498,33.21,13.42,43690
"Longueuil",1.900998,33.3,13.4,43690
"Longueuil",1.903491,33.27,13.39,43690
"Longueuil",1.903615,33.23,13.39,43690
"Longueuil",1.903252,33.2,13.36,43690
"Longueuil",1.905444,33.16,13.34,43690
"Longueuil",1.902692,33.14,13.4,43690
"Longueuil",1.902184,33.1,13.37,43690
"Longueuil",1.901761,33.07,13.36,43690
"Longueuil",1.901718,32.97,13.38,43690
"Longueuil",1.901744,33.03,13.39,43690
"Longueuil",1.903941,33,13.35,43690
"Longueuil",1.901334,32.96,13.35,43690
"Longueuil",1.903036,32.92,13.35,43690
"Longueuil",1.901352,32.91,13.38,43690
"Longueuil",1.900744,32.88,13.39,43690
"Longueuil",1.901754,32.86,13.36,43690
"Longueuil",1.900436,32.84,13.38,43690
"Longueuil",1.900108,32.82,13.36,43690
"Longueuil",1.899694,32.79,13.39,43690
"Longueuil",1.899557,32.79,13.4,43690
"Longueuil",1.899211,32.67,13.38,43690
"Longueuil",1.899328,32.62,13.38,43690
"Longueuil",1.899218,32.69,13.42,43690
"Longueuil",1.89875,32.7,13.42,43690
"Longueuil",1.896805,32.43,13.42,43690
"Longueuil",1.897059,32.73,13.39,43690
"Longueuil",1.897402,32.74,13.39,43690
"Longueuil",1.895292,32.74,13.33,43690
"Longueuil",1.893176,32.75,13.31,43690
"Longueuil",1.892721,32.72,13.28,43690
"Longueuil",1.893768,32.72,13.32,43690
"Longueuil",1.892367,32.73,13.3,43690
"Longueuil",1.890897,32.75,13.35,43690
"Longueuil",1.891258,32.77,13.32,43690
"Longueuil",1.890803,32.79,13.3,43690
"Longueuil",1.891118,32.79,13.33,43690
"Longueuil",1.889903,32.8,13.34,43690
"Longueuil",1.889086,32.81,13.31,43690
"Longueuil",1.889923,32.81,13.32,43690
"Longueuil",1.891312,32.82,13.32,43690
"Longueuil",1.89239,32.85,13.3,43690
"Longueuil",1.88856,32.87,13.34,43690
"Longueuil",1.890317,32.89,13.35,43690
"Longueuil",1.890483,32.9,13.36,43690
"Longueuil",1.891925,32.9,13.38,43690
"Longueuil",1.889445,32.94,13.38,43690
"Longueuil",1.888705,32.93,13.43,43690
"Longueuil",1.888145,32.93,13.39,43690
"Longueuil",1.88869,32.93,13.41,43690
"Longueuil",1.886848,32.93,13.38,43690
"Longueuil",1.886487,32.95,13.39,43690
"Longueuil",1.88752,32.97,13.34,43690
"Longueuil",1.885877,32.99,13.37,43690
"Longueuil",1.885012,33.01,13.35,43690
"Longueuil",1.886327,33.03,13.39,43690
"Longueuil",1.885541,33.03,13.4,43690
"Longueuil",1.886136,33.05,13.38,43690
"Longueuil",1.882329,33.07,13.38,43690
"Longueuil",1.882711,33.07,13.39,43690
"Longueuil",1.880323,33.09,13.39,43690
"Longueuil",1.881467,33.09,13.38,43690
"Longueuil",1.883001,33.11,13.43,43690
"Longueuil",1.882813,33.11,13.4,43690
"Longueuil",1.881945,33.13,13.4,43690
"Longueuil",1.881907,33.14,13.37,43690
"Longueuil",1.880211,33.15,13.34,43690
"Longueuil",1.882306,33.15,13.33,43690
"Longueuil",1.881065,33.17,13.36,43690
"Longueuil",1.879369,33.19,13.39,43690
"Longueuil",1.881132,33.2,13.38,43690
"Longueuil",1.879158,33.22,13.38,43690
"Longueuil",1.877991,33.23,13.37,43690
"Longueuil",1.877304,33.24,13.34,43690
"Longueuil",1.875188,33.24,13.31,43690
"Longueuil",1.874524,33.26,13.32,43690
"Longueuil",1.875455,33.26,13.3,43690
"Longueuil",1.874842,33.25,13.31,43690
"Longueuil",1.873479,33.27,13.3,43690
"Longueuil",1.870633,33.29,13.32,43690
"Longueuil",1.87103,33.3,13.3,43690
"Longueuil",1.871216,33.33,13.32,43690
"Longueuil",1.870043,33.34,13.36,43690
"Longueuil",1.871203,33.35,13.35,43690
"Longueuil",1.871107,33.36,13.34,43690
"Longueuil",1.872009,33.37,13.33,43690
"Longueuil",1.87396,33.38,13.36,43690
"Longueuil",1.872307,33.4,13.36,43690
"Longueuil",1.874306,33.4,13.37,43690
"Longueuil",1.876152,33.42,13.36,43690
"Longueuil",1.874603,33.41,13.35,43690
"Longueuil",1.876198,33.41,13.34,43690
"Longueuil",1.875351,33.42,13.31,43690
"Longueuil",1.874883,33.42,13.34,43690
"Longueuil",1.874016,33.44,13.3,43690
"Longueuil",1.87335,33.45,13.3,43690
"Longueuil",1.876213,33.47,13.35,43690
"Longueuil",1.875788,33.46,13.39,43690
"Longueuil",1.874143,33.48,13.4,43690
"Longueuil",1.872093,33.5,13.4,43690
"Longueuil",1.87159,33.51,13.39,43690
"Longueuil",1.870168,33.52,13.42,43690
"Longueuil",1.871045,33.52,13.4,43690
"Longueuil",1.870959,33.53,13.38,43690
"Longueuil",1.870809,33.54,13.36,43690
"Longueuil",1.8706,33.55,13.34,43690
"Longueuil",1.869115,33.56,13.35,43690
"Longueuil",1.870682,33.57,13.36,43690
"Longueuil",1.868411,33.59,13.4,43690
"Longueuil",1.869242,33.58,13.36,43690
"Longueuil",1.868662,33.59,13.34,43690
"Longueuil",1.869792,33.58,13.33,43690
"Longueuil",1.869904,33.59,13.3,43690
"Longueuil",1.872477,33.6,13.3,43690
"Longueuil",1.86925,33.61,13.34,43690
"Longueuil",1.870621,33.63,13.37,43690
"Longueuil",1.868769,33.64,13.34,43690
"Longueuil",1.867607,33.64,13.38,43690
"Longueuil",1.868258,33.65,13.35,43690
"Longueuil",1.86717,33.68,13.39,43690
"Longueuil",1.864845,33.67,13.37,43690
"Longueuil",1.8632,33.66,13.34,43690
"Longueuil",1.863708,33.67,13.34,43690
"Longueuil",1.862022,33.66,13.3,43690
"Longueuil",1.862101,33.67,13.31,43690
"Longueuil",1.86292,33.68,13.33,43690
"Longueuil",1.863141,33.69,13.39,43690
"Longueuil",1.862028,33.7,13.39,43690
"Longueuil",1.861839,33.7,13.38,43690
"Longueuil",1.862017,33.72,13.34,43690
"Longueuil",1.862035,33.71,13.36,43690
"Longueuil",1.864451,33.72,13.35,43690
"Longueuil",1.865501,33.72,13.35,43690
"Longueuil",1.867203,33.73,13.35,43690
"Longueuil",1.865349,33.74,13.33,43690
"Longueuil",1.86584,33.74,13.32,43690
"Longueuil",1.867058,33.73,13.34,43690
"Longueuil",1.866709,33.73,13.29,43690
"Longueuil",1.867101,33.74,13.36,43690
"Longueuil",1.867149,33.74,13.31,43690
"Longueuil",1.869296,33.74,13.3,43690
"Longueuil",1.869041,33.75,13.29,43690
"Longueuil",1.868042,33.77,13.32,43690
"Longueuil",1.867655,33.78,13.32,43690
"Longueuil",1.867528,33.78,13.34,43690
"Longueuil",1.869446,33.75,13.32,43690
"Longueuil",1.865028,33.75,13.3,43690
"Longueuil",1.868067,33.75,13.31,43690
"Longueuil",1.867304,33.75,13.32,43690
"Longueuil",1.86692,33.75,13.3,43690
"Longueuil",1.868942,33.76,13.3,43690
"Longueuil",1.867556,33.66,13.3,43690
"Longueuil",1.867465,33.64,13.29,43690
"Longueuil",1.867124,33.7,13.35,43690
"Longueuil",1.866646,33.72,13.33,43690
"Longueuil",1.86731,33.73,13.31,43690
"Longueuil",1.868202,33.74,13.31,43690
"Longueuil",1.86837,33.73,13.3,43690
"Longueuil",1.863866,33.73,13.35,43690
"Longueuil",1.866979,33.76,13.36,43690
"Longueuil",1.865674,33.77,13.33,43690
"Longueuil",1.864759,33.77,13.36,43690
"Longueuil",1.863047,33.76,13.37,43690
"Longueuil",1.862885,33.78,13.34,43690
"Longueuil",1.864797,33.75,13.32,43690
"Longueuil",1.861791,33.76,13.31,43690
"Longueuil",1.863139,33.68,13.28,43690
"Longueuil",1.860321,33.62,13.29,43690
"Longueuil",1.860781,33.69,13.3,43690
"Longueuil",1.862371,33.73,13.31,43690
"Longueuil",1.860433,33.76,13.31,43690
"Longueuil",1.858836,33.77,13.35,43690
"Longueuil",1.861242,33.79,13.31,43690
"Longueuil",1.859688,33.8,13.32,43690
"Longueuil",1.860858,33.8,13.32,43690
"Longueuil",1.861025,33.8,13.33,43690
"Longueuil",1.859802,33.81,13.32,43690
"Longueuil",1.860967,33.82,13.35,43690
"Longueuil",1.863124,33.82,13.4,43690
"Longueuil",1.862462,33.83,13.35,43690
"Longueuil",1.862195,33.84,13.32,43690
"Longueuil",1.868479,33.84,13.32,43690
"Longueuil",1.863841,33.84,13.32,43690
"Longueuil",1.867027,33.85,13.33,43690
"Longueuil",1.865982,33.86,13.39,43690
"Longueuil",1.866142,33.86,13.41,43690
"Longueuil",1.866572,33.87,13.41,43690
"Longueuil",1.868319,33.88,13.39,43690
"Longueuil",1.864787,33.88,13.41,43690
"Longueuil",1.86468,33.88,13.41,43690
"Longueuil",1.865257,33.88,13.36,43690
"Longueuil",1.865321,33.89,13.36,43690
"Longueuil",1.864466,33.88,13.38,43690
"Longueuil",1.865079,33.88,13.37,43690
"Longueuil",1.865112,33.9,13.37,43690
"Longueuil",1.866241,33.88,13.34,43690
"Longueuil",1.866519,33.89,13.33,43690
"Longueuil",1.86923,33.9,13.35,43690
"Longueuil",1.86953,33.9,13.39,43690
"Longueuil",1.868019,33.91,13.41,43690
"Longueuil",1.867345,33.91,13.38,43690
"Longueuil",1.867566,33.9,13.38,43690
"Longueuil",1.868518,33.92,13.38,43690
"Longueuil",1.868431,33.92,13.38,43690
"Longueuil",1.87056,33.93,13.36,43690
"Longueuil",1.872014,33.92,13.39,43690
"Longueuil",1.869161,33.93,13.38,43690
"Longueuil",1.868696,33.93,13.39,43690
"Longueuil",1.872075,33.92,13.36,43690
"Longueuil",1.870715,33.93,13.4,43690
"Longueuil",1.869576,33.94,13.37,43690
"Longueuil",1.868205,33.93,13.39,43690
"Longueuil",1.866717,33.94,13.42,43690
"Longueuil",1.867157,33.95,13.4,43690
"Longueuil",1.867065,33.95,13.39,43690
"Longueuil",1.871546,33.95,13.36,43690
"Longueuil",1.868772,33.94,13.38,43690
"Longueuil",1.871409,33.72,13.38,43690
"Longueuil",1.870071,33.97,13.37,43690
"Longueuil",1.870735,33.96,13.39,43690
"Longueuil",1.872157,33.98,13.38,43690
"Longueuil",1.872777,33.97,13.34,43690
"Longueuil",1.872637,33.95,13.32,43690
"Longueuil",1.875208,33.96,13.34,43690
"Longueuil",1.87484,33.95,13.31,43690
"Longueuil",1.878019,33.97,13.31,43690
"Longueuil",1.877029,33.97,13.28,43690
"Longueuil",1.877134,33.97,13.28,43690
"Longueuil",1.878822,33.97,13.3,43690
"Longueuil",1.877668,33.98,13.29,43690
"Longueuil",1.878754,33.99,13.27,43690
"Longueuil",1.877993,34,13.3,43690
"Longueuil",1.878187,33.99,13.3,43690
"Longueuil",1.880147,34.01,13.34,43690
"Longueuil",1.878588,34.01,13.33,43690
"Longueuil",1.877777,34,13.33,43690
"Longueuil",1.876465,33.99,13.34,43690
"Longueuil",1.878983,33.98,13.33,43690
"Longueuil",1.877543,33.95,13.34,43690
"Longueuil",1.878614,33.95,13.38,43690
"Longueuil",1.878914,33.94,13.43,43690
"Longueuil",1.881994,33.75,13.42,43690
"Longueuil",1.882271,33.89,13.43,43690
"Longueuil",1.880458,33.87,13.49,43690
"Longueuil",1.881416,33.84,13.4,43690
"Longueuil",1.884481,33.81,13.4,43690
"Longueuil",1.882253,33.77,13.42,43690
"Longueuil",1.885404,33.76,13.43,43690
"Longueuil",1.88401,33.72,13.43,43690
"Longueuil",1.885445,33.67,13.4,43690
"Longueuil",1.883494,33.66,13.38,43690
"Longueuil",1.884771,33.63,13.38,43690
"Longueuil",1.8846,33.6,13.38,43690
"Longueuil",1.881838,33.57,13.4,43690
"Longueuil",1.881958,33.54,13.43,43690
"Longueuil",1.882311,33.52,13.44,43690
"Longueuil",1.882345,33.49,13.42,43690
"Longueuil",1.883603,33.46,13.41,43690
"Longueuil",1.882261,33.4,13.38,43690
"Longueuil",1.882243,33.37,13.39,43690
"Longueuil",1.882116,33.32,13.34,43690
"Longueuil",1.884155,33.3,13.37,43690
"Longueuil",1.884893,33.27,13.37,43690
"Longueuil",1.887166,33.24,13.36,43690
"Longueuil",1.887395,33.21,13.33,43690
"Longueuil",1.888687,33.17,13.35,43690
"Longueuil",1.890035,33.14,13.3,43690
"Longueuil",1.892006,33.12,13.36,43690
"Longueuil",1.894089,33.1,13.36,43690
"Longueuil",1.89417,33.06,13.36,43690
"Longueuil",1.895287,33.05,13.4,43690
"Longueuil",1.896357,33.02,13.36,43690
"Longueuil",1.895966,32.99,13.42,43690
"Longueuil",1.894829,32.94,13.41,43690
"Longueuil",1.898389,32.93,13.38,43690
"Longueuil",1.897346,32.9,13.37,43690
"Longueuil",1.895426,32.86,13.35,43690
"Longueuil",1.895686,32.83,13.32,43690
"Longueuil",1.895737,32.82,13.34,43690
"Longueuil",1.897586,32.82,13.34,43690
"Longueuil",1.895716,32.81,13.36,43690
"Longueuil",1.896339,32.82,13.37,43690
"Longueuil",1.898013,32.81,13.33,43690
"Longueuil",1.902105,32.81,13.34,43690
"Longueuil",1.900973,32.81,13.36,43690
"Longueuil",1.901822,32.81,13.37,43690
"Longueuil",1.903671,32.81,13.34,43690
"Longueuil",1.904144,32.83,13.36,43690
"Longueuil",1.907117,32.85,13.4,43690
"Longueuil",1.907633,32.86,13.42,43690
"Longueuil",1.905502,32.85,13.4,43690
"Longueuil",1.909826,32.86,13.41,43690
"Longueuil",1.913808,32.86,13.39,43690
"Longueuil",1.915319,32.85,13.37,43690
"Longueuil",1.91744,32.88,13.39,43690
"Longueuil",1.915858,32.89,13.39,43690
"Longueuil",1.919683,32.91,13.34,43690
"Longueuil",1.920044,32.9,13.36,43690
"Longueuil",1.91968,32.9,13.32,43690
"Longueuil",1.920746,32.89,13.29,43690
"Longueuil",1.920418,32.9,13.3,43690
"Longueuil",1.921407,32.92,13.3,43690
"Longueuil",1.923337,32.95,13.32,43690
"Longueuil",1.92336,32.96,13.34,43690
"Longueuil",1.925532,32.97,13.31,43690
"Longueuil",1.926654,33.01,13.33,43690
"Longueuil",1.927839,33,13.31,43690
"Longueuil",1.929174,33.01,13.33,43690
"Longueuil",1.929466,33.03,13.31,43690
"Longueuil",1.92898,33.03,13.3,43690
"Longueuil",1.933322,33.06,13.3,43690
"Longueuil",1.934306,33.07,13.34,43690
"Longueuil",1.933515,33.09,13.33,43690
"Longueuil",1.934224,33.1,13.36,43690
"Longueuil",1.937218,33.12,13.36,43690
"Longueuil",1.933502,33.13,13.38,43690
"Longueuil",1.932269,33.15,13.41,43690
"Longueuil",1.933947,33.16,13.39,43690
"Longueuil",1.933868,33.17,13.42,43690
"Longueuil",1.934799,33.18,13.39,43690
"Longueuil",1.932752,33.19,13.39,43690
"Longueuil",1.936012,33.21,13.36,43690
"Longueuil",1.936348,33.21,13.41,43690
"Longueuil",1.935944,33.22,13.34,43690
"Longueuil",1.938357,33.23,13.33,43690
"Longueuil",1.937935,33.24,13.38,43690
"Longueuil",1.939211,33.26,13.37,43690
"Longueuil",1.941844,33.27,13.36,43690
"Longueuil",1.939184,33.3,13.37,43690
"Longueuil",1.943932,33.31,13.39,43690
"Longueuil",1.944748,33.33,13.36,43690
"Longueuil",1.945788,33.33,13.37,43690
"Longueuil",1.946602,33.36,13.41,43690
"Longueuil",1.950104,33.37,13.41,43690
"Longueuil",1.952563,33.38,13.42,43690
"Longueuil",1.950933,33.27,13.43,43690
"Longueuil",1.953527,33.41,13.39,43690
"Longueuil",1.956174,33.41,13.4,43690
"Longueuil",1.957471,33.43,13.4,43690
"Longueuil",1.959399,33.42,13.39,43690
"Longueuil",1.961332,33.43,13.37,43690
"Longueuil",1.963303,33.45,13.37,43690
"Longueuil",1.962608,33.48,13.4,43690
"Longueuil",1.963926,33.47,13.38,43690
"Longueuil",1.967476,33.49,13.33,43690
"Longueuil",1.966164,33.49,13.35,43690
"Longueuil",1.969437,33.31,13.36,43690
"Longueuil",1.970497,33.52,13.45,43690
"Longueuil",1.970535,33.52,13.4,43690
"Longueuil",1.972895,33.54,13.41,43690
"Longueuil",1.973188,33.54,13.43,43690
"Longueuil",1.976621,33.56,13.45,43690
"Longueuil",1.979617,33.56,13.37,43690
"Longueuil",1.978884,33.55,13.33,43690
"Longueuil",1.981031,33.43,13.4,43690
"Longueuil",1.984197,33.47,13.37,43690
"Longueuil",1.987129,33.54,13.33,43690
"Longueuil",1.990784,33.55,13.33,43690
"Longueuil",1.992602,33.58,13.37,43690
"Longueuil",1.992071,33.6,13.37,43690
"Longueuil",1.994545,33.61,13.36,43690
"Longueuil",1.997551,33.63,13.33,43690
"Longueuil",1.999761,33.63,13.34,43690
"Longueuil",2.000936,33.63,13.35,43690
"Longueuil",2.001452,33.64,13.35,43690
"Longueuil",2.005366,33.64,13.36,43690
"Longueuil",2.008458,33.67,13.39,43690
"Longueuil",2.009529,33.67,13.4,43690
"Longueuil",2.011205,33.7,13.42,43690
"Longueuil",2.013692,33.7,13.4,43690
"Longueuil",2.01344,33.7,13.41,43690
"Longueuil",2.012703,33.71,13.4,43690
"Longueuil",2.01708,33.72,13.38,43690
"Longueuil",2.017395,33.71,13.34,43690
"Longueuil",2.022835,33.72,13.36,43690
"Longueuil",2.023102,33.75,13.39,43690
"Longueuil",2.02636,33.74,13.37,43690
"Longueuil",2.027405,33.74,13.38,43690
"Longueuil",2.026779,33.76,13.38,43690
"Longueuil",2.028651,33.76,13.35,43690
"Longueuil",2.036313,33.77,13.34,43690
"Longueuil",2.032799,33.76,13.31,43690
"Longueuil",2.03875,33.76,13.31,43690
"Longueuil",2.039154,33.76,13.32,43690
"Longueuil",2.042254,33.75,13.28,43690
"Longueuil",2.041814,33.78,13.3,43690
"Longueuil",2.04189,33.78,13.3,43690
"Longueuil",2.04614,33.8,13.31,43690
"Longueuil",2.048291,33.8,13.28,43690
"Longueuil",2.047195,33.81,13.29,43690
"Longueuil",2.04851,33.81,13.31,43690
"Longueuil",2.049411,33.82,13.31,43690
"Longueuil",2.051297,33.83,13.28,43690
"Longueuil",2.055789,33.85,13.32,43690
"Longueuil",2.055901,33.85,13.36,43690
"Longueuil",2.058306,33.85,13.33,43690
"Longueuil",2.059158,33.87,13.4,43690
"Longueuil",2.059558,33.87,13.36,43690
"Longueuil",2.063395,33.88,13.33,43690
"Longueuil",2.062688,33.88,13.33,43690
"Longueuil",2.068031,33.87,13.33,43690
"Longueuil",2.066475,33.88,13.33,43690
"Longueuil",2.069768,33.87,13.36,43690
"Longueuil",2.072749,33.88,13.33,43690
"Longueuil",2.07089,33.88,13.38,43690
"Longueuil",2.074677,33.87,13.38,43690
"Longueuil",2.077187,33.85,13.38,43690
"Longueuil",2.077832,33.84,13.39,43690
"Longueuil",2.078794,33.82,13.37,43690
"Longueuil",2.080905,33.8,13.37,43690
"Longueuil",2.080073,33.53,13.37,43690
"Longueuil",2.080846,33.76,13.32,43690
"Longueuil",2.081568,33.74,13.35,43690
"Longueuil",2.083232,33.7,13.34,43690
"Longueuil",2.085953,33.67,13.39,43690
"Longueuil",2.085815,33.65,13.36,43690
"Longueuil",2.087784,33.64,13.34,43690
"Longueuil",2.088547,33.61,13.32,43690
"Longueuil",2.090459,33.58,13.33,43690
"Longueuil",2.092331,33.55,13.36,43690
"Longueuil",2.09374,33.53,13.37,43690
"Longueuil",2.095345,33.49,13.37,43690
"Longueuil",2.095177,33.46,13.34,43690
"Longueuil",2.096288,33.41,13.34,43690
"Longueuil",2.098676,33.39,13.34,43690
"Longueuil",2.100103,33.35,13.31,43690
"Longueuil",2.100594,33.33,13.32,43690
"Longueuil",2.10172,33.3,13.31,43690
"Longueuil",2.104375,33.04,13.31,43690
"Longueuil",2.102997,33.23,13.33,43690
"Longueuil",2.105151,33.21,13.32,43690
"Longueuil",2.107735,33.18,13.31,43690
"Longueuil",2.108813,33.16,13.3,43690
"Longueuil",2.108386,33.12,13.3,43690
"Longueuil",2.108226,33.1,13.34,43690
"Longueuil",2.111651,33.06,13.33,43690
"Longueuil",2.112188,33.05,13.32,43690
"Longueuil",2.112506,33.01,13.36,43690
"Longueuil",2.115295,33,13.37,43690
"Longueuil",2.115079,32.97,13.39,43690
"Longueuil",2.116704,32.94,13.37,43690
"Longueuil",2.119232,32.91,13.33,43690
"Longueuil",2.11982,32.88,13.33,43690
"Longueuil",2.12296,32.87,13.34,43690
"Longueuil",2.124646,32.85,13.33,43690
"Longueuil",2.126409,32.84,13.32,43690
"Longueuil",2.127274,32.84,13.33,43690
"Longueuil",2.125305,32.83,13.36,43690
"Longueuil",2.129463,32.83,13.38,43690
"Longueuil",2.130302,32.84,13.41,43690
"Longueuil",2.134499,32.84,13.42,43690
"Longueuil",2.133136,32.84,13.41,43690
"Longueuil",2.135368,32.85,13.4,43690
"Longueuil",2.134155,32.85,13.37,43690
"Longueuil",2.136914,32.85,13.38,43690
"Longueuil",2.137627,32.87,13.39,43690
"Longueuil",2.139903,32.87,13.44,43690
"Longueuil",2.14046,32.89,13.44,43690
"Longueuil",2.140953,32.91,13.43,43690
"Longueuil",2.141912,32.92,13.43,43690
"Longueuil",2.145828,32.92,13.42,43690
"Longueuil",2.146688,32.94,13.4,43690
"Longueuil",2.147761,32.94,13.41,43690
"Longueuil",2.149808,32.96,13.44,43690
"Longueuil",2.149793,32.97,13.41,43690
"Longueuil",2.15151,32.97,13.39,43690
"Longueuil",2.15435,32.98,13.41,43690
"Longueuil",2.154312,32.99,13.4,43690
"Longueuil",2.154602,32.99,13.37,43690
"Longueuil",2.158567,33.01,13.36,43690
"Longueuil",2.160316,33.01,13.34,43690
"Longueuil",2.163475,33.02,13.3,43690
"Longueuil",2.160968,33.01,13.3,43690
"Longueuil",2.165731,33.02,13.31,43690
"Longueuil",2.166514,33.05,13.31,43690
"Longueuil",2.166646,33.07,13.33,43690
"Longueuil",2.166646,33.1,13.34,43690
"Longueuil",2.170079,33.1,13.31,43690
"Longueuil",2.16969,33.11,13.35,43690
"Longueuil",2.173459,33.14,13.38,43690
"Longueuil",2.174787,33.15,13.38,43690
"Longueuil",2.172874,33.15,13.39,43690
"Longueuil",2.177549,33.16,13.42,43690
"Longueuil",2.176613,33.17,13.39,43690
"Longueuil",2.178126,33.17,13.41,43690
"Longueuil",2.179425,33.16,13.43,43690
"Longueuil",2.179082,33.15,13.39,43690
"Longueuil",2.182503,33.14,13.39,43690
"Longueuil",2.184265,33.13,13.4,43690
"Longueuil",2.185567,33.11,13.38,43690
"Longueuil",2.188721,33.12,13.42,43690
"Longueuil",2.186078,33.11,13.43,43690
"Longueuil",2.188794,33.08,13.42,43690
"Longueuil",2.191902,33.07,13.4,43690
"Longueuil",2.190158,33.05,13.4,43690
"Longueuil",2.192981,33.03,13.38,43690
"Longueuil",2.194547,33.01,13.39,43690
"Longueuil",2.197505,33,13.44,43690
"Longueuil",2.196617,32.97,13.39,43690
"Longueuil",2.197568,32.96,13.37,43690
"Longueuil",2.197217,32.94,13.37,43690
"Longueuil",2.197009,32.91,13.4,43690
"Longueuil",2.200325,32.88,13.42,43690
"Longueuil",2.201159,32.87,13.39,43690
"Longueuil",2.201335,32.84,13.39,43690
"Longueuil",2.201062,32.79,13.34,43690
"Longueuil",2.204969,32.78,13.33,43690
"Longueuil",2.206212,32.76,13.34,43690
"Longueuil",2.208542,32.74,13.33,43690
"Longueuil",2.205195,32.73,13.37,43690
"Longueuil",2.205894,32.72,13.4,43690
"Longueuil",2.209445,32.69,13.38,43690
"Longueuil",2.209277,32.67,13.38,43690
"Longueuil",2.212087,32.67,13.4,43690
"Longueuil",2.213732,32.64,13.35,43690
"Longueuil",2.216153,32.62,13.34,43690
"Longueuil",2.215741,32.73,13.34,43690
"Longueuil",2.216408,32.62,13.4,43690
"Longueuil",2.219579,32.61,13.41,43690
"Longueuil",2.221995,32.6,13.33,43690
"Longueuil",2.221794,32.6,13.31,43690
"Longueuil",2.222867,32.59,13.34,43690
"Longueuil",2.224452,32.63,13.34,43690
"Longueuil",2.222824,32.6,13.34,43690
"Longueuil",2.225001,32.6,13.35,43690
"Longueuil",2.224772,32.61,13.36,43690
"Longueuil",2.22936,32.62,13.4,43690
"Longueuil",2.228193,32.63,13.36,43690
"Longueuil",2.228086,32.63,13.37,43690
"Longueuil",2.234657,32.64,13.36,43690
"Longueuil",2.231219,32.67,13.39,43690
"Longueuil",2.231066,32.68,13.36,43690
"Longueuil",2.233584,32.68,13.38,43690
"Longueuil",2.234525,32.7,13.37,43690
"Longueuil",2.234347,32.71,13.37,43690
"Longueuil",2.236242,32.71,13.34,43690
"Longueuil",2.236336,32.74,13.34,43690
"Longueuil",2.240257,32.76,13.33,43690
"Longueuil",2.240537,32.78,13.34,43690
"Longueuil",2.245036,32.79,13.4,43690
"Longueuil",2.243963,32.82,13.38,43690
"Longueuil",2.243744,32.81,13.36,43690
"Longueuil",2.247045,32.82,13.38,43690
"Longueuil",2.246966,32.86,13.37,43690
"Longueuil",2.246732,32.88,13.37,43690
"Longueuil",2.250715,32.88,13.35,43690
"Longueuil",2.249011,32.88,13.3,43690
"Longueuil",2.248004,32.91,13.34,43690
"Longueuil",2.250102,32.93,13.43,43690
"Longueuil",2.250877,32.95,13.31,43690
"Longueuil",2.251188,32.97,13.32,43690
"Longueuil",2.252472,32.98,13.35,43690
"Longueuil",2.252726,33.01,13.38,43690
"Longueuil",2.253711,33.04,13.42,43690
"Longueuil",2.254087,33.05,13.37,43690
"Longueuil",2.255272,33.07,13.37,43690
"Longueuil",2.257851,33.07,13.37,43690
"Longueuil",2.26076,33.09,13.4,43690
"Longueuil",2.259995,33.1,13.41,43690
"Longueuil",2.265536,33.12,13.42,43690
"Longueuil",2.266299,33.13,13.39,43690
"Longueuil",2.267469,33.15,13.37,43690
"Longueuil",2.272692,33.14,13.35,43690
"Longueuil",2.270704,33.15,13.33,43690
"Longueuil",2.274521,33.18,13.33,43690
"Longueuil",2.273328,33.18,13.34,43690
"Longueuil",2.273661,33.21,13.33,43690
"Longueuil",2.275963,33.23,13.37,43690
"Longueuil",2.275978,33.25,13.36,43690
"Longueuil",2.278913,33.26,13.34,43690
"Longueuil",2.278315,33.27,13.33,43690
"Longueuil",2.280734,33.28,13.35,43690
"Longueuil",2.284566,33.07,13.36,43690
"Longueuil",2.285098,33.31,13.37,43690
"Longueuil",2.284312,33.31,13.35,43690
"Longueuil",2.274033,33.32,13.32,43690
"Longueuil",2.27285,33.31,13.33,43690
"Longueuil",2.274144,33.32,13.35,43690
"Longueuil",2.273567,33.32,13.34,43690
"Longueuil",2.273364,33.31,13.37,43690
"Longueuil",2.27361,33.31,13.37,43690
"Longueuil",2.276543,33.31,13.37,43690
"Longueuil",2.275289,33.32,13.4,43690
"Longueuil",2.274462,33.3,13.42,43690
"Longueuil",2.276108,33.29,13.43,43690
"Longueuil",2.275342,33.28,13.42,43690
"Longueuil",2.275681,33.24,13.43,43690
"Longueuil",2.278127,33.24,13.42,43690
"Longueuil",2.276853,33.2,13.39,43690
"Longueuil",2.278361,33.18,13.42,43690
"Longueuil",2.281797,33.17,13.4,43690
"Longueuil",2.283737,33.15,13.38,43690
"Longueuil",2.283567,33.14,13.39,43690
"Longueuil",2.284131,33.11,13.38,43690
"Longueuil",2.283297,33.07,13.37,43690
"Longueuil",2.283002,33.05,13.35,43690
"Longueuil",2.285884,33.03,13.34,43690
"Longueuil",2.284139,33,13.32,43690
"Longueuil",2.287315,32.96,13.31,43690
"Longueuil",2.288531,32.94,13.31,43690
"Longueuil",2.286504,32.93,13.34,43690
"Longueuil",2.287198,32.9,13.31,43690
"Longueuil",2.290097,32.88,13.36,43690
"Longueuil",2.290085,32.85,13.33,43690
"Longueuil",2.289973,32.83,13.35,43690
"Longueuil",2.290054,32.82,13.34,43690
"Longueuil",2.287905,32.81,13.35,43690
"Longueuil",2.288236,32.79,13.39,43690
"Longueuil",2.289271,32.78,13.43,43690
"Longueuil",2.290461,32.75,13.4,43690
"Longueuil",4.586047,32.72,13.39,43690
"Longueuil",4.820551,32.7,13.39,43690
"Longueuil",2.417491,32.68,13.4,43690
"Longueuil",2.300499,32.66,13.43,43690
"Longueuil",2.296173,32.65,13.36,43690
"Longueuil",2.295509,32.64,13.38,43690
"Longueuil",2.295624,32.64,13.42,43690
"Longueuil",2.295563,32.63,13.43,43690
"Longueuil",2.294365,32.66,13.44,43690
"Longueuil",2.293599,32.64,13.44,43690
"Longueuil",2.296199,32.63,13.39,43690
"Longueuil",2.298732,32.64,13.41,43690
"Longueuil",2.299133,32.64,13.44,43690
"Longueuil",2.297773,32.66,13.44,43690
"Longueuil",2.298444,32.65,13.38,43690
"Longueuil",2.297623,32.67,13.39,43690
"Longueuil",2.29734,32.67,13.34,43690
"Longueuil",2.298922,32.68,13.35,43690
"Longueuil",2.300341,32.69,13.35,43690
"Longueuil",2.297112,32.69,13.31,43690
"Longueuil",2.297129,32.71,13.32,43690
"Longueuil",2.296809,32.73,13.36,43690
"Longueuil",2.298042,32.73,13.33,43690
"Longueuil",2.296262,32.73,13.4,43690
"Longueuil",2.297961,32.74,13.35,43690
"Longueuil",2.298154,32.74,13.34,43690
"Longueuil",2.298248,32.74,13.37,43690
"Longueuil",2.297961,32.74,13.36,43690
"Longueuil",2.298612,32.72,13.35,43690
"Longueuil",2.299019,32.72,13.34,43690
"Longueuil",2.297312,32.71,13.33,43690
"Longueuil",2.297412,32.71,13.36,43690
"Longueuil",2.295652,32.7,13.38,43690
"Longueuil",2.297567,32.7,13.36,43690
"Longueuil",2.297117,32.68,13.33,43690
"Longueuil",2.29613,32.67,13.34,43690
"Longueuil",2.298218,32.66,13.33,43690
"Longueuil",2.299945,32.63,13.31,43690
"Longueuil",2.297717,32.62,13.32,43690
"Longueuil",2.299296,32.59,13.32,43690
"Longueuil",2.298795,32.59,13.34,43690
"Longueuil",2.29833,32.57,13.32,43690
"Longueuil",2.298904,32.56,13.32,43690
"Longueuil",2.297302,32.54,13.33,43690
"Longueuil",2.298302,32.52,13.33,43690
"Longueuil",2.298732,32.5,13.33,43690
"Longueuil",2.298068,32.47,13.32,43690
"Longueuil",2.297094,32.46,13.32,43690
"Longueuil",2.299187,32.45,13.35,43690
"Longueuil",2.295451,32.43,13.37,43690
"Longueuil",2.296857,32.42,13.34,43690
"Longueuil",2.298813,32.4,13.33,43690
"Longueuil",2.298388,32.4,13.35,43690
"Longueuil",2.296956,32.38,13.4,43690
"Longueuil",2.299395,32.46,13.38,43690
"Longueuil",2.298553,32.36,13.35,43690
"Longueuil",2.298114,32.36,13.34,43690
"Longueuil",2.300809,32.35,13.35,43690
"Longueuil",2.300608,32.35,13.34,43690
"Longueuil",2.302228,32.37,13.32,43690
"Longueuil",2.302022,32.36,13.33,43690
"Longueuil",2.301399,32.33,13.35,43690
"Longueuil",2.301636,32.39,13.34,43690
"Longueuil",2.301605,32.4,13.31,43690
"Longueuil",2.302317,32.41,13.32,43690
"Longueuil",2.300311,32.44,13.3,43690
"Longueuil",2.301982,32.44,13.31,43690
"Longueuil",2.30352,32.54,13.34,43690
"Longueuil",2.299891,32.47,13.37,43690
"Longueuil",2.300117,32.5,13.4,43690
"Longueuil",2.300547,32.5,13.35,43690
"Longueuil",2.299726,32.5,13.34,43690
"Longueuil",2.299294,32.5,13.33,43690
"Longueuil",2.300168,32.5,13.34,43690
"Longueuil",2.299736,32.51,13.36,43690
"Longueuil",2.299667,32.52,13.35,43690
"Longueuil",2.300908,32.49,13.32,43690
"Longueuil",2.299606,32.49,13.32,43690
"Longueuil",2.297994,32.49,13.31,43690
"Longueuil",2.297831,32.49,13.32,43690
"Longueuil",2.29597,32.5,13.34,43690
"Longueuil",2.298754,32.48,13.36,43690
"Longueuil",2.298157,32.48,13.37,43690
"Longueuil",2.298681,32.51,13.4,43690
"Longueuil",2.299787,32.46,13.39,43690
"Longueuil",2.298289,32.47,13.43,43690
"Longueuil",2.30086,32.45,13.43,43690
"Longueuil",2.300451,32.42,13.38,43690
"Longueuil",2.29999,32.41,13.38,43690
"Longueuil",2.29878,32.42,13.39,43690
"Longueuil",2.298599,32.39,13.38,43690
"Longueuil",2.300517,32.37,13.35,43690
"Longueuil",2.300021,32.36,13.34,43690
"Longueuil",2.300034,32.34,13.34,43690
"Longueuil",2.301982,32.35,13.36,43690
"Longueuil",2.300969,32.31,13.34,43690
"Longueuil",2.301292,32.3,13.31,43690
"Longueuil",2.301053,32.29,13.35,43690
"Longueuil",2.302409,32.28,13.36,43690
"Longueuil",2.302567,32.27,13.36,43690
"Longueuil",2.302195,32.27,13.37,43690
"Longueuil",2.301435,32.26,13.33,43690
"Longueuil",2.302094,32.26,13.35,43690
"Longueuil",2.303927,32.26,13.35,43690
"Longueuil",2.303632,32.25,13.38,43690
"Longueuil",2.304708,32.26,13.39,43690
"Longueuil",2.304344,32.27,13.39,43690
"Longueuil",2.305491,32.29,13.41,43690
"Longueuil",2.302546,32.29,13.41,43690
"Longueuil",2.303436,32.32,13.38,43690
"Longueuil",2.305921,32.31,13.44,43690
"Longueuil",2.302533,32.33,13.4,43690
"Longueuil",2.302546,32.34,13.37,43690
"Longueuil",2.302938,32.43,13.38,43690
"Longueuil",2.303309,32.37,13.38,43690
"Longueuil",2.301193,32.38,13.39,43690
"Longueuil",2.300067,32.4,13.37,43690
"Longueuil",2.301748,32.43,13.39,43690
"Longueuil",2.299367,32.41,13.37,43690
"Longueuil",2.298426,32.51,13.33,43690
"Longueuil",2.299299,32.43,13.33,43690
"Longueuil",2.298775,32.42,13.38,43690
"Longueuil",2.297155,32.43,13.33,43690
"Longueuil",2.296165,32.45,13.34,43690
"Longueuil",2.297274,32.41,13.33,43690
"Longueuil",2.298185,32.4,13.3,43690
"Longueuil",2.295995,32.38,13.32,43690
"Longueuil",2.294365,32.39,13.3,43690
"Longueuil",2.296089,32.39,13.35,43690
"Longueuil",2.293576,32.39,13.33,43690
"Longueuil",2.293782,32.38,13.39,43690
"Longueuil",2.295733,32.36,13.36,43690
"Longueuil",2.293439,32.1,13.33,43690
"Longueuil",2.29245,32.34,13.33,43690
"Longueuil",2.292109,32.32,13.39,43690
"Longueuil",2.293905,32.31,13.33,43690
"Longueuil",2.294278,32.31,13.33,43690
"Longueuil",2.291298,32.29,13.32,43690
"Longueuil",2.291362,32.28,13.37,43690
"Longueuil",2.293424,32.27,13.37,43690
"Longueuil",2.293762,32.25,13.36,43690
"Longueuil",2.292091,32.32,13.39,43690
"Longueuil",2.293515,32.29,13.38,43690
"Longueuil",2.293933,32.23,13.4,43690
"Longueuil",2.295192,32.22,13.41,43690
"Longueuil",2.297351,32.21,13.42,43690
"Longueuil",2.292717,32.36,13.4,43690
"Longueuil",2.295013,32.21,13.39,43690
"Longueuil",2.293025,32.22,13.43,43690
"Longueuil",2.293976,32.03,13.42,43690
"Longueuil",2.291623,32.23,13.44,43690
"Longueuil",2.292992,32.22,13.44,43690
"Longueuil",2.292371,32.26,13.43,43690
"Longueuil",2.292107,32.25,13.44,43690
"Longueuil",2.29111,32.25,13.44,43690
"Longueuil",2.290784,32.27,13.44,43690
"Longueuil",2.290138,32.29,13.44,43690
"Longueuil",2.291339,32.3,13.46,43690
"Longueuil",2.288597,32.32,13.45,43690
"Longueuil",2.288895,32.33,13.44,43690
"Longueuil",2.289284,32.34,13.4,43690
"Longueuil",2.289688,32.33,13.39,43690
"Longueuil",2.288521,32.33,13.33,43690
"Longueuil",2.287969,32.34,13.34,43690
"Longueuil",2.288101,32.33,13.32,43690
"Longueuil",2.284587,32.33,13.31,43690
"Longueuil",2.285029,32.34,13.33,43690
"Longueuil",2.286878,32.33,13.32,43690
"Longueuil",2.285675,32.34,13.37,43690
"Longueuil",2.284683,32.37,13.36,43690
"Longueuil",2.284019,32.35,13.36,43690
"Longueuil",2.286303,32.36,13.38,43690
"Longueuil",2.283702,32.33,13.37,43690
"Longueuil",2.283035,32.33,13.39,43690
"Longueuil",2.282417,32.33,13.42,43690
"Longueuil",2.280329,32.32,13.39,43690
"Longueuil",2.282138,32.31,13.36,43690
"Longueuil",2.281192,32.29,13.37,43690
"Longueuil",2.282005,32.27,13.37,43690
"Longueuil",2.280385,32.26,13.39,43690
"Longueuil",2.284752,32.26,13.43,43690
"Longueuil",2.280116,32.24,13.42,43690
"Longueuil",2.281873,32.24,13.45,43690
"Longueuil",2.28375,32.23,13.43,43690
"Longueuil",2.284139,32.2,13.4,43690
"Longueuil",2.282733,32.2,13.38,43690
"Longueuil",2.283323,32.17,13.4,43690
"Longueuil",2.283857,32.17,13.38,43690
"Longueuil",2.284686,32.16,13.35,43690
"Longueuil",2.282148,32.16,13.37,43690
"Longueuil",2.284396,32.16,13.34,43690
"Longueuil",2.302478,32.25,13.32,43690
"Longueuil",2.305117,32.17,13.32,43690
"Longueuil",2.297261,32.18,13.31,43690
"Longueuil",2.31059,32.18,13.34,43690
"Longueuil",2.303729,32.19,13.36,43690
"Longueuil",2.296099,32.22,13.37,43690
"Longueuil",2.293282,32.23,13.36,43690
"Longueuil",2.291181,32.24,13.32,43690
"Longueuil",2.292712,32.25,13.34,43690
"Longueuil",2.291064,32.28,13.35,43690
"Longueuil",2.289848,32.33,13.34,43690
"Longueuil",2.289108,32.31,13.37,43690
"Longueuil",2.286657,32.34,13.36,43690
"Longueuil",2.286199,32.36,13.38,43690
"Longueuil",2.286664,32.42,13.4,43690
"Longueuil",2.28731,32.39,13.39,43690
"Longueuil",2.288567,32.39,13.39,43690
"Longueuil",2.286496,32.4,13.4,43690
"Longueuil",2.287089,32.41,13.39,43690
"Longueuil",2.28271,32.42,13.35,43690
"Longueuil",2.283757,32.42,13.39,43690
"Longueuil",2.282494,32.48,13.37,43690
"Longueuil",2.282964,32.43,13.41,43690
"Longueuil",2.28185,32.42,13.42,43690
"Longueuil",2.282283,32.41,13.41,43690
"Longueuil",2.279088,32.41,13.41,43690
"Longueuil",2.277758,32.4,13.46,43690
"Longueuil",2.275113,32.39,13.42,43690
"Longueuil",2.274775,32.38,13.39,43690
"Longueuil",2.275281,32.37,13.39,43690
"Longueuil",2.272957,32.35,13.34,43690
"Longueuil",2.273239,32.32,13.3,43690
"Longueuil",2.271299,32.32,13.3,43690
"Longueuil",2.271418,32.43,13.3,43690
"Longueuil",2.269902,32.31,13.37,43690
"Longueuil",2.270032,32.39,13.38,43690
"Longueuil",2.269437,32.39,13.39,43690
"Longueuil",2.270393,32.29,13.4,43690
"Longueuil",2.269635,32.28,13.42,43690
"Longueuil",2.267212,32.27,13.42,43690
"Longueuil",2.268193,32.25,13.42,43690
"Longueuil",2.271228,32.25,13.43,43690
"Longueuil",2.268639,32.24,13.43,43690
"Longueuil",2.268761,32.24,13.43,43690
"Longueuil",2.268199,32.24,13.42,43690
"Longueuil",2.266747,32.22,13.44,43690
"Longueuil",2.266716,32.24,13.43,43690
"Longueuil",2.2681,32.25,13.43,43690
"Longueuil",2.268463,32.24,13.43,43690
"Longueuil",2.265602,32.25,13.44,43690
"Longueuil",2.264816,32.27,13.43,43690
"Longueuil",2.266139,32.28,13.43,43690
"Longueuil",2.264633,32.31,13.43,43690
"Longueuil",2.262835,32.31,13.43,43690
"Longueuil",2.262993,32.32,13.43,43690
"Longueuil",2.264013,32.33,13.46,43690
"Longueuil",2.263702,32.34,13.45,43690
"Longueuil",2.262299,32.37,13.44,43690
"Longueuil",2.259593,32.37,13.44,43690
"Longueuil",2.259221,32.39,13.41,43690
"Longueuil",2.257029,32.39,13.4,43690
"Longueuil",2.256472,32.41,13.4,43690
"Longueuil",2.255562,32.43,13.39,43690
"Longueuil",2.254674,32.42,13.38,43690
"Longueuil",2.256337,32.42,13.4,43690
"Longueuil",2.255145,32.42,13.39,43690
"Longueuil",2.251574,32.42,13.34,43690
"Longueuil",2.251475,32.49,13.36,43690
"Longueuil",2.249992,32.41,13.36,43690
"Longueuil",2.251999,32.41,13.41,43690
"Longueuil",2.247948,32.42,13.37,43690
"Longueuil",2.245412,32.4,13.36,43690
"Longueuil",2.246933,32.4,13.38,43690
"Longueuil",2.246015,32.39,13.37,43690
"Longueuil",2.244723,32.37,13.38,43690
"Longueuil",2.249545,32.37,13.36,43690
"Longueuil",2.247609,32.37,13.37,43690
"Longueuil",2.244919,32.35,13.42,43690
"Longueuil",2.244105,32.34,13.44,43690
"Longueuil",2.243721,32.33,13.48,43690
"Longueuil",2.245977,32.32,13.43,43690
"Longueuil",2.242892,32.3,13.41,43690
"Longueuil",2.24614,32.28,13.37,43690
"Longueuil",2.243731,32.28,13.39,43690
"Longueuil",2.243729,32.38,13.41,43690
"Longueuil",2.243454,32.24,13.4,43690
"Longueuil",2.244179,32.24,13.36,43690
"Longueuil",2.242994,32.37,13.34,43690
"Longueuil",2.24247,32.21,13.33,43690
"Longueuil",2.239799,32.22,13.35,43690
"Longueuil",2.241821,32.23,13.36,43690
"Longueuil",2.241542,32.23,13.36,43690
"Longueuil",2.238823,32.38,13.38,43690
"Longueuil",2.23936,32.34,13.39,43690
"Longueuil",2.238681,32.27,13.38,43690
"Longueuil",2.239108,32.28,13.4,43690
"Longueuil",2.237828,32.29,13.39,43690
"Longueuil",2.236435,32.31,13.42,43690
"Longueuil",2.237615,32.32,13.39,43690
"Longueuil",2.237905,32.32,13.39,43690
"Longueuil",2.239232,32.36,13.43,43690
"Longueuil",2.236173,32.38,13.42,43690
"Longueuil",2.235786,32.38,13.42,43690
"Longueuil",2.233821,32.39,13.42,43690
"Longueuil",2.231893,32.54,13.41,43690
"Longueuil",2.229892,32.42,13.36,43690
"Longueuil",2.231064,32.54,13.41,43690
"Longueuil",2.228933,32.45,13.38,43690
"Longueuil",2.227427,32.55,13.37,43690
"Longueuil",2.227038,32.46,13.4,43690
"Longueuil",2.225273,32.47,13.4,43690
"Longueuil",2.226049,32.47,13.42,43690
"Longueuil",2.221794,32.46,13.39,43690
"Longueuil",2.222941,32.47,13.44,43690
"Longueuil",2.219452,32.47,13.39,43690
"Longueuil",2.219948,32.46,13.42,43690
"Longueuil",2.218015,32.46,13.44,43690
"Longueuil",2.218987,32.44,13.45,43690
"Longueuil",2.216281,32.52,13.46,43690
"Longueuil",2.217405,32.42,13.41,43690
"Longueuil",2.212873,32.41,13.42,43690
"Longueuil",2.213834,32.39,13.43,43690
"Longueuil",2.216542,32.38,13.4,43690
"Longueuil",2.214653,32.37,13.38,43690
"Longueuil",2.21347,32.35,13.36,43690
"Longueuil",2.213722,32.34,13.37,43690
"Longueuil",2.21078,32.32,13.39,43690
"Longueuil",2.213163,32.32,13.41,43690
"Longueuil",2.210548,32.3,13.35,43690
"Longueuil",2.211515,32.28,13.36,43690
"Longueuil",2.207947,32.28,13.34,43690
"Longueuil",2.210922,32.26,13.33,43690
"Longueuil",2.207095,32.31,13.34,43690
"Longueuil",2.206177,32.27,13.34,43690
"Longueuil",2.206647,32.26,13.33,43690
"Longueuil",2.206075,32.25,13.34,43690
"Longueuil",2.203496,32.27,13.35,43690
"Longueuil",2.203077,32.28,13.36,43690
"Longueuil",2.202888,32.27,13.36,43690
"Longueuil",2.201121,32.29,13.42,43690
"Longueuil",2.199679,32.31,13.39,43690
"Longueuil",2.20196,32.31,13.38,43690
"Longueuil",2.199855,32.32,13.37,43690
"Longueuil",2.198392,32.34,13.33,43690
"Longueuil",2.199618,32.33,13.36,43690
"Longueuil",2.195549,32.36,13.4,43690
"Longueuil",2.194577,32.38,13.43,43690
"Longueuil",2.194748,32.39,13.39,43690
"Longueuil",2.190837,32.55,13.41,43690
"Longueuil",2.18882,32.42,13.43,43690
"Longueuil",2.189618,32.44,13.38,43690
"Longueuil",2.18649,32.44,13.37,43690
"Longueuil",2.184758,32.43,13.36,43690
"Longueuil",2.183934,32.44,13.32,43690
"Longueuil",2.181997,32.41,13.31,43690
"Longueuil",2.178996,32.4,13.3,43690
"Longueuil",2.180127,32.29,13.34,43690
"Longueuil",2.180491,32.31,13.38,43690
"Longueuil",2.175598,32.35,13.34,43690
"Longueuil",2.175456,32.37,13.32,43690
"Longueuil",2.176297,32.38,13.31,43690
"Longueuil",2.171944,32.37,13.3,43690
"Longueuil",2.171453,32.36,13.3,43690
"Longueuil",2.167773,32.37,13.32,43690
"Longueuil",2.17053,32.35,13.32,43690
"Longueuil",2.167926,32.34,13.35,43690
"Longueuil",2.164479,32.33,13.31,43690
"Longueuil",2.166491,32.33,13.31,43690
"Longueuil",2.165871,32.43,13.31,43690
"Longueuil",2.161644,32.3,13.33,43690
"Longueuil",2.161324,32.29,13.32,43690
"Longueuil",2.159401,32.28,13.34,43690
"Longueuil",2.160268,32.28,13.37,43690
"Longueuil",2.158384,32.27,13.38,43690
"Longueuil",2.157351,32.26,13.37,43690
"Longueuil",2.157926,32.26,13.4,43690
"Longueuil",2.154742,32.24,13.38,43690
"Longueuil",2.155368,32.25,13.33,43690
"Longueuil",2.155838,32.24,13.35,43690
"Longueuil",2.152919,32.24,13.36,43690
"Longueuil",2.151604,32.25,13.36,43690
"Longueuil",2.150586,32.25,13.34,43690
"Longueuil",2.147403,32.34,13.35,43690
"Longueuil",2.144547,32.27,13.38,43690
"Longueuil",2.14404,32.28,13.36,43690
"Longueuil",2.142349,32.28,13.39,43690
"Longueuil",2.141955,32.29,13.38,43690
"Longueuil",2.139216,32.3,13.37,43690
"Longueuil",2.138916,32.32,13.38,43690
"Longueuil",2.136632,32.33,13.36,43690
"Longueuil",2.13604,32.35,13.39,43690
"Longueuil",2.134112,32.37,13.36,43690
"Longueuil",2.133044,32.48,13.35,43690
"Longueuil",2.130445,32.38,13.34,43690
"Longueuil",2.129247,32.4,13.38,43690
"Longueuil",2.126648,32.41,13.35,43690
"Longueuil",2.127734,32.42,13.33,43690
"Longueuil",2.123146,32.42,13.34,43690
"Longueuil",2.121371,32.42,13.34,43690
"Longueuil",2.120929,32.45,13.35,43690
"Longueuil",2.121106,32.44,13.36,43690
"Longueuil",2.119693,32.44,13.36,43690
"Longueuil",2.118833,32.44,13.37,43690
"Longueuil",2.115392,32.44,13.36,43690
"Longueuil",2.113932,32.44,13.36,43690
"Longueuil",2.111275,32.43,13.39,43690
"Longueuil",2.110128,32.43,13.41,43690
"Longueuil",2.109718,32.4,13.4,43690
"Longueuil",2.108098,32.38,13.37,43690
"Longueuil",2.10762,32.37,13.37,43690
"Longueuil",2.104968,32.37,13.41,43690
"Longueuil",2.106079,32.49,13.38,43690
"Longueuil",2.102132,32.36,13.42,43690
"Longueuil",2.100665,32.34,13.4,43690
"Longueuil",2.100082,32.31,13.38,43690
"Longueuil",2.09449,32.28,13.34,43690
"Longueuil",2.099177,32.27,13.33,43690
"Longueuil",2.098974,32.27,13.35,43690
"Longueuil",2.097483,32.28,13.39,43690
"Longueuil",2.097753,32.26,13.35,43690
"Longueuil",2.096812,32.26,13.34,43690
"Longueuil",2.093567,32.25,13.33,43690
"Longueuil",2.096031,32.27,13.31,43690
"Longueuil",2.092074,32.23,13.32,43690
"Longueuil",2.091034,32.23,13.3,43690
"Longueuil",2.09007,32.25,13.33,43690
"Longueuil",2.091835,32.27,13.36,43690
"Longueuil",2.088127,32.2,13.35,43690
"Longueuil",2.086187,32.13,13.32,43690
"Longueuil",2.086543,32.19,13.31,43690
"Longueuil",2.084213,32.25,13.35,43690
"Longueuil",2.081838,32.29,13.36,43690
"Longueuil",2.081772,32.3,13.36,43690
"Longueuil",2.0793,32.33,13.39,43690
"Longueuil",2.078438,32.35,13.43,43690
"Longueuil",2.075208,32.35,13.39,43690
"Longueuil",2.075729,32.36,13.42,43690
"Longueuil",2.076157,32.46,13.44,43690
"Longueuil",2.07284,32.36,13.46,43690
"Longueuil",2.071058,32.37,13.42,43690
"Longueuil",2.06931,32.35,13.4,43690
"Longueuil",2.070005,32.04,13.36,43690
"Longueuil",2.064827,32.36,13.37,43690
"Longueuil",2.065425,32.37,13.39,43690
"Longueuil",2.062442,32.36,13.31,43690
"Longueuil",2.061521,32.35,13.33,43690
"Longueuil",2.060766,32.36,13.33,43690
"Longueuil",2.057757,32.36,13.32,43690
"Longueuil",2.056396,32.35,13.35,43690
"Longueuil",2.056854,32.36,13.39,43690
"Longueuil",2.054794,32.33,13.35,43690
"Longueuil",2.055598,32.34,13.36,43690
"Longueuil",2.050392,32.32,13.33,43690
"Longueuil",2.051089,32.3,13.32,43690
"Longueuil",2.053457,32.3,13.33,43690
"Longueuil",2.049039,32.28,13.35,43690
"Longueuil",2.045123,32.26,13.33,43690
"Longueuil",2.044332,32.26,13.33,43690
"Longueuil",2.044454,32.25,13.35,43690
"Longueuil",2.04437,32.23,13.34,43690
"Longueuil",2.043442,32.22,13.34,43690
"Longueuil",2.043971,32.21,13.37,43690
"Longueuil",2.04185,32.2,13.34,43690
"Longueuil",2.039975,32.21,13.37,43690
"Longueuil",2.038867,32.21,13.38,43690
"Longueuil",2.037534,32.21,13.4,43690
"Longueuil",2.038834,32.2,13.38,43690
"Longueuil",2.037046,32.2,13.34,43690
"Longueuil",2.037051,32.2,13.35,43690
"Longueuil",2.035955,32.21,13.33,43690
"Longueuil",2.033277,32.23,13.36,43690
"Longueuil",2.032382,32.24,13.43,43690
"Longueuil",2.030884,32.25,13.41,43690
"Longueuil",2.029617,32.27,13.36,43690
"Longueuil",2.028786,32.28,13.4,43690
"Longueuil",2.028239,32.29,13.39,43690
"Longueuil",2.025953,32.3,13.38,43690
"Longueuil",2.023745,32.44,13.34,43690
"Longueuil",2.022677,32.34,13.37,43690
"Longueuil",2.020971,32.35,13.36,43690
"Longueuil",2.019086,32.36,13.34,43690
"Longueuil",2.01652,32.38,13.35,43690
"Longueuil",2.015366,32.39,13.38,43690
"Longueuil",2.012169,32.4,13.4,43690
"Longueuil",2.009448,32.42,13.43,43690
"Longueuil",2.00956,32.42,13.43,43690
"Longueuil",2.009936,32.42,13.43,43690
"Longueuil",2.007843,32.42,13.43,43690
"Longueuil",2.004087,32.43,13.46,43690
"Longueuil",2.006149,32.42,13.46,43690
"Longueuil",2.00529,32.41,13.44,43690
"Longueuil",2.003344,32.42,13.41,43690
"Longueuil",2.000628,32.4,13.42,43690
"Longueuil",1.997833,32.39,13.42,43690
"Longueuil",1.998179,32.39,13.43,43690
"Longueuil",1.997526,32.39,13.41,43690
"Longueuil",1.996389,32.36,13.41,43690
"Longueuil",1.995931,32.34,13.4,43690
"Longueuil",1.994817,32.33,13.4,43690
"Longueuil",1.99602,32.48,13.47,43690
"Longueuil",1.993617,32.28,13.45,43690
"Longueuil",1.99086,32.27,13.48,43690
"Longueuil",1.989848,32.25,13.43,43690
"Longueuil",1.989736,32.21,13.38,43690
"Longueuil",1.989123,32.19,13.4,43690
"Longueuil",1.985519,32.31,13.46,43690
"Longueuil",1.985303,32.2,13.46,43690
"Longueuil",1.98305,32.21,13.43,43690
"Longueuil",1.984512,32.22,13.41,43690
"Longueuil",1.984057,32.21,13.44,43690
"Longueuil",1.982554,32.21,13.46,43690
"Longueuil",1.982646,32.24,13.43,43690
"Longueuil",1.980377,32.25,13.45,43690
"Longueuil",1.978508,32.26,13.46,43690
"Longueuil",1.977336,32.27,13.41,43690
"Longueuil",1.976552,32.33,13.38,43690
"Longueuil",1.977682,32.27,13.38,43690
"Longueuil",1.974767,32.28,13.35,43690
"Longueuil",1.97627,32.3,13.34,43690
"Longueuil",1.971413,32.31,13.35,43690
"Longueuil",1.970955,32.34,13.4,43690
"Longueuil",1.970052,32.36,13.38,43690
"Longueuil",1.966136,32.38,13.41,43690
"Longueuil",1.964569,32.49,13.43,43690
"Longueuil",1.962484,32.41,13.45,43690
"Longueuil",1.961441,32.43,13.43,43690
"Longueuil",1.958697,32.45,13.42,43690
"Longueuil",1.955986,32.43,13.4,43690
"Longueuil",1.955126,32.42,13.42,43690
"Longueuil",1.951805,32.41,13.43,43690
"Longueuil",1.951757,32.4,13.4,43690
"Longueuil",1.951459,32.38,13.38,43690
"Longueuil",1.949165,32.39,13.41,43690
"Longueuil",1.949867,32.42,13.4,43690
"Longueuil",1.946635,32.36,13.41,43690
"Longueuil",1.944562,32.39,13.4,43690
"Longueuil",1.945435,32.22,13.37,43690
"Longueuil",1.943415,32.32,13.37,43690
"Longueuil",1.943082,32.26,13.31,43690
"Longueuil",1.942118,32.27,13.31,43690
"Longueuil",1.939186,32.29,13.31,43690
"Longueuil",1.942273,32.29,13.34,43690
"Longueuil",1.937424,32.29,13.35,43690
"Longueuil",1.939125,32.26,13.33,43690
"Longueuil",1.936536,32.26,13.33,43690
"Longueuil",1.934934,32.28,13.37,43690
"Longueuil",1.933324,32.25,13.38,43690
"Longueuil",1.93735,32.25,13.37,43690
"Longueuil",1.932777,32.24,13.35,43690
"Longueuil",1.931486,32.24,13.36,43690
"Longueuil",1.929131,32.25,13.39,43690
"Longueuil",1.929095,32.25,13.38,43690
"Longueuil",1.92952,32.28,13.44,43690
"Longueuil",1.928068,32.25,13.42,43690
"Longueuil",1.925634,32.27,13.42,43690
"Longueuil",1.924451,32.31,13.37,43690
"Longueuil",1.925418,32.28,13.38,43690
"Longueuil",1.923973,32.45,13.34,43690
"Longueuil",1.921799,32.3,13.34,43690
"Longueuil",1.921763,32.31,13.35,43690
"Longueuil",1.921371,32.38,13.4,43690
"Longueuil",1.922412,32.34,13.38,43690
"Longueuil",1.920934,32.35,13.35,43690
"Longueuil",1.921672,32.44,13.33,43690
"Longueuil",1.918363,32.37,13.35,43690
"Longueuil",1.920362,32.4,13.34,43690
"Longueuil",1.914523,32.41,13.34,43690
"Longueuil",1.906247,32.43,13.34,43690
"Longueuil",1.902056,32.44,13.36,43690
"Longueuil",1.898374,32.45,13.36,43690
"Longueuil",1.898445,32.46,13.38,43690
"Longueuil",1.899452,32.47,13.4,43690
"Longueuil",1.894803,32.46,13.37,43690
"Longueuil",1.895663,32.48,13.38,43690
"Longueuil",1.89194,32.46,13.34,43690
"Longueuil",1.888857,32.46,13.36,43690
"Longueuil",1.889002,32.45,13.32,43690
"Longueuil",1.886798,32.53,13.35,43690
"Longueuil",1.887672,32.45,13.4,43690
"Longueuil",1.886144,32.46,13.4,43690
"Longueuil",1.884834,32.54,13.42,43690
"Longueuil",1.882014,32.47,13.42,43690
"Longueuil",1.879623,32.43,13.39,43690
"Longueuil",1.883148,32.39,13.37,43690
"Longueuil",1.87885,32.5,13.34,43690
"Longueuil",1.879486,32.37,13.36,43690
"Longueuil",1.877902,32.33,13.34,43690
"Longueuil",1.877612,32.32,13.33,43690
"Longueuil",1.878265,32.3,13.34,43690
"Longueuil",1.878716,32.3,13.35,43690
"Longueuil",1.879918,32.16,13.35,43690
"Longueuil",1.877691,32.18,13.4,43690
"Longueuil",1.876856,32.23,13.36,43690
"Longueuil",1.876923,32.23,13.34,43690
"Longueuil",1.876025,32.23,13.31,43690
"Longueuil",1.872668,32.24,13.34,43690
"Longueuil",1.871946,32.26,13.34,43690
"Longueuil",1.871109,32.26,13.39,43690
"Longueuil",1.868301,32.28,13.39,43690
"Longueuil",1.868034,32.31,13.33,43690
"Longueuil",1.867544,32.3,13.43,43690
"Longueuil",1.86616,32.31,13.34,43690
"Longueuil",1.866567,32.32,13.39,43690
"Longueuil",1.863564,32.33,13.34,43690
"Longueuil",1.861641,32.35,13.32,43690
"Longueuil",1.860924,32.37,13.39,43690
"Longueuil",1.85818,32.39,13.36,43690
"Longueuil",1.858632,32.39,13.37,43690
"Longueuil",1.855972,32.41,13.43,43690
"Longueuil",1.857394,32.28,13.39,43690
"Longueuil",1.855319,32.31,13.35,43690
"Longueuil",1.853002,32.35,13.34,43690
"Longueuil",1.852913,32.37,13.36,43690
"Longueuil",1.850382,32.41,13.39,43690
"Longueuil",1.85125,32.41,13.39,43690
"Longueuil",1.847964,32.43,13.37,43690
"Longueuil",1.84947,32.42,13.38,43690
"Longueuil",1.848015,32.41,13.36,43690
"Longueuil",1.847321,32.41,13.38,43690
"Longueuil",1.847209,32.42,13.41,43690
"Longueuil",1.845403,32.41,13.36,43690
"Longueuil",1.845848,32.41,13.34,43690
"Longueuil",1.842036,32.39,13.34,43690
"Longueuil",1.841092,32.4,13.39,43690
"Longueuil",1.84138,32.37,13.37,43690
"Longueuil",1.840446,32.36,13.34,43690
"Longueuil",1.841143,32.33,13.34,43690
"Longueuil",1.840185,32.34,13.42,43690
"Longueuil",1.839088,32.31,13.4,43690
"Longueuil",1.83801,32.31,13.38,43690
"Longueuil",1.839353,32.29,13.36,43690
"Longueuil",1.837901,32.28,13.37,43690
"Longueuil",1.836497,32.27,13.35,43690
"Longueuil",1.833478,32.35,13.35,43690
"Longueuil",1.832163,32.25,13.34,43690
"Longueuil",1.83243,32.23,13.31,43690
"Longueuil",1.830627,32.23,13.31,43690
"Longueuil",1.829981,32.22,13.34,43690
"Longueuil",1.826673,32.25,13.35,43690
"Longueuil",1.82239,32.3,13.33,43690
"Longueuil",1.823316,32.26,13.34,43690
"Longueuil",1.821241,32.27,13.35,43690
"Longueuil",1.819972,32.29,13.33,43690
"Longueuil",1.818687,32.28,13.34,43690
"Longueuil",1.816656,32.44,13.34,43690
"Longueuil",1.813611,32.3,13.35,43690
"Longueuil",1.814181,32.32,13.35,43690
"Longueuil",1.814573,32.34,13.35,43690
"Longueuil",1.812792,32.37,13.41,43690
"Longueuil",1.809212,32.36,13.4,43690
"Longueuil",1.807182,32.38,13.36,43690
"Longueuil",1.805888,32.41,13.36,43690
"Longueuil",1.808388,32.39,13.36,43690
"Longueuil",1.805501,32.41,13.39,43690
"Longueuil",1.803233,32.41,13.42,43690
"Longueuil",1.805257,32.48,13.4,43690
"Longueuil",1.80028,32.45,13.45,43690
"Longueuil",1.798253,32.41,13.43,43690
"Longueuil",1.797811,32.4,13.38,43690
"Longueuil",1.798218,32.4,13.37,43690
"Longueuil",1.79671,32.38,13.36,43690
"Longueuil",1.794573,32.37,13.35,43690
"Longueuil",1.79482,32.34,13.32,43690
"Longueuil",1.791634,32.34,13.31,43690
"Longueuil",1.790283,32.32,13.31,43690
"Longueuil",1.787417,32.32,13.33,43690
"Longueuil",1.787557,32.42,13.37,43690
"Longueuil",1.78567,32.32,13.38,43690
"Longueuil",1.787196,32.3,13.42,43690
"Longueuil",1.786219,32.3,13.41,43690
"Longueuil",1.782824,32.28,13.36,43690
"Longueuil",1.783671,32.27,13.37,43690
"Longueuil",1.784363,32.26,13.36,43690
"Longueuil",1.78417,32.35,13.39,43690
"Longueuil",1.782842,32.26,13.36,43690
"Longueuil",1.781253,32.23,13.34,43690
"Longueuil",1.778369,32.24,13.35,43690
"Longueuil",1.77755,32.26,13.39,43690
"Longueuil",1.777456,32.26,13.38,43690
"Longueuil",1.777036,32.29,13.38,43690
"Longueuil",1.777089,32.28,13.38,43690
"Longueuil",1.773598,32.28,13.36,43690
"Longueuil",1.771685,32.28,13.34,43690
"Longueuil",1.772514,32.29,13.33,43690
"Longueuil",1.770795,32.3,13.32,43690
"Longueuil",1.768979,32.33,13.36,43690
"Longueuil",1.76796,32.35,13.31,43690
"Longueuil",1.765038,32.37,13.32,43690
"Longueuil",1.764112,32.38,13.31,43690
"Longueuil",1.761279,32.39,13.32,43690
"Longueuil",1.760229,32.4,13.34,43690
"Longueuil",1.757027,32.41,13.33,43690
"Longueuil",1.755514,32.41,13.33,43690
"Longueuil",1.754829,32.43,13.38,43690
"Longueuil",1.753103,32.33,13.42,43690
"Longueuil",1.750618,32.35,13.39,43690
"Longueuil",1.7506,32.39,13.41,43690
"Longueuil",1.74838,32.46,13.45,43690
"Longueuil",1.748309,32.41,13.45,43690
"Longueuil",1.746648,32.41,13.44,43690
"Longueuil",1.743401,32.44,13.44,43690
"Longueuil",1.744052,32.4,13.44,43690
"Longueuil",1.744507,32.38,13.41,43690
"Longueuil",1.743139,32.38,13.39,43690
"Longueuil",1.73939,32.38,13.43,43690
"Longueuil",1.738937,32.44,13.43,43690
"Longueuil",1.738792,32.34,13.43,43690
"Longueuil",1.737556,32.33,13.39,43690
"Longueuil",1.737399,32.32,13.42,43690
"Longueuil",1.73586,32.3,13.43,43690
"Longueuil",1.732719,32.3,13.48,43690
"Longueuil",1.730192,32.3,13.43,43690
"Longueuil",1.733111,32.28,13.39,43690
"Longueuil",1.729098,32.29,13.37,43690
"Longueuil",1.727313,32.28,13.36,43690
"Longueuil",1.723824,32.28,13.37,43690
"Longueuil",1.723974,32.29,13.35,43690
"Longueuil",1.721102,32.3,13.34,43690
"Longueuil",1.718943,32.3,13.37,43690
"Longueuil",1.718173,32.3,13.36,43690
"Longueuil",1.718699,32.31,13.33,43690
"Longueuil",1.717387,32.33,13.34,43690
"Longueuil",1.716866,32.33,13.31,43690
"Longueuil",1.718953,32.34,13.33,43690
"Longueuil",1.716398,32.37,13.33,43690
"Longueuil",1.713913,32.39,13.4,43690
"Longueuil",1.71214,32.39,13.37,43690
"Longueuil",1.713641,32.42,13.36,43690
"Longueuil",1.712092,32.43,13.36,43690
"Longueuil",1.709562,32.43,13.32,43690
"Longueuil",1.706785,32.44,13.31,43690
"Longueuil",1.705711,32.45,13.3,43690
"Longueuil",1.702441,32.66,13.36,43690
"Longueuil",1.700424,32.49,13.39,43690
"Longueuil",1.698763,32.51,13.43,43690
"Longueuil",1.699381,32.51,13.39,43690
"Longueuil",1.694669,32.51,13.4,43690
"Longueuil",1.690727,32.52,13.42,43690
"Longueuil",1.688304,32.52,13.41,43690
"Longueuil",1.687813,32.5,13.44,43690
"Longueuil",1.688258,32.5,13.42,43690
"Longueuil",1.682996,32.48,13.44,43690
"Longueuil",1.682513,32.48,13.42,43690
"Longueuil",1.679665,32.46,13.46,43690
"Longueuil",1.677658,32.44,13.44,43690
"Longueuil",1.678233,32.43,13.47,43690
"Longueuil",1.675456,32.41,13.42,43690
"Longueuil",1.674784,32.4,13.42,43690
"Longueuil",1.673498,32.38,13.39,43690
"Longueuil",1.675021,32.38,13.44,43690
"Longueuil",1.6751,32.44,13.41,43690
"Longueuil",1.672801,32.37,13.46,43690
"Longueuil",1.67426,32.36,13.44,43690
"Longueuil",1.672824,32.36,13.38,43690
"Longueuil",1.670169,32.34,13.36,43690
"Longueuil",1.66893,32.34,13.39,43690
"Longueuil",1.667842,32.36,13.4,43690
"Longueuil",1.665324,32.35,13.38,43690
"Longueuil",1.664108,32.36,13.41,43690
"Longueuil",1.659833,32.36,13.44,43690
"Longueuil",1.660098,32.36,13.42,43690
"Longueuil",1.661252,32.38,13.39,43690
"Longueuil",1.657728,32.38,13.38,43690
"Longueuil",1.655983,32.4,13.4,43690
"Longueuil",1.65228,32.4,13.36,43690
"Longueuil",1.653575,32.41,13.33,43690
"Longueuil",1.652824,32.42,13.37,43690
"Longueuil",1.654195,32.44,13.36,43690
"Longueuil",1.651329,32.46,13.36,43690
"Longueuil",1.651443,32.46,13.35,43690
"Longueuil",1.649783,32.46,13.32,43690
"Longueuil",1.649439,32.47,13.33,43690
"Longueuil",1.65093,32.47,13.39,43690
"Longueuil",1.650269,32.48,13.3,43690
"Longueuil",1.649351,32.51,13.34,43690
"Longueuil",1.647967,32.53,13.39,43690
"Longueuil",1.647903,32.51,13.4,43690
"Longueuil",1.648763,32.52,13.38,43690
"Longueuil",1.645815,32.52,13.38,43690
"Longueuil",1.646937,32.5,13.43,43690
"Longueuil",1.645765,32.48,13.38,43690
"Longueuil",1.64325,32.45,13.37,43690
"Longueuil",1.643552,32.43,13.34,43690
"Longueuil",1.642146,32.41,13.37,43690
"Longueuil",1.639582,32.27,13.36,43690
"Longueuil",1.63664,32.29,13.36,43690
"Longueuil",1.637558,32.34,13.41,43690
"Longueuil",1.637146,32.35,13.38,43690
"Longueuil",1.632815,32.44,13.4,43690
"Longueuil",1.633893,32.36,13.41,43690
"Longueuil",1.632711,32.34,13.42,43690
"Longueuil",1.634827,32.34,13.43,43690
"Longueuil",1.631579,32.32,13.39,43690
"Longueuil",1.633713,32.32,13.39,43690
"Longueuil",1.632202,32.31,13.38,43690
"Longueuil",1.635699,32.32,13.39,43690
"Longueuil",1.633204,32.32,13.41,43690
"Longueuil",1.632317,32.32,13.39,43690
"Longueuil",1.633888,32.32,13.38,43690
"Longueuil",1.63238,32.32,13.35,43690
"Longueuil",1.632601,32.1,13.38,43690
"Longueuil",1.633837,32.32,13.33,43690
"Longueuil",1.631348,32.32,13.37,43690
"Longueuil",1.632632,32.34,13.35,43690
"Longueuil",1.629995,32.36,13.32,43690
"Longueuil",1.630679,32.47,13.34,43690
"Longueuil",1.629028,32.39,13.37,43690
"Longueuil",1.63029,32.4,13.38,43690
"Longueuil",1.626587,32.42,13.36,43690
"Longueuil",1.625237,32.44,13.39,43690
"Longueuil",1.625501,32.45,13.39,43690
"Longueuil",1.621264,32.47,13.44,43690
"Longueuil",1.620473,32.56,13.37,43690
"Longueuil",1.620384,32.48,13.37,43690
"Longueuil",1.61982,32.5,13.42,43690
"Longueuil",1.616806,32.51,13.42,43690
"Longueuil",1.617933,32.51,13.39,43690
"Longueuil",1.618604,32.52,13.4,43690
"Longueuil",1.617043,32.52,13.4,43690
"Longueuil",1.618357,32.51,13.38,43690
"Longueuil",1.616432,32.51,13.42,43690
"Longueuil",1.615082,32.59,13.42,43690
"Longueuil",1.615166,32.6,13.4,43690
"Longueuil",1.615247,32.5,13.39,43690
"Longueuil",1.613457,32.48,13.36,43690
"Longueuil",1.612979,32.47,13.33,43690
"Longueuil",1.610919,32.45,13.32,43690
"Longueuil",1.609098,32.46,13.36,43690
"Longueuil",1.608022,32.45,13.37,43690
"Longueuil",1.606865,32.42,13.38,43690
"Longueuil",1.602427,32.41,13.34,43690
"Longueuil",1.604818,32.41,13.38,43690
"Longueuil",1.601173,32.39,13.38,43690
"Longueuil",1.599828,32.5,13.33,43690
"Longueuil",1.598933,32.37,13.37,43690
"Longueuil",1.59657,32.42,13.35,43690
"Longueuil",1.594398,32.36,13.33,43690
"Longueuil",1.595825,32.35,13.36,43690
"Longueuil",1.592964,32.36,13.33,43690
"Longueuil",1.592346,32.35,13.35,43690
"Longueuil",1.593717,32.35,13.35,43690
"Longueuil",1.593684,32.35,13.31,43690
"Longueuil",1.595955,32.36,13.34,43690
"Longueuil",1.59433,32.36,13.31,43690
"Longueuil",1.593605,32.47,13.31,43690
"Longueuil",1.592738,32.39,13.32,43690
"Longueuil",1.594032,32.47,13.36,43690
"Longueuil",1.594737,32.43,13.36,43690
"Longueuil",1.592265,32.43,13.39,43690
"Longueuil",1.591469,32.44,13.41,43690
"Longueuil",1.591212,32.44,13.33,43690
"Longueuil",1.588102,32.44,13.35,43690
"Longueuil",1.58417,32.47,13.43,43690
"Longueuil",1.582621,32.48,13.34,43690
"Longueuil",1.581123,32.5,13.36,43690
"Longueuil",1.577093,32.5,13.35,43690
"Longueuil",1.577105,32.52,13.32,43690
"Longueuil",1.573629,32.52,13.32,43690
"Longueuil",1.572802,32.53,13.32,43690
"Longueuil",1.570658,32.55,13.35,43690
"Longueuil",1.570244,32.53,13.31,43690
"Longueuil",1.571164,32.53,13.3,43690
"Longueuil",1.569995,32.53,13.33,43690
"Longueuil",1.568097,32.53,13.31,43690
"Longueuil",1.573471,32.51,13.33,43690
"Longueuil",1.568873,32.51,13.35,43690
"Longueuil",1.568893,32.5,13.32,43690
"Longueuil",1.567696,32.49,13.3,43690
"Longueuil",1.56707,32.48,13.31,43690
"Longueuil",1.569621,32.56,13.35,43690
"Longueuil",1.569201,32.47,13.38,43690
"Longueuil",1.566895,32.45,13.42,43690
"Longueuil",1.566477,32.44,13.39,43690
"Longueuil",1.566744,32.44,13.39,43690
"Longueuil",1.56544,32.44,13.42,43690
"Longueuil",1.56545,32.43,13.4,43690
"Longueuil",1.562729,32.41,13.41,43690
"Longueuil",1.56014,32.41,13.4,43690
"Longueuil",1.561686,32.39,13.36,43690
"Longueuil",1.562261,32.4,13.39,43690
"Longueuil",1.557106,32.4,13.36,43690
"Longueuil",1.555382,32.4,13.34,43690
"Longueuil",1.558833,32.41,13.35,43690
"Longueuil",1.553218,32.41,13.35,43690
"Longueuil",1.555369,32.42,13.35,43690
"Longueuil",1.555857,32.42,13.31,43690
"Longueuil",1.553457,32.42,13.31,43690
"Longueuil",1.549838,32.43,13.31,43690
"Longueuil",1.550522,32.44,13.32,43690
"Longueuil",1.550199,32.48,13.34,43690
"Longueuil",1.550423,32.48,13.29,43690
"Longueuil",1.550102,32.5,13.41,43690
"Longueuil",1.548724,32.52,13.35,43690
"Longueuil",1.549634,32.53,13.34,43690
"Longueuil",1.546234,32.6,13.32,43690
"Longueuil",1.544032,32.61,13.34,43690
"Longueuil",1.543513,32.57,13.35,43690
"Longueuil",1.540512,32.58,13.35,43690
"Longueuil",1.537008,32.57,13.33,43690
"Longueuil",1.536466,32.58,13.33,43690
"Longueuil",1.533775,32.59,13.3,43690
"Longueuil",1.530924,32.56,13.33,43690
"Longueuil",1.5317,32.56,13.35,43690
"Longueuil",1.526621,32.55,13.34,43690
"Longueuil",1.526324,32.54,13.36,43690
"Longueuil",1.525355,32.54,13.38,43690
"Longueuil",1.522888,32.55,13.37,43690
"Longueuil",1.52434,32.52,13.34,43690
"Longueuil",1.521792,32.58,13.39,43690
"Longueuil",1.52064,32.56,13.39,43690
"Longueuil",1.519539,32.49,13.4,43690
"Longueuil",1.520114,32.48,13.41,43690
"Longueuil",1.52034,32.46,13.44,43690
"Longueuil",1.519216,32.46,13.46,43690
"Longueuil",1.519864,32.28,13.46,43690
"Longueuil",1.518926,32.43,13.42,43690
"Longueuil",1.51801,32.19,13.4,43690
"Longueuil",1.51693,32.4,13.36,43690
"Longueuil",1.51857,32.41,13.35,43690
"Longueuil",1.51781,32.41,13.39,43690
"Longueuil",1.516693,32.4,13.41,43690
"Longueuil",1.514826,32.4,13.42,43690
"Longueuil",1.514387,32.4,13.39,43690
"Longueuil",1.515383,32.39,13.42,43690
"Longueuil",1.51547,32.39,13.39,43690
"Longueuil",1.513186,32.39,13.37,43690
"Longueuil",1.511157,32.4,13.35,43690
"Longueuil",1.509417,32.41,13.35,43690
"Longueuil",1.509265,32.41,13.39,43690
"Longueuil",1.504893,32.42,13.42,43690
"Longueuil",1.506711,32.44,13.42,43690
"Longueuil",1.505318,32.42,13.46,43690
"Longueuil",1.5043,32.44,13.42,43690
"Longueuil",1.504229,32.45,13.4,43690
"Longueuil",1.501859,32.45,13.39,43690
"Longueuil",1.502505,32.44,13.36,43690
"Longueuil",1.499148,32.44,13.33,43690
"Longueuil",1.500336,32.45,13.35,43690
"Longueuil",1.499657,32.44,13.37,43690
"Longueuil",1.501076,32.46,13.38,43690
"Longueuil",1.498375,32.47,13.39,43690
"Longueuil",1.501104,32.46,13.39,43690
"Longueuil",1.501923,32.46,13.41,43690
"Longueuil",1.502335,32.47,13.43,43690
"Longueuil",1.501427,32.49,13.44,43690
"Longueuil",1.500669,32.49,13.43,43690
"Longueuil",1.499423,32.5,13.43,43690
"Longueuil",1.497505,32.5,13.42,43690
"Longueuil",1.494921,32.51,13.44,43690
"Longueuil",1.491674,32.53,13.41,43690
"Longueuil",1.490117,32.53,13.38,43690
"Longueuil",1.488874,32.54,13.34,43690
"Longueuil",1.487539,32.55,13.36,43690
"Longueuil",1.485817,32.58,13.38,43690
"Longueuil",1.485052,32.59,13.37,43690
"Longueuil",1.482086,32.63,13.41,43690
"Longueuil",1.481374,32.75,13.42,43690
"Longueuil",1.475166,32.64,13.43,43690
"Longueuil",1.473724,32.68,13.42,43690
"Longueuil",1.473038,32.67,13.42,43690
"Longueuil",1.470459,32.68,13.4,43690
"Longueuil",1.467634,32.68,13.38,43690
"Longueuil",1.464622,32.7,13.37,43690
"Longueuil",1.466248,32.71,13.41,43690
"Longueuil",1.465894,32.7,13.42,43690
"Longueuil",1.46391,32.69,13.42,43690
"Longueuil",1.466296,32.7,13.37,43690
"Longueuil",1.464149,32.69,13.38,43690
"Longueuil",1.461344,32.68,13.35,43690
"Longueuil",1.463493,32.66,13.33,43690
"Longueuil",1.462799,32.66,13.32,43690
"Longueuil",1.460098,32.65,13.36,43690
"Longueuil",1.461258,32.65,13.37,43690
"Longueuil",1.460836,32.63,13.34,43690
"Longueuil",1.459579,32.62,13.35,43690
"Longueuil",1.457286,32.6,13.38,43690
"Longueuil",1.455696,32.58,13.42,43690
"Longueuil",1.455744,32.59,13.39,43690
"Longueuil",1.452339,32.57,13.36,43690
"Longueuil",1.452461,32.56,13.35,43690
"Longueuil",1.450073,32.56,13.38,43690
"Longueuil",1.447815,32.55,13.39,43690
"Longueuil",1.446325,32.55,13.37,43690
"Longueuil",1.444832,32.55,13.41,43690
"Longueuil",1.44635,32.6,13.38,43690
"Longueuil",1.444916,32.54,13.36,43690
"Longueuil",1.442721,32.54,13.34,43690
"Longueuil",1.439621,32.64,13.35,43690
"Longueuil",1.439417,32.55,13.31,43690
"Longueuil",1.43929,32.56,13.29,43690
"Longueuil",1.438975,32.57,13.33,43690
"Longueuil",1.439878,32.56,13.32,43690
"Longueuil",1.440376,32.59,13.35,43690
"Longueuil",1.440524,32.6,13.38,43690
"Longueuil",1.438255,32.61,13.37,43690
"Longueuil",1.439278,32.64,13.33,43690
"Longueuil",1.439939,32.63,13.34,43690
"Longueuil",1.440267,32.67,13.35,43690
"Longueuil",1.437281,32.64,13.31,43690
"Longueuil",1.440211,32.65,13.3,43690
"Longueuil",1.438395,32.66,13.36,43690
"Longueuil",1.43485,32.66,13.38,43690
"Longueuil",1.435371,32.52,13.36,43690
"Longueuil",1.437177,32.54,13.35,43690
"Longueuil",1.432854,32.59,13.35,43690
"Longueuil",1.431168,32.6,13.32,43690
"Longueuil",1.428813,32.6,13.32,43690
"Longueuil",1.427678,32.61,13.31,43690
"Longueuil",1.42721,32.6,13.34,43690
"Longueuil",1.426542,32.61,13.36,43690
"Longueuil",1.425306,32.61,13.38,43690
"Longueuil",1.425453,32.61,13.34,43690
"Longueuil",1.423388,32.58,13.33,43690
"Longueuil",1.427399,32.56,13.32,43690
"Longueuil",1.423581,32.56,13.31,43690
"Longueuil",1.42909,32.55,13.37,43690
"Longueuil",1.428342,32.53,13.33,43690
"Longueuil",1.426198,32.51,13.32,43690
"Longueuil",1.427172,32.51,13.31,43690
"Longueuil",1.429993,32.51,13.31,43690
"Longueuil",1.43001,32.49,13.31,43690
"Longueuil",1.42878,32.49,13.34,43690
"Longueuil",1.429764,32.49,13.34,43690
"Longueuil",1.427902,32.49,13.29,43690
"Longueuil",1.427879,32.51,13.29,43690
"Longueuil",1.427127,32.51,13.3,43690
"Longueuil",1.427071,32.52,13.31,43690
"Longueuil",1.425446,32.54,13.33,43690
"Longueuil",1.422017,32.55,13.35,43690
"Longueuil",1.421374,32.58,13.41,43690
"Longueuil",1.418098,32.61,13.34,43690
"Longueuil",1.419444,32.66,13.32,43690
"Longueuil",1.419164,32.57,13.31,43690
"Longueuil",1.413851,32.59,13.3,43690
"Longueuil",1.414426,32.6,13.31,43690
"Longueuil",1.412643,32.61,13.31,43690
"Longueuil",1.41256,32.61,13.32,43690
"Longueuil",1.410154,32.64,13.36,43690
"Longueuil",1.410324,32.65,13.33,43690
"Longueuil",1.408923,32.65,13.3,43690
"Longueuil",1.410606,32.66,13.32,43690
"Longueuil",1.408203,32.68,13.33,43690
"Longueuil",1.409775,32.68,13.38,43690
"Longueuil",1.411741,32.69,13.41,43690
"Longueuil",1.409388,32.7,13.43,43690
"Longueuil",1.410784,32.69,13.44,43690
"Longueuil",1.410433,32.68,13.42,43690
"Longueuil",1.41006,32.67,13.41,43690
"Longueuil",1.408539,32.66,13.39,43690
"Longueuil",1.406634,32.65,13.35,43690
"Longueuil",1.407453,32.65,13.37,43690
"Longueuil",1.405978,32.64,13.41,43690
"Longueuil",1.404172,32.64,13.39,43690
"Longueuil",1.403796,32.61,13.36,43690
"Longueuil",1.403623,32.6,13.34,43690
"Longueuil",1.403338,32.59,13.33,43690
"Longueuil",1.401296,32.61,13.37,43690
"Longueuil",1.399734,32.57,13.34,43690
"Longueuil",1.40107,32.55,13.33,43690
"Longueuil",1.40213,32.53,13.35,43690
"Longueuil",1.400469,32.59,13.34,43690
"Longueuil",1.402692,32.38,13.38,43690
"Longueuil",1.403692,32.39,13.37,43690
"Longueuil",1.400841,32.43,13.35,43690
"Longueuil",1.400981,32.46,13.4,43690
"Longueuil",1.404162,32.46,13.36,43690
"Longueuil",1.402865,32.46,13.35,43690
"Longueuil",1.403394,32.48,13.39,43690
"Longueuil",1.401578,32.49,13.43,43690
"Longueuil",1.401703,32.5,13.43,43690
"Longueuil",1.400584,32.49,13.4,43690
"Longueuil",1.39697,32.5,13.4,43690
"Longueuil",1.396721,32.49,13.47,43690
"Longueuil",1.398687,32.51,13.39,43690
"Longueuil",1.395241,32.52,13.41,43690
"Longueuil",1.393865,32.51,13.39,43690
"Longueuil",1.394208,32.51,13.4,43690
"Longueuil",1.390597,32.52,13.38,43690
"Longueuil",1.389781,32.51,13.37,43690
"Longueuil",1.389832,32.5,13.33,43690
"Longueuil",1.38692,32.51,13.31,43690
"Longueuil",1.386955,32.33,13.34,43690
"Longueuil",1.383977,32.44,13.31,43690
"Longueuil",1.385653,32.47,13.31,43690
"Longueuil",1.386236,32.52,13.31,43690
"Longueuil",1.386986,32.55,13.35,43690
"Longueuil",1.384964,32.56,13.31,43690
"Longueuil",1.388382,32.57,13.31,43690
"Longueuil",1.388997,32.58,13.29,43690
"Longueuil",1.388349,32.57,13.34,43690
"Longueuil",1.391561,32.57,13.34,43690
"Longueuil",1.390717,32.56,13.37,43690
"Longueuil",1.391716,32.55,13.38,43690
"Longueuil",1.392792,32.56,13.43,43690
"Longueuil",1.39296,32.55,13.41,43690
"Longueuil",1.394597,32.52,13.39,43690
"Longueuil",1.395177,32.51,13.42,43690
"Longueuil",1.397405,32.5,13.39,43690
"Longueuil",1.398382,32.51,13.42,43690
"Longueuil",1.396304,32.47,13.41,43690
"Longueuil",1.394905,32.46,13.41,43690
"Longueuil",1.391782,32.45,13.43,43690
"Longueuil",1.391149,32.44,13.41,43690
"Longueuil",1.392626,32.43,13.4,43690
"Longueuil",1.391886,32.41,13.39,43690
"Longueuil",1.391192,32.52,13.42,43690
"Longueuil",1.392443,32.47,13.43,43690
"Longueuil",1.391747,32.39,13.4,43690
"Longueuil",1.395376,32.39,13.39,43690
"Longueuil",1.392657,32.45,13.36,43690
"Longueuil",1.393758,32.39,13.37,43690
"Longueuil",1.393781,32.38,13.33,43690
"Longueuil",1.394966,32.54,13.33,43690
"Longueuil",1.394727,32.38,13.35,43690
"Longueuil",1.393133,32.38,13.39,43690
"Longueuil",1.394224,32.38,13.41,43690
"Longueuil",1.393517,32.38,13.43,43690
"Longueuil",1.393705,32.38,13.44,43690
"Longueuil",1.392255,32.37,13.43,43690
"Longueuil",1.389432,32.38,13.42,43690
"Longueuil",1.386999,32.37,13.44,43690
"Longueuil",1.387823,32.37,13.43,43690
"Longueuil",1.385597,32.44,13.42,43690
"Longueuil",1.383163,32.35,13.39,43690
"Longueuil",1.382388,32.27,13.41,43690
"Longueuil",1.381658,32.35,13.39,43690
"Longueuil",1.380816,32.38,13.42,43690
"Longueuil",1.37898,32.39,13.45,43690
"Longueuil",1.378492,32.38,13.44,43690
"Longueuil",1.37929,32.36,13.42,43690
"Longueuil",1.381203,32.38,13.38,43690
"Longueuil",1.379944,32.35,13.37,43690
"Longueuil",1.380984,32.34,13.35,43690
"Longueuil",1.382487,32.35,13.34,43690
"Longueuil",1.382772,32.33,13.36,43690
"Longueuil",1.384209,32.35,13.37,43690
"Longueuil",3.143237,32.35,13.34,43690
"Longueuil",2.75679,32.34,13.37,43690
"Longueuil",2.032372,32.32,13.31,43690
"Longueuil",1.425865,32.47,13.33,43690
"Longueuil",1.390254,32.34,13.35,43690
"Longueuil",1.387662,32.41,13.36,43690
"Longueuil",1.385534,32.35,13.33,43690
"Longueuil",1.384527,32.33,13.35,43690
"Longueuil",1.386515,32.34,13.37,43690
"Longueuil",1.383875,32.36,13.37,43690
"Longueuil",1.386192,32.36,13.37,43690
"Longueuil",1.383588,32.45,13.39,43690
"Longueuil",1.380595,32.36,13.39,43690
"Longueuil",1.382299,32.38,13.34,43690
"Longueuil",1.384043,32.37,13.31,43690
"Longueuil",1.381727,32.37,13.32,43690
"Longueuil",1.383029,32.39,13.36,43690
"Longueuil",1.384911,32.4,13.34,43690
"Longueuil",1.387067,32.41,13.34,43690
"Longueuil",1.383367,32.42,13.37,43690
"Longueuil",1.386381,32.44,13.38,43690
"Longueuil",1.387878,32.46,13.37,43690
"Longueuil",1.390409,32.48,13.37,43690
"Longueuil",1.392166,32.49,13.42,43690
"Longueuil",1.391243,32.51,13.4,43690
"Longueuil",1.392349,32.53,13.4,43690
"Longueuil",1.392868,32.58,13.39,43690
"Longueuil",1.39565,32.56,13.41,43690
"Longueuil",1.395691,32.57,13.38,43690
"Longueuil",1.39268,32.59,13.4,43690
"Longueuil",1.391235,32.6,13.42,43690
"Longueuil",1.392339,32.6,13.4,43690
"Longueuil",1.392733,32.61,13.35,43690
"Longueuil",1.389674,32.64,13.36,43690
"Longueuil",1.389725,32.63,13.34,43690
"Longueuil",1.387499,32.62,13.31,43690
"Longueuil",1.387004,32.62,13.31,43690
"Longueuil",1.387171,32.61,13.31,43690
"Longueuil",1.384183,32.63,13.37,43690
"Longueuil",1.384583,32.62,13.33,43690
"Longueuil",1.383347,32.61,13.31,43690
"Longueuil",1.38589,32.6,13.31,43690
"Longueuil",1.384577,32.59,13.31,43690
"Longueuil",1.386119,32.59,13.35,43690
"Longueuil",1.386721,32.57,13.33,43690
"Longueuil",1.388456,32.61,13.34,43690
"Longueuil",1.387952,32.56,13.33,43690
"Longueuil",1.392105,32.54,13.34,43690
"Longueuil",1.394094,32.53,13.36,43690
"Longueuil",1.391701,32.52,13.36,43690
"Longueuil",1.39593,32.51,13.35,43690
"Longueuil",1.398727,32.5,13.31,43690
"Longueuil",1.399562,32.5,13.32,43690
"Longueuil",1.400304,32.51,13.3,43690
"Longueuil",1.399704,32.57,13.32,43690
"Longueuil",1.400726,32.61,13.34,43690
"Longueuil",1.399473,32.62,13.3,43690
"Longueuil",1.399882,32.5,13.32,43690
"Longueuil",1.400192,32.4,13.31,43690
"Longueuil",1.403081,32.56,13.31,43690
"Longueuil",1.400945,32.54,13.31,43690
"Longueuil",1.400009,32.54,13.32,43690
"Longueuil",1.399373,32.56,13.3,43690
"Longueuil",1.398547,32.58,13.32,43690
"Longueuil",1.401538,32.59,13.37,43690
"Longueuil",1.398043,32.6,13.37,43690
"Longueuil",1.402275,32.61,13.36,43690
"Longueuil",1.40077,32.62,13.36,43690
"Longueuil",1.400088,32.65,13.36,43690
"Longueuil",1.400818,32.62,13.38,43690
"Longueuil",1.402575,32.62,13.37,43690
"Longueuil",1.403765,32.62,13.34,43690
"Longueuil",1.402967,32.61,13.31,43690
"Longueuil",1.402913,32.62,13.31,43690
"Longueuil",1.402471,32.6,13.27,43690
"Longueuil",1.404096,32.62,13.35,43690
"Longueuil",1.403839,32.58,13.3,43690
"Longueuil",1.405039,32.59,13.34,43690
"Longueuil",1.405245,32.58,13.37,43690
"Longueuil",1.40845,32.57,13.37,43690
"Longueuil",1.406774,32.56,13.38,43690
"Longueuil",1.404767,32.54,13.42,43690
"Longueuil",1.407878,32.53,13.36,43690
"Longueuil",1.408002,32.54,13.37,43690
"Longueuil",1.408246,32.52,13.34,43690
"Longueuil",1.410952,32.49,13.34,43690
"Longueuil",1.413005,32.5,13.33,43690
"Longueuil",1.413892,32.5,13.35,43690
"Longueuil",1.420916,32.5,13.39,43690
"Longueuil",1.417953,32.51,13.38,43690
"Longueuil",1.421209,32.51,13.39,43690
"Longueuil",1.42274,32.52,13.39,43690
"Longueuil",1.425524,32.53,13.44,43690
"Longueuil",1.42673,32.54,13.39,43690
"Longueuil",1.43306,32.54,13.43,43690
"Longueuil",1.430115,32.56,13.4,43690
"Longueuil",1.43231,32.56,13.39,43690
"Longueuil",1.434085,32.67,13.4,43690
"Longueuil",1.433182,32.58,13.37,43690
"Longueuil",1.434456,32.58,13.33,43690
"Longueuil",1.433787,32.61,13.32,43690
"Longueuil",1.432755,32.62,13.35,43690
"Longueuil",1.432317,32.63,13.4,43690
"Longueuil",1.432271,32.65,13.37,43690
"Longueuil",1.432032,32.65,13.34,43690
"Longueuil",1.429703,32.69,13.32,43690
"Longueuil",1.428276,32.66,13.33,43690
"Longueuil",1.429703,32.67,13.34,43690
"Longueuil",1.42982,32.66,13.35,43690
"Longueuil",1.429858,32.67,13.33,43690
"Longueuil",1.429914,32.67,13.31,43690
"Longueuil",1.431292,32.65,13.32,43690
"Longueuil",1.430285,32.65,13.35,43690
"Longueuil",1.431544,32.64,13.41,43690
"Longueuil",1.43278,32.63,13.33,43690
"Longueuil",1.43604,32.46,13.36,43690
"Longueuil",1.433713,32.63,13.37,43690
"Longueuil",1.436048,32.63,13.41,43690
"Longueuil",1.43985,32.61,13.38,43690
"Longueuil",1.439847,32.58,13.37,43690
"Longueuil",1.440587,32.57,13.34,43690
"Longueuil",1.440936,32.56,13.35,43690
"Longueuil",1.441419,32.54,13.35,43690
"Longueuil",1.444107,32.54,13.31,43690
"Longueuil",1.442599,32.64,13.32,43690
"Longueuil",1.441699,32.52,13.32,43690
"Longueuil",1.439115,32.52,13.3,43690
"Longueuil",1.440069,32.52,13.32,43690
"Longueuil",1.442167,32.53,13.35,43690
"Longueuil",1.438449,32.52,13.33,43690
"Longueuil",1.440786,32.53,13.31,43690
"Longueuil",1.439189,32.54,13.33,43690
"Longueuil",1.441622,32.54,13.32,43690
"Longueuil",1.44105,32.54,13.3,43690
"Longueuil",1.441432,32.55,13.31,43690
"Longueuil",1.445488,32.57,13.33,43690
"Longueuil",1.444499,32.57,13.3,43690
"Longueuil",1.443687,32.57,13.32,43690
"Longueuil",1.447103,32.6,13.32,43690
"Longueuil",1.450371,32.6,13.37,43690
"Longueuil",1.449265,32.63,13.35,43690
"Longueuil",1.451978,32.68,13.34,43690
"Longueuil",1.450282,32.64,13.31,43690
"Longueuil",1.451668,32.66,13.33,43690
"Longueuil",1.449903,32.66,13.35,43690
"Longueuil",1.450249,32.67,13.34,43690
"Longueuil",1.448603,32.66,13.33,43690
"Longueuil",1.447138,32.68,13.34,43690
"Longueuil",1.448647,32.68,13.31,43690
"Longueuil",1.445989,32.68,13.32,43690
"Longueuil",1.445145,32.67,13.33,43690
"Longueuil",1.443873,32.69,13.37,43690
"Longueuil",1.442594,32.68,13.34,43690
"Longueuil",1.44384,32.66,13.31,43690
"Longueuil",1.442785,32.65,13.29,43690
"Longueuil",1.442711,32.64,13.31,43690
"Longueuil",1.443606,32.62,13.34,43690
"Longueuil",1.442111,32.62,13.34,43690
"Longueuil",1.447207,32.59,13.31,43690
"Longueuil",1.447301,32.57,13.34,43690
"Longueuil",1.450218,32.55,13.38,43690
"Longueuil",1.45165,32.55,13.37,43690
"Longueuil",1.455401,32.55,13.41,43690
"Longueuil",1.457291,32.46,13.45,43690
"Longueuil",1.459241,32.43,13.42,43690
"Longueuil",1.459915,32.46,13.39,43690
"Longueuil",1.459689,32.47,13.41,43690
"Longueuil",1.460971,32.47,13.4,43690
"Longueuil",1.461151,32.48,13.36,43690
"Longueuil",1.460803,32.48,13.37,43690
"Longueuil",1.463145,32.51,13.34,43690
"Longueuil",1.462118,32.47,13.32,43690
"Longueuil",1.461405,32.48,13.31,43690
"Longueuil",1.460195,32.48,13.34,43690
"Longueuil",1.459727,32.5,13.34,43690
"Longueuil",1.463521,32.5,13.37,43690
"Longueuil",1.462275,32.5,13.36,43690
"Longueuil",1.461299,32.51,13.37,43690
"Longueuil",1.462914,32.39,13.35,43690
"Longueuil",1.464399,32.53,13.31,43690
"Longueuil",1.464956,32.47,13.33,43690
"Longueuil",1.465238,32.52,13.33,43690
"Longueuil",1.466942,32.55,13.37,43690
"Longueuil",1.468877,32.57,13.33,43690
"Longueuil",1.466461,32.57,13.31,43690
"Longueuil",1.46637,32.57,13.32,43690
"Longueuil",1.469271,32.59,13.31,43690
"Longueuil",1.470009,32.6,13.31,43690
"Longueuil",1.474299,32.61,13.32,43690
"Longueuil",1.471921,32.6,13.31,43690
"Longueuil",1.470205,32.6,13.31,43690
"Longueuil",1.471937,32.64,13.35,43690
"Longueuil",1.470179,32.6,13.34,43690
"Longueuil",1.472636,32.6,13.37,43690
"Longueuil",1.470523,32.59,13.34,43690
"Longueuil",1.472181,32.59,13.39,43690
"Longueuil",1.471054,32.57,13.35,43690
"Longueuil",1.471672,32.55,13.35,43690
"Longueuil",1.470428,32.53,13.34,43690
"Longueuil",1.472094,32.52,13.35,43690
"Longueuil",1.470975,32.28,13.34,43690
"Longueuil",1.473763,32.51,13.37,43690
"Longueuil",1.473117,32.49,13.36,43690
"Longueuil",1.474396,32.47,13.37,43690
"Longueuil",1.474998,32.47,13.36,43690
"Longueuil",1.47522,32.45,13.34,43690
"Longueuil",1.476664,32.45,13.31,43690
"Longueuil",1.477567,32.45,13.3,43690
"Longueuil",1.480431,32.57,13.35,43690
"Longueuil",1.478958,32.45,13.33,43690
"Longueuil",1.482648,32.45,13.34,43690
"Longueuil",1.481313,32.47,13.34,43690
"Longueuil",1.48306,32.47,13.37,43690
"Longueuil",1.483289,32.48,13.37,43690
"Longueuil",1.482541,32.49,13.36,43690
"Longueuil",1.486448,32.53,13.38,43690
"Longueuil",1.482646,32.5,13.38,43690
"Longueuil",1.485031,32.57,13.39,43690
"Longueuil",1.48347,32.52,13.39,43690
"Longueuil",1.482101,32.54,13.4,43690
"Longueuil",1.481135,32.55,13.37,43690
"Longueuil",1.480932,32.56,13.33,43690
"Longueuil",1.481082,32.64,13.36,43690
"Longueuil",1.479602,32.58,13.33,43690
"Longueuil",1.479802,32.6,13.34,43690
"Longueuil",1.478864,32.61,13.34,43690
"Longueuil",1.478198,32.63,13.39,43690
"Longueuil",1.476163,32.64,13.33,43690
"Longueuil",1.475896,32.65,13.35,43690
"Longueuil",1.476847,32.75,13.4,43690
"Longueuil",1.476189,32.67,13.39,43690
"Longueuil",1.474347,32.67,13.4,43690
"Longueuil",1.475909,32.67,13.42,43690
"Longueuil",1.476415,32.67,13.39,43690
"Longueuil",1.475853,32.65,13.38,43690
"Longueuil",1.476102,32.65,13.43,43690
"Longueuil",1.475911,32.65,13.43,43690
"Longueuil",1.477859,32.64,13.41,43690
"Longueuil",1.47626,32.63,13.44,43690
"Longueuil",1.475919,32.61,13.44,43690
"Longueuil",1.479472,32.59,13.39,43690
"Longueuil",1.477173,32.58,13.35,43690
"Longueuil",1.479472,32.55,13.36,43690
"Longueuil",1.479548,32.55,13.36,43690
"Longueuil",1.478729,32.54,13.34,43690
"Longueuil",1.481471,32.54,13.34,43690
"Longueuil",1.47849,32.52,13.39,43690
"Longueuil",1.478274,32.52,13.37,43690
"Longueuil",1.477503,32.57,13.38,43690
"Longueuil",1.477676,32.52,13.42,43690
"Longueuil",1.480858,32.51,13.41,43690
"Longueuil",1.478233,32.52,13.37,43690
"Longueuil",1.476349,32.51,13.34,43690
"Longueuil",1.474352,32.5,13.37,43690
"Longueuil",1.475268,32.51,13.36,43690
"Longueuil",1.472717,32.52,13.35,43690
"Longueuil",1.472262,32.53,13.41,43690
"Longueuil",1.473676,32.53,13.39,43690
"Longueuil",1.469976,32.56,13.37,43690
"Longueuil",1.472323,32.56,13.35,43690
"Longueuil",1.468068,32.56,13.35,43690
"Longueuil",1.467097,32.56,13.35,43690
"Longueuil",1.468076,32.57,13.35,43690
"Longueuil",1.466245,32.57,13.4,43690
"Longueuil",1.466591,32.59,13.44,43690
"Longueuil",1.467916,32.58,13.44,43690
"Longueuil",1.465284,32.58,13.44,43690
"Longueuil",1.464605,32.62,13.39,43690
"Longueuil",1.467242,32.59,13.36,43690
"Longueuil",1.469012,32.59,13.36,43690
"Longueuil",1.467921,32.59,13.37,43690
"Longueuil",1.467718,32.6,13.37,43690
"Longueuil",1.468859,32.62,13.42,43690
"Longueuil",1.471621,32.61,13.39,43690
"Longueuil",1.468023,32.6,13.39,43690
"Longueuil",1.469022,32.61,13.4,43690
"Longueuil",1.466113,32.61,13.44,43690
"Longueuil",1.465253,32.6,13.44,43690
"Longueuil",1.466677,32.6,13.42,43690
"Longueuil",1.463615,32.63,13.39,43690
"Longueuil",1.461169,32.6,13.36,43690
"Longueuil",1.46125,32.59,13.36,43690
"Longueuil",1.460134,32.59,13.32,43690
"Longueuil",1.46136,32.59,13.34,43690
"Longueuil",1.458555,32.58,13.34,43690
"Longueuil",1.457794,32.58,13.31,43690
"Longueuil",1.456365,32.58,13.34,43690
"Longueuil",1.455538,32.59,13.34,43690
"Longueuil",1.454572,32.59,13.34,43690
"Longueuil",1.453189,32.6,13.36,43690
"Longueuil",1.453306,32.61,13.38,43690
"Longueuil",1.453941,32.6,13.37,43690
"Longueuil",1.451342,32.62,13.37,43690
"Longueuil",1.45356,32.58,13.32,43690
"Longueuil",1.454575,32.59,13.33,43690
"Longueuil",1.455231,32.62,13.35,43690
"Longueuil",1.455231,32.62,13.36,43690
"Longueuil",1.458504,32.62,13.38,43690
"Longueuil",1.459249,32.63,13.45,43690
"Longueuil",1.457926,32.63,13.41,43690
"Longueuil",1.45755,32.28,13.42,43690
"Longueuil",1.459051,32.63,13.38,43690
"Longueuil",1.457825,32.63,13.42,43690
"Longueuil",1.460101,32.63,13.41,43690
"Longueuil",1.45885,32.64,13.39,43690
"Longueuil",1.459325,32.64,13.39,43690
"Longueuil",1.45534,32.65,13.38,43690
"Longueuil",1.458054,32.67,13.35,43690
"Longueuil",1.457593,32.67,13.34,43690
"Longueuil",1.455434,32.68,13.32,43690
"Longueuil",1.454005,32.7,13.35,43690
"Longueuil",1.458168,32.72,13.38,43690
"Longueuil",1.455381,32.74,13.36,43690
"Longueuil",1.453817,32.43,13.34,43690
"Longueuil",1.453852,32.78,13.37,43690
"Longueuil",1.452629,32.78,13.39,43690
"Longueuil",1.451182,32.81,13.41,43690
"Longueuil",1.451871,32.8,13.4,43690
"Longueuil",1.45413,32.81,13.39,43690
"Longueuil",1.453397,32.8,13.34,43690
"Longueuil",1.456312,32.8,13.35,43690
"Longueuil",1.454394,32.8,13.36,43690
"Longueuil",1.456647,32.79,13.34,43690
"Longueuil",1.453657,32.8,13.39,43690
"Longueuil",1.456273,32.79,13.4,43690
"Longueuil",1.457207,32.79,13.42,43690
"Longueuil",1.453674,32.79,13.43,43690
"Longueuil",1.457494,32.76,13.42,43690
"Longueuil",1.457723,32.75,13.41,43690
"Longueuil",1.459106,32.73,13.38,43690
"Longueuil",1.455925,32.72,13.39,43690
"Longueuil",1.45477,32.7,13.45,43690
"Longueuil",1.456996,32.69,13.42,43690
"Longueuil",1.457802,32.68,13.41,43690
"Longueuil",1.4562,32.68,13.4,43690
"Longueuil",1.456113,32.74,13.38,43690
"Longueuil",1.453247,32.67,13.4,43690
"Longueuil",1.452283,32.66,13.42,43690
"Longueuil",1.453407,32.66,13.36,43690
"Longueuil",1.453758,32.66,13.38,43690
"Longueuil",1.454206,32.67,13.41,43690
"Longueuil",1.452098,32.67,13.45,43690
"Longueuil",1.454099,32.67,13.41,43690
"Longueuil",1.451719,32.74,13.38,43690
"Longueuil",1.452728,32.7,13.43,43690
"Longueuil",1.451691,32.71,13.41,43690
"Longueuil",1.452843,32.71,13.37,43690
"Longueuil",1.448535,32.72,13.38,43690
"Longueuil",1.45004,32.73,13.35,43690
"Longueuil",1.448362,32.74,13.37,43690
"Longueuil",1.44794,32.74,13.34,43690
"Longueuil",1.445958,32.75,13.31,43690
"Longueuil",1.44695,32.75,13.32,43690
"Longueuil",1.441765,32.75,13.28,43690
"Longueuil",1.443164,32.77,13.3,43690
"Longueuil",1.43973,32.78,13.29,43690
"Longueuil",1.436241,32.8,13.33,43690
"Longueuil",1.434797,32.81,13.33,43690
"Longueuil",1.433167,32.81,13.35,43690
"Longueuil",1.432734,32.82,13.36,43690
"Longueuil",1.43087,32.82,13.35,43690
"Longueuil",1.430099,32.82,13.34,43690
"Longueuil",1.429426,32.82,13.36,43690
"Longueuil",1.42969,32.8,13.34,43690
"Longueuil",1.429255,32.78,13.36,43690
"Longueuil",1.426867,32.76,13.31,43690
"Longueuil",1.427035,32.76,13.32,43690
"Longueuil",1.426916,32.75,13.35,43690
"Longueuil",1.425791,32.72,13.33,43690
"Longueuil",1.426997,32.71,13.39,43690
"Longueuil",1.428098,32.71,13.38,43690
"Longueuil",1.42543,32.68,13.33,43690
"Longueuil",1.426137,32.67,13.31,43690
"Longueuil",1.427556,32.66,13.33,43690
"Longueuil",1.427683,32.65,13.33,43690
"Longueuil",1.424131,32.63,13.31,43690
"Longueuil",1.427429,32.63,13.34,43690
"Longueuil",1.425234,32.7,13.33,43690
"Longueuil",1.4257,32.62,13.31,43690
"Longueuil",1.420858,32.62,13.3,43690
"Longueuil",1.424639,32.62,13.32,43690
"Longueuil",1.420924,32.62,13.31,43690
"Longueuil",1.423113,32.62,13.3,43690
"Longueuil",1.420677,32.63,13.34,43690
"Longueuil",1.419901,32.68,13.33,43690
"Longueuil",1.41836,32.63,13.33,43690
"Longueuil",1.41598,32.66,13.35,43690
"Longueuil",1.416761,32.73,13.34,43690
"Longueuil",1.4189,32.66,13.31,43690
"Longueuil",1.418231,32.67,13.3,43690
"Longueuil",1.418294,32.7,13.28,43690
"Longueuil",1.4164,32.72,13.34,43690
"Longueuil",1.41686,32.72,13.35,43690
"Longueuil",1.41659,32.72,13.36,43690
"Longueuil",1.414467,32.74,13.34,43690
"Longueuil",1.415649,32.76,13.33,43690
"Longueuil",1.415573,32.77,13.38,43690
"Longueuil",1.413188,32.77,13.34,43690
"Longueuil",1.410548,32.76,13.36,43690
"Longueuil",1.40977,32.75,13.36,43690
"Longueuil",1.410929,32.76,13.4,43690
"Longueuil",1.409907,32.74,13.36,43690
"Longueuil",1.409719,32.73,13.41,43690
"Longueuil",1.407076,32.74,13.37,43690
"Longueuil",1.405813,32.73,13.34,43690
"Longueuil",1.403356,32.7,13.35,43690
"Longueuil",1.399345,32.76,13.35,43690
"Longueuil",1.401789,32.68,13.35,43690
"Longueuil",1.400129,32.67,13.33,43690
"Longueuil",1.398427,32.65,13.36,43690
"Longueuil",1.397054,32.64,13.41,43690
"Longueuil",1.396009,32.62,13.33,43690
"Longueuil",1.39786,32.61,13.34,43690
"Longueuil",1.397316,32.59,13.33,43690
"Longueuil",1.397758,32.59,13.32,43690
"Longueuil",1.394936,32.58,13.34,43690
"Longueuil",1.394094,32.58,13.34,43690
"Longueuil",1.39637,32.58,13.36,43690
"Longueuil",1.395955,32.59,13.38,43690
"Longueuil",1.395945,32.58,13.41,43690
"Longueuil",1.392329,32.58,13.39,43690
"Longueuil",1.391001,32.59,13.41,43690
"Longueuil",1.394412,32.58,13.42,43690
"Longueuil",1.391716,32.59,13.4,43690
"Longueuil",1.392189,32.6,13.39,43690
"Longueuil",1.392375,32.6,13.39,43690
"Longueuil",1.391172,32.61,13.39,43690
"Longueuil",1.389196,32.62,13.38,43690
"Longueuil",1.386703,32.62,13.4,43690
"Longueuil",1.385729,32.64,13.4,43690
"Longueuil",1.387446,32.65,13.43,43690
"Longueuil",1.388074,32.67,13.44,43690
"Longueuil",1.384875,32.68,13.45,43690
"Longueuil",1.383822,32.68,13.44,43690
"Longueuil",1.37839,32.7,13.41,43690
"Longueuil",1.376953,32.71,13.43,43690
"Longueuil",1.375359,32.71,13.45,43690
"Longueuil",1.373583,32.73,13.41,43690
"Longueuil",1.374695,32.72,13.4,43690
"Longueuil",1.371384,32.72,13.41,43690
"Longueuil",1.368902,32.73,13.42,43690
"Longueuil",1.369611,32.74,13.42,43690
"Longueuil",1.370567,32.72,13.43,43690
"Longueuil",1.368881,32.73,13.41,43690
"Longueuil",1.366684,32.71,13.44,43690
"Longueuil",1.366564,32.7,13.43,43690
"Longueuil",1.365377,32.69,13.4,43690
"Longueuil",1.366137,32.67,13.36,43690
"Longueuil",1.36569,32.66,13.33,43690
"Longueuil",1.364202,32.65,13.33,43690
"Longueuil",1.365209,32.63,13.32,43690
"Longueuil",1.363136,32.62,13.34,43690
"Longueuil",1.363411,32.6,13.35,43690
"Longueuil",1.363454,32.58,13.31,43690
"Longueuil",1.360975,32.58,13.31,43690
"Longueuil",1.361603,32.58,13.36,43690
"Longueuil",1.359873,32.57,13.38,43690
"Longueuil",1.359706,32.58,13.4,43690
"Longueuil",1.360786,32.57,13.39,43690
"Longueuil",1.355286,32.56,13.41,43690
"Longueuil",1.35468,32.58,13.42,43690
"Longueuil",1.353564,32.57,13.36,43690
"Longueuil",1.349876,32.57,13.35,43690
"Longueuil",1.347994,32.57,13.34,43690
"Longueuil",1.34745,32.59,13.36,43690
"Longueuil",1.345075,32.59,13.41,43690
"Longueuil",1.343867,32.6,13.37,43690
"Longueuil",1.343786,32.61,13.42,43690
"Longueuil",1.342425,32.6,13.4,43690
"Longueuil",1.34007,32.6,13.37,43690
"Longueuil",1.336914,32.62,13.37,43690
"Longueuil",1.339017,32.64,13.38,43690
"Longueuil",1.338488,32.66,13.38,43690
"Longueuil",1.335698,32.66,13.36,43690
"Longueuil",1.335264,32.69,13.36,43690
"Longueuil",1.333743,32.7,13.4,43690
"Longueuil",1.332754,32.71,13.37,43690
"Longueuil",1.33198,32.71,13.35,43690
"Longueuil",1.33198,32.73,13.35,43690
"Longueuil",1.325956,32.73,13.36,43690
"Longueuil",1.326724,32.75,13.36,43690
"Longueuil",1.325488,32.76,13.37,43690
"Longueuil",1.323428,32.75,13.38,43690
"Longueuil",1.322807,32.74,13.4,43690
"Longueuil",1.318497,32.73,13.4,43690
"Longueuil",1.319328,32.74,13.43,43690
"Longueuil",1.314283,32.73,13.38,43690
"Longueuil",1.316383,32.73,13.41,43690
"Longueuil",1.309784,32.72,13.37,43690
"Longueuil",1.309347,32.7,13.4,43690
"Longueuil",1.307742,32.7,13.41,43690
"Longueuil",1.307121,32.68,13.38,43690
"Longueuil",1.305387,32.66,13.36,43690
"Longueuil",1.307518,32.65,13.37,43690
"Longueuil",1.302589,32.65,13.42,43690
"Longueuil",1.304983,32.63,13.42,43690
"Longueuil",1.300893,32.61,13.43,43690
"Longueuil",1.304886,32.6,13.45,43690
"Longueuil",1.303154,32.6,13.38,43690
"Longueuil",1.302577,32.58,13.39,43690
"Longueuil",1.299355,32.58,13.41,43690
"Longueuil",1.30013,32.6,13.41,43690
"Longueuil",1.298897,32.59,13.41,43690
"Longueuil",1.298398,32.65,13.38,43690
"Longueuil",1.291891,32.6,13.42,43690
"Longueuil",1.289988,32.6,13.42,43690
"Longueuil",1.289218,32.6,13.42,43690
"Longueuil",1.288719,32.62,13.41,43690
"Longueuil",1.28451,32.61,13.44,43690
"Longueuil",1.280073,32.63,13.43,43690
"Longueuil",1.278831,32.64,13.41,43690
"Longueuil",1.279251,32.65,13.41,43690
"Longueuil",1.276151,32.66,13.44,43690
"Longueuil",1.274963,32.67,13.42,43690
"Longueuil",1.270121,32.67,13.38,43690
"Longueuil",1.269829,32.68,13.38,43690
"Longueuil",1.270388,32.68,13.37,43690
"Longueuil",1.26726,32.67,13.36,43690
"Longueuil",1.266243,32.67,13.36,43690
"Longueuil",1.265063,32.68,13.32,43690
"Longueuil",1.264221,32.68,13.32,43690
"Longueuil",1.263273,32.68,13.34,43690
"Longueuil",1.265462,32.69,13.33,43690
"Longueuil",1.259183,32.69,13.35,43690
"Longueuil",1.258191,32.68,13.34,43690
"Longueuil",1.256383,32.68,13.4,43690
"Longueuil",1.261795,32.67,13.39,43690
"Longueuil",1.255229,32.67,13.4,43690
"Longueuil",1.254951,32.63,13.42,43690
"Longueuil",1.254323,32.49,13.43,43690
"Longueuil",1.253329,32.55,13.39,43690
"Longueuil",1.25398,32.56,13.36,43690
"Longueuil",1.250313,32.38,13.37,43690
"Longueuil",1.251884,32.54,13.43,43690
"Longueuil",1.248932,32.34,13.39,43690
"Longueuil",1.245931,32.53,13.39,43690
"Longueuil",1.247337,32.51,13.33,43690
"Longueuil",1.246518,32.53,13.33,43690
"Longueuil",1.244883,32.49,13.31,43690
"Longueuil",1.243662,32.55,13.35,43690
"Longueuil",1.242294,32.53,13.34,43690
"Longueuil",1.242897,32.49,13.33,43690
"Longueuil",1.240128,32.51,13.3,43690
"Longueuil",1.240143,32.51,13.32,43690
"Longueuil",1.240145,32.51,13.3,43690
"Longueuil",1.241478,32.53,13.31,43690
"Longueuil",1.23659,32.54,13.33,43690
"Longueuil",1.236033,32.56,13.35,43690
"Longueuil",1.233289,32.57,13.33,43690
"Longueuil",1.233904,32.58,13.34,43690
"Longueuil",1.232419,32.59,13.32,43690
"Longueuil",1.230545,32.6,13.33,43690
"Longueuil",1.229284,32.62,13.34,43690
"Longueuil",1.229998,32.62,13.36,43690
"Longueuil",1.227781,32.64,13.36,43690
"Longueuil",1.226064,32.65,13.37,43690
"Longueuil",1.223206,32.66,13.34,43690
"Longueuil",1.223534,32.67,13.36,43690
"Longueuil",1.220543,32.68,13.38,43690
"Longueuil",1.218615,32.69,13.36,43690
"Longueuil",1.213648,32.69,13.34,43690
"Longueuil",1.215879,32.69,13.34,43690
"Longueuil",1.212308,32.69,13.35,43690
"Longueuil",1.211756,32.7,13.37,43690
"Longueuil",1.205678,32.72,13.37,43690
"Longueuil",1.205582,32.71,13.36,43690
"Longueuil",1.207596,32.68,13.36,43690
"Longueuil",1.203667,32.68,13.35,43690
"Longueuil",1.202466,32.66,13.4,43690
"Longueuil",1.202568,32.66,13.36,43690
"Longueuil",1.202843,32.64,13.33,43690
"Longueuil",1.200714,32.62,13.32,43690
"Longueuil",1.200251,32.6,13.34,43690
"Longueuil",1.198402,32.59,13.37,43690
"Longueuil",1.200297,32.58,13.36,43690
"Longueuil",1.196871,32.57,13.37,43690
"Longueuil",1.197052,32.58,13.34,43690
"Longueuil",1.196958,32.55,13.32,43690
"Longueuil",1.19576,32.54,13.3,43690
"Longueuil",1.193031,32.55,13.32,43690
"Longueuil",1.192301,32.55,13.38,43690
"Longueuil",1.19207,32.64,13.37,43690
"Longueuil",1.194318,32.55,13.35,43690
"Longueuil",1.187635,32.55,13.31,43690
"Longueuil",1.186017,32.56,13.33,43690
"Longueuil",1.186869,32.56,13.35,43690
"Longueuil",1.18604,32.57,13.31,43690
"Longueuil",1.185552,32.6,13.3,43690
"Longueuil",1.183065,32.59,13.35,43690
"Longueuil",1.184077,32.62,13.36,43690
"Longueuil",1.18178,32.63,13.37,43690
"Longueuil",1.182116,32.63,13.38,43690
"Longueuil",1.1822,32.64,13.38,43690
"Longueuil",1.180893,32.46,13.34,43690
"Longueuil",1.179499,32.65,13.33,43690
"Longueuil",1.176834,32.67,13.35,43690
"Longueuil",1.18,32.69,13.35,43690
"Longueuil",1.175535,32.7,13.34,43690
"Longueuil",1.17423,32.71,13.33,43690
"Longueuil",1.174192,32.73,13.3,43690
"Longueuil",1.171425,32.74,13.33,43690
"Longueuil",1.173355,32.75,13.35,43690
"Longueuil",1.1667,32.77,13.34,43690
"Longueuil",1.165713,32.75,13.3,43690
"Longueuil",1.165426,32.76,13.33,43690
"Longueuil",1.162211,32.77,13.38,43690
"Longueuil",1.158018,32.77,13.38,43690
"Longueuil",1.156787,32.77,13.36,43690
"Longueuil",1.158152,32.75,13.38,43690
"Longueuil",1.155914,32.77,13.39,43690
"Longueuil",1.153216,32.75,13.4,43690
"Longueuil",1.154757,32.72,13.36,43690
"Longueuil",1.153086,32.72,13.34,43690
"Longueuil",1.152176,32.71,13.34,43690
"Longueuil",1.153633,32.7,13.37,43690
"Longueuil",1.149399,32.69,13.37,43690
"Longueuil",1.150149,32.66,13.33,43690
"Longueuil",1.150424,32.64,13.31,43690
"Longueuil",1.149745,32.62,13.35,43690
"Longueuil",1.147942,32.61,13.3,43690
"Longueuil",1.144775,32.62,13.36,43690
"Longueuil",1.145376,32.61,13.33,43690
"Longueuil",1.141675,32.61,13.34,43690
"Longueuil",1.140996,32.6,13.4,43690
"Longueuil",1.141055,32.57,13.34,43690
"Longueuil",1.140696,32.58,13.31,43690
"Longueuil",1.137146,32.59,13.31,43690
"Longueuil",1.137248,32.58,13.31,43690
"Longueuil",1.135323,32.62,13.3,43690
"Longueuil",1.13501,32.59,13.31,43690
"Longueuil",1.132177,32.59,13.3,43690
"Longueuil",1.129562,32.61,13.32,43690
"Longueuil",1.128794,32.62,13.33,43690
"Longueuil",1.128405,32.61,13.29,43690
"Longueuil",1.127383,32.61,13.32,43690
"Longueuil",1.125412,32.64,13.38,43690
"Longueuil",1.124227,32.65,13.34,43690
"Longueuil",1.124629,32.54,13.34,43690
"Longueuil",1.123815,32.53,13.37,43690
"Longueuil",1.121226,32.62,13.38,43690
"Longueuil",1.120242,32.66,13.43,43690
"Longueuil",1.121445,32.69,13.41,43690
"Longueuil",1.119382,32.7,13.39,43690
"Longueuil",1.119194,32.72,13.38,43690
"Longueuil",1.11924,32.74,13.41,43690
"Longueuil",1.117795,32.74,13.42,43690
"Longueuil",1.115784,32.77,13.38,43690
"Longueuil",1.112259,32.77,13.35,43690
"Longueuil",1.10908,32.77,13.37,43690
"Longueuil",1.110016,32.78,13.34,43690
"Longueuil",1.105776,32.79,13.33,43690
"Longueuil",1.103869,32.79,13.34,43690
"Longueuil",1.101766,32.79,13.39,43690
"Longueuil",1.098791,32.78,13.37,43690
"Longueuil",1.097582,32.78,13.35,43690
"Longueuil",1.097427,32.78,13.39,43690
"Longueuil",1.097682,32.77,13.41,43690
"Longueuil",1.097087,32.75,13.39,43690
"Longueuil",1.097074,32.74,13.4,43690
"Longueuil",1.096079,32.73,13.42,43690
"Longueuil",1.093178,32.71,13.42,43690
"Longueuil",1.092651,32.7,13.44,43690
"Longueuil",1.094381,32.68,13.42,43690
"Longueuil",1.092723,32.67,13.41,43690
"Longueuil",1.090858,32.66,13.39,43690
"Longueuil",1.091988,32.63,13.39,43690
"Longueuil",1.089907,32.63,13.35,43690
"Longueuil",1.091003,32.61,13.34,43690
"Longueuil",1.087237,32.61,13.34,43690
"Longueuil",1.085993,32.61,13.36,43690
"Longueuil",1.081319,32.61,13.35,43690
"Longueuil",1.079702,32.6,13.36,43690
"Longueuil",1.078718,32.61,13.39,43690
"Longueuil",1.078646,32.63,13.4,43690
"Longueuil",1.07652,32.63,13.39,43690
"Longueuil",1.073141,32.62,13.38,43690
"Longueuil",1.073166,32.63,13.37,43690
"Longueuil",1.070793,32.64,13.33,43690
"Longueuil",1.071437,32.65,13.35,43690
"Longueuil",1.070173,32.65,13.36,43690
"Longueuil",1.065826,32.66,13.35,43690
"Longueuil",1.065374,32.67,13.39,43690
"Longueuil",1.064657,32.69,13.36,43690
"Longueuil",1.06499,32.7,13.38,43690
"Longueuil",1.062856,32.73,13.36,43690
"Longueuil",1.062581,32.73,13.36,43690
"Longueuil",1.059875,32.74,13.41,43690
"Longueuil",1.06073,32.75,13.36,43690
"Longueuil",1.058975,32.76,13.36,43690
"Longueuil",1.055962,32.77,13.38,43690
"Longueuil",1.054754,32.78,13.34,43690
"Longueuil",1.053665,32.78,13.35,43690
"Longueuil",1.051003,32.79,13.33,43690
"Longueuil",1.04867,32.7,13.34,43690
"Longueuil",1.04628,32.81,13.34,43690
"Longueuil",1.046875,32.8,13.33,43690
"Longueuil",1.041021,32.81,13.34,43690
"Longueuil",1.042315,32.81,13.35,43690
"Longueuil",1.037196,32.8,13.31,43690
"Longueuil",1.034749,32.8,13.34,43690
"Longueuil",1.03565,32.79,13.35,43690
"Longueuil",1.032471,32.79,13.36,43690
"Longueuil",1.030815,32.79,13.34,43690
"Longueuil",1.027257,32.77,13.37,43690
"Longueuil",1.026466,32.75,13.36,43690
"Longueuil",1.027527,32.73,13.36,43690
"Longueuil",1.028145,32.72,13.33,43690
"Longueuil",1.024963,32.71,13.34,43690
"Longueuil",1.025141,32.68,13.33,43690
"Longueuil",1.024798,32.66,13.31,43690
"Longueuil",1.025078,32.65,13.35,43690
"Longueuil",1.024104,32.65,13.36,43690
"Longueuil",1.026263,32.65,13.37,43690
"Longueuil",1.026161,32.65,13.39,43690
"Longueuil",1.023369,32.64,13.36,43690
"Longueuil",1.023699,32.62,13.39,43690
"Longueuil",1.022153,32.61,13.46,43690
"Longueuil",1.022423,32.48,13.41,43690
"Longueuil",1.019753,32.54,13.42,43690
"Longueuil",1.021495,32.58,13.42,43690
"Longueuil",1.018804,32.6,13.41,43690
"Longueuil",1.018768,32.61,13.43,43690
"Longueuil",1.016874,32.61,13.44,43690
"Longueuil",1.014636,32.6,13.38,43690
"Longueuil",1.012436,32.64,13.42,43690
"Longueuil",1.011683,32.58,13.35,43690
"Longueuil",1.010229,32.57,13.31,43690
"Longueuil",1.009379,32.58,13.36,43690
"Longueuil",1.01016,32.58,13.31,43690
"Longueuil",1.008588,32.61,13.32,43690
"Longueuil",1.0071,32.62,13.31,43690
"Longueuil",1.006368,32.64,13.32,43690
"Longueuil",1.008288,32.55,13.3,43690
"Longueuil",1.004936,32.56,13.33,43690
"Longueuil",1.005819,32.62,13.31,43690
"Longueuil",1.008939,32.64,13.32,43690
"Longueuil",1.006907,32.67,13.34,43690
"Longueuil",1.008789,32.68,13.31,43690
"Longueuil",1.006948,32.68,13.32,43690
"Longueuil",1.004674,32.69,13.37,43690
"Longueuil",1.004382,32.68,13.34,43690
"Longueuil",0.9974696,32.68,13.34,43690
"Longueuil",0.9934769,32.67,13.38,43690
"Longueuil",0.9953588,32.67,13.34,43690
"Longueuil",1.001465,32.65,13.31,43690
"Longueuil",0.9980265,32.63,13.32,43690
"Longueuil",0.9970932,32.62,13.34,43690
"Longueuil",0.9935099,32.62,13.36,43690
"Longueuil",0.9939702,32.59,13.38,43690
"Longueuil",0.9900233,32.58,13.38,43690
"Longueuil",0.9903972,32.57,13.37,43690
"Longueuil",0.989769,32.54,13.4,43690
"Longueuil",0.9922536,32.55,13.37,43690
"Longueuil",0.9917018,32.54,13.34,43690
"Longueuil",0.9891434,32.53,13.34,43690
"Longueuil",0.9887288,32.53,13.33,43690
"Longueuil",0.9871801,32.52,13.32,43690
"Longueuil",0.987325,32.53,13.31,43690
"Longueuil",0.9885508,32.53,13.31,43690
"Longueuil",0.9869512,32.62,13.34,43690
"Longueuil",0.9867452,32.55,13.34,43690
"Longueuil",0.9861145,32.56,13.37,43690
"Longueuil",0.9860891,32.57,13.37,43690
"Longueuil",0.9840749,32.58,13.35,43690
"Longueuil",0.9837621,32.58,13.38,43690
"Longueuil",0.9800517,32.59,13.37,43690
"Longueuil",0.979215,32.61,13.39,43690
"Longueuil",0.9797745,32.62,13.4,43690
"Longueuil",0.9762242,32.64,13.39,43690
"Longueuil",0.9755376,32.64,13.38,43690
"Longueuil",0.9769948,32.65,13.34,43690
"Longueuil",0.9723155,32.66,13.37,43690
"Longueuil",0.972613,32.68,13.36,43690
"Longueuil",0.9679158,32.7,13.34,43690
"Longueuil",0.9682465,32.71,13.35,43690
"Longueuil",0.9666646,32.73,13.37,43690
"Longueuil",0.9622599,32.74,13.38,43690
"Longueuil",0.9590632,32.75,13.41,43690
"Longueuil",0.9586131,32.74,13.41,43690
"Longueuil",0.955485,32.74,13.39,43690
"Longueuil",0.9507726,32.76,13.38,43690
"Longueuil",0.9516194,32.75,13.4,43690
"Longueuil",0.950559,32.73,13.41,43690
"Longueuil",0.9487686,32.73,13.39,43690
"Longueuil",0.9464188,32.73,13.36,43690
"Longueuil",0.94752,32.7,13.36,43690
"Longueuil",0.9464595,32.7,13.37,43690
"Longueuil",0.9456151,32.68,13.38,43690
"Longueuil",0.9468079,32.67,13.37,43690
"Longueuil",0.9451039,32.65,13.39,43690
"Longueuil",0.94561,32.63,13.37,43690
"Longueuil",0.9466476,32.62,13.39,43690
"Longueuil",0.9433594,32.61,13.34,43690
"Longueuil",0.9468333,32.59,13.31,43690
"Longueuil",0.9460068,32.63,13.3,43690
"Longueuil",0.9448751,32.59,13.34,43690
"Longueuil",0.9499893,32.65,13.32,43690
"Longueuil",0.9445775,32.58,13.31,43690
"Longueuil",0.9442088,32.57,13.34,43690
"Longueuil",0.9415105,32.59,13.37,43690
"Longueuil",0.9407298,32.6,13.33,43690
"Longueuil",0.9542465,32.6,13.36,43690
"Longueuil",0.9500478,32.6,13.36,43690
"Longueuil",0.9479752,32.61,13.3,43690
"Longueuil",0.9411876,32.62,13.33,43690
"Longueuil",0.9421005,32.63,13.36,43690
"Longueuil",0.9393743,32.64,13.37,43690
"Longueuil",0.9360631,32.65,13.34,43690
"Longueuil",0.9348475,32.65,13.35,43690
"Longueuil",0.9331843,32.65,13.32,43690
"Longueuil",0.9335022,32.67,13.31,43690
"Longueuil",0.9337769,32.69,13.33,43690
"Longueuil",0.9286448,32.71,13.35,43690
"Longueuil",0.928777,32.73,13.42,43690
"Longueuil",0.9289424,32.74,13.36,43690
"Longueuil",0.926974,32.75,13.38,43690
"Longueuil",0.9245504,32.75,13.41,43690
"Longueuil",0.9242172,32.78,13.43,43690
"Longueuil",0.9242859,32.78,13.39,43690
"Longueuil",0.9245987,32.78,13.37,43690
"Longueuil",0.9203033,32.77,13.36,43690
"Longueuil",0.9223175,32.77,13.36,43690
"Longueuil",0.9213638,32.77,13.36,43690
"Longueuil",0.9200338,32.76,13.38,43690
"Longueuil",0.918424,32.75,13.39,43690
"Longueuil",0.9170354,32.73,13.34,43690
"Longueuil",0.913765,32.72,13.38,43690
"Longueuil",0.9135335,32.72,13.36,43690
"Longueuil",0.9135945,32.71,13.38,43690
"Longueuil",0.9114482,32.7,13.39,43690
"Longueuil",0.9141388,32.72,13.37,43690
"Longueuil",0.9111125,32.66,13.34,43690
"Longueuil",0.9103673,32.64,13.34,43690
"Longueuil",0.9117559,32.71,13.34,43690
"Longueuil",0.9109624,32.62,13.35,43690
"Longueuil",0.9123484,32.62,13.37,43690
"Longueuil",0.9110896,32.6,13.37,43690
"Longueuil",0.9128698,32.58,13.35,43690
"Longueuil",0.9125493,32.56,13.33,43690
"Longueuil",0.9107869,32.53,13.32,43690
"Longueuil",0.9104182,32.54,13.31,43690
"Longueuil",0.9107844,32.56,13.31,43690
"Longueuil",0.9111659,32.55,13.32,43690
"Longueuil",0.9108632,32.56,13.32,43690
"Longueuil",0.908961,32.57,13.33,43690
"Longueuil",0.9069061,32.58,13.36,43690
"Longueuil",0.9057363,32.59,13.35,43690
"Longueuil",0.9022548,32.5,13.33,43690
"Longueuil",0.9059219,32.43,13.31,43690
"Longueuil",0.9019699,32.49,13.3,43690
"Longueuil",0.8977356,32.53,13.31,43690
"Longueuil",0.8987706,32.56,13.31,43690
"Longueuil",0.8970566,32.64,13.3,43690
"Longueuil",0.8934123,32.57,13.32,43690
"Longueuil",0.8953349,32.57,13.3,43690
"Longueuil",0.8953807,32.57,13.28,43690
"Longueuil",0.8937886,32.59,13.31,43690
"Longueuil",0.894366,32.6,13.34,43690
"Longueuil",0.8947703,32.62,13.32,43690
"Longueuil",0.896581,32.62,13.32,43690
"Longueuil",0.8946152,32.62,13.3,43690
"Longueuil",0.8945999,32.62,13.31,43690
"Longueuil",0.895902,32.65,13.31,43690
"Longueuil",0.8947398,32.67,13.31,43690
"Longueuil",0.8940786,32.67,13.32,43690
"Longueuil",0.8921865,32.69,13.39,43690
"Longueuil",0.8895976,32.69,13.39,43690
"Longueuil",0.8886744,32.68,13.4,43690
"Longueuil",0.889239,32.68,13.4,43690
"Longueuil",0.8872579,32.68,13.4,43690
"Longueuil",0.8836899,32.71,13.39,43690
"Longueuil",0.8793767,32.66,13.36,43690
"Longueuil",0.8811493,32.63,13.35,43690
"Longueuil",0.8796387,32.61,13.37,43690
"Longueuil",0.8774541,32.58,13.31,43690
"Longueuil",0.879308,32.58,13.31,43690
"Longueuil",0.8779094,32.57,13.34,43690
"Longueuil",0.8790792,32.57,13.37,43690
"Longueuil",0.8779755,32.56,13.39,43690
"Longueuil",0.8777974,32.54,13.38,43690
"Longueuil",0.8791402,32.53,13.34,43690
"Longueuil",0.8767014,32.53,13.36,43690
"Longueuil",0.8760884,32.54,13.34,43690
"Longueuil",0.8751984,32.52,13.33,43690
"Longueuil",0.8753255,32.52,13.39,43690
"Longueuil",0.8734894,32.53,13.42,43690
"Longueuil",0.8714218,32.52,13.39,43690
"Longueuil",0.8715108,32.52,13.37,43690
"Longueuil",0.8699773,32.53,13.39,43690
"Longueuil",0.8675919,32.53,13.37,43690
"Longueuil",0.8636653,32.52,13.36,43690
"Longueuil",0.8652802,32.53,13.37,43690
"Longueuil",0.8621902,32.55,13.38,43690
"Longueuil",0.8635101,32.56,13.4,43690
"Longueuil",0.8607254,32.56,13.37,43690
"Longueuil",0.8604915,32.57,13.38,43690
"Longueuil",0.8589122,32.58,13.34,43690
"Longueuil",0.8596725,32.59,13.36,43690
"Longueuil",0.8589198,32.61,13.34,43690
"Longueuil",0.8569285,32.61,13.33,43690
"Longueuil",0.857165,32.63,13.33,43690
"Longueuil",0.8574702,32.65,13.35,43690
"Longueuil",0.8546397,32.66,13.4,43690
"Longueuil",0.8568395,32.68,13.42,43690
"Longueuil",0.8567734,32.69,13.36,43690
"Longueuil",0.8544795,32.69,13.34,43690
"Longueuil",0.8542328,32.7,13.36,43690
"Longueuil",0.8518906,32.7,13.35,43690
"Longueuil",0.8525874,32.74,13.4,43690
"Longueuil",0.849851,32.75,13.38,43690
"Longueuil",0.8486531,32.76,13.38,43690
"Longueuil",0.8472748,32.79,13.42,43690
"Longueuil",0.843572,32.79,13.39,43690
"Longueuil",0.8395335,32.81,13.37,43690
"Longueuil",0.8378245,32.78,13.39,43690
"Longueuil",0.836057,32.83,13.35,43690
"Longueuil",0.8328959,32.79,13.35,43690
"Longueuil",0.8345439,32.79,13.38,43690
"Longueuil",0.8322169,32.8,13.39,43690
"Longueuil",0.8312098,32.79,13.39,43690
"Longueuil",0.8305283,32.79,13.4,43690
"Longueuil",0.8315048,32.77,13.41,43690
"Longueuil",0.8309428,32.76,13.42,43690
"Longueuil",0.8317973,32.76,13.43,43690
"Longueuil",0.8307216,32.73,13.43,43690
"Longueuil",0.8337886,32.71,13.39,43690
"Longueuil",0.8338216,32.67,13.37,43690
"Longueuil",0.8324839,32.65,13.4,43690
"Longueuil",0.8347728,32.65,13.37,43690
"Longueuil",0.832901,32.63,13.34,43690
"Longueuil",0.8330536,32.61,13.34,43690
"Longueuil",0.8294881,32.61,13.4,43690
"Longueuil",0.8298848,32.61,13.39,43690
"Longueuil",0.8288956,32.6,13.41,43690
"Longueuil",0.8261159,32.59,13.42,43690
"Longueuil",0.8251292,32.59,13.44,43690
"Longueuil",0.8215612,32.6,13.42,43690
"Longueuil",0.8197657,32.58,13.4,43690
"Longueuil",0.8183975,32.6,13.44,43690
"Longueuil",0.8176575,32.6,13.4,43690
"Longueuil",0.8161595,32.61,13.37,43690
"Longueuil",0.8140564,32.59,13.36,43690
"Longueuil",0.8107961,32.6,13.33,43690
"Longueuil",0.8138301,32.61,13.33,43690
"Longueuil",0.8147583,32.61,13.38,43690
"Longueuil",0.8131816,32.63,13.36,43690
"Longueuil",0.8125076,32.63,13.38,43690
"Longueuil",0.8172658,32.65,13.36,43690
"Longueuil",0.8141505,32.66,13.37,43690
"Longueuil",0.8156662,32.67,13.4,43690
"Longueuil",0.8175125,32.68,13.38,43690
"Longueuil",0.8161087,32.67,13.35,43690
"Longueuil",0.8163936,32.69,13.33,43690
"Longueuil",0.8162613,32.69,13.35,43690
"Longueuil",0.8187103,32.71,13.36,43690
"Longueuil",0.8168462,32.7,13.39,43690
"Longueuil",0.8158748,32.71,13.39,43690
"Longueuil",0.8152491,32.77,13.36,43690
"Longueuil",0.8133036,32.68,13.34,43690
"Longueuil",0.8105596,32.68,13.35,43690
"Longueuil",0.8104935,32.69,13.38,43690
"Longueuil",0.8094915,32.66,13.39,43690
"Longueuil",0.8080546,32.65,13.36,43690
"Longueuil",0.8089549,32.65,13.35,43690
"Longueuil",0.809583,32.63,13.34,43690
"Longueuil",0.8061752,32.62,13.34,43690
"Longueuil",0.8075053,32.61,13.35,43690
"Longueuil",0.8084488,32.44,13.36,43690
"Longueuil",0.8092143,32.58,13.36,43690
"Longueuil",0.8099365,32.57,13.3,43690
"Longueuil",0.8105977,32.54,13.3,43690
"Longueuil",0.8103078,32.55,13.33,43690
"Longueuil",0.8090591,32.56,13.35,43690
"Longueuil",0.8122813,32.55,13.35,43690
"Longueuil",0.8096848,32.55,13.37,43690
"Longueuil",0.8110072,32.55,13.33,43690
"Longueuil",0.8112742,32.58,13.4,43690
"Longueuil",0.8091024,32.57,13.37,43690
"Longueuil",0.8074849,32.57,13.37,43690
"Longueuil",0.8081487,32.57,13.38,43690
"Longueuil",0.8060226,32.58,13.38,43690
"Longueuil",0.8033549,32.58,13.38,43690
"Longueuil",0.8015798,32.58,13.32,43690
"Longueuil",0.7958272,32.59,13.35,43690
"Longueuil",0.7973353,32.63,13.34,43690
"Longueuil",0.7956924,32.6,13.31,43690
"Longueuil",0.7904384,32.61,13.32,43690
"Longueuil",0.7930018,32.63,13.33,43690
"Longueuil",0.7883606,32.47,13.3,43690
"Longueuil",0.7866058,32.65,13.32,43690
"Longueuil",0.7875137,32.66,13.3,43690
"Longueuil",0.7878926,32.67,13.31,43690
"Longueuil",0.7898915,32.69,13.33,43690
"Longueuil",0.7881648,32.69,13.29,43690
"Longueuil",0.7878952,32.7,13.31,43690
"Longueuil",0.7873027,32.71,13.31,43690
"Longueuil",0.7867253,32.74,13.36,43690
"Longueuil",0.7871068,32.73,13.34,43690
"Longueuil",0.7895482,32.74,13.33,43690
"Longueuil",0.7911301,32.73,13.33,43690
"Longueuil",0.7905426,32.74,13.36,43690
"Longueuil",0.7905807,32.73,13.33,43690
"Longueuil",0.7908986,32.71,13.36,43690
"Longueuil",0.7898585,32.72,13.34,43690
"Longueuil",0.7918091,32.7,13.36,43690
"Longueuil",0.7910258,32.69,13.34,43690
"Longueuil",0.7887802,32.66,13.31,43690
"Longueuil",0.7873433,32.66,13.34,43690
"Longueuil",0.7842458,32.65,13.35,43690
"Longueuil",0.7847087,32.62,13.34,43690
"Longueuil",0.7845535,32.68,13.31,43690
"Longueuil",0.7803955,32.59,13.31,43690
"Longueuil",0.7799911,32.58,13.33,43690
"Longueuil",0.7764689,32.58,13.33,43690
"Longueuil",0.7772039,32.57,13.35,43690
"Longueuil",0.7776413,32.56,13.36,43690
"Longueuil",0.7797012,32.68,13.36,43690
"Longueuil",0.780894,32.57,13.44,43690
"Longueuil",0.7807083,32.56,13.4,43690
"Longueuil",0.7842153,32.56,13.38,43690
"Longueuil",0.7849477,32.57,13.41,43690
"Longueuil",0.7851181,32.59,13.38,43690
"Longueuil",0.7865956,32.55,13.37,43690
"Longueuil",0.7862727,32.58,13.36,43690
"Longueuil",0.787885,32.58,13.39,43690
"Longueuil",0.7888133,32.58,13.36,43690
"Longueuil",0.7864558,32.59,13.35,43690
"Longueuil",0.7867253,32.59,13.31,43690
"Longueuil",0.7840042,32.59,13.31,43690
"Longueuil",0.7828853,32.6,13.32,43690
"Longueuil",0.7844315,32.62,13.3,43690
"Longueuil",0.7796071,32.62,13.35,43690
"Longueuil",0.7802277,32.64,13.35,43690
"Longueuil",0.7816899,32.67,13.4,43690
"Longueuil",0.7815908,32.68,13.38,43690
"Longueuil",0.7831904,32.69,13.38,43690
"Longueuil",0.782397,32.7,13.38,43690
"Longueuil",0.7804896,32.5,13.39,43690
"Longueuil",0.7803929,32.73,13.36,43690
"Longueuil",0.7788162,32.74,13.36,43690
"Longueuil",0.7788646,32.75,13.36,43690
"Longueuil",0.7805176,32.74,13.38,43690
"Longueuil",0.7769267,32.75,13.38,43690
"Longueuil",0.7768834,32.77,13.37,43690
"Longueuil",0.775645,32.75,13.39,43690
"Longueuil",0.7760442,32.75,13.4,43690
"Longueuil",0.7733002,32.73,13.4,43690
"Longueuil",0.771108,32.74,13.47,43690
"Longueuil",0.7647908,32.72,13.42,43690
"Longueuil",0.7633743,32.71,13.4,43690
"Longueuil",0.7623367,32.7,13.41,43690
"Longueuil",0.7612737,32.66,13.38,43690
"Longueuil",0.7591222,32.65,13.37,43690
"Longueuil",0.7553482,32.64,13.37,43690
"Longueuil",0.7546285,32.62,13.35,43690
"Longueuil",0.7505391,32.62,13.41,43690
"Longueuil",0.7524338,32.69,13.37,43690
"Longueuil",0.7482707,32.41,13.36,43690
"Longueuil",0.7501042,32.6,13.42,43690
"Longueuil",0.7512919,32.6,13.43,43690
"Longueuil",0.7514674,32.58,13.46,43690
"Longueuil",0.7527847,32.59,13.45,43690
"Longueuil",0.7524414,32.57,13.45,43690
"Longueuil",0.757108,32.57,13.44,43690
"Longueuil",0.7586823,32.65,13.42,43690
"Longueuil",0.7576345,32.56,13.47,43690
"Longueuil",0.7587001,32.57,13.41,43690
"Longueuil",0.7611389,32.57,13.43,43690
"Longueuil",0.7605896,32.59,13.41,43690
"Longueuil",0.7585602,32.59,13.42,43690
"Longueuil",0.76194,32.59,13.39,43690
"Longueuil",0.7608159,32.6,13.38,43690
"Longueuil",0.7605209,32.62,13.35,43690
"Longueuil",0.7594681,32.61,13.34,43690
"Longueuil",0.7564952,32.66,13.33,43690
"Longueuil",0.7551575,32.62,13.3,43690
"Longueuil",0.7551854,32.64,13.31,43690
"Longueuil",0.7526169,32.66,13.34,43690
"Longueuil",0.7503586,32.68,13.35,43690
"Longueuil",0.7497101,32.67,13.35,43690
"Longueuil",0.7494532,32.68,13.31,43690
"Longueuil",0.7469915,32.71,13.3,43690
"Longueuil",0.7459183,32.71,13.36,43690
"Longueuil",0.7426529,32.73,13.36,43690
"Longueuil",0.7460938,32.75,13.38,43690
"Longueuil",0.7451833,32.74,13.37,43690
"Longueuil",0.7443695,32.74,13.34,43690
"Longueuil",0.7464803,32.74,13.38,43690
"Longueuil",0.7449748,32.73,13.37,43690
"Longueuil",0.7459996,32.74,13.39,43690
"Longueuil",0.7465261,32.74,13.44,43690
"Longueuil",0.7489166,32.73,13.38,43690
"Longueuil",0.7498754,32.73,13.41,43690
"Longueuil",0.7485707,32.73,13.46,43690
"Longueuil",0.7493718,32.7,13.43,43690
"Longueuil",0.7488607,32.68,13.44,43690
"Longueuil",0.751765,32.67,13.47,43690
"Longueuil",0.7509587,32.65,13.4,43690
"Longueuil",0.7489166,32.63,13.37,43690
"Longueuil",0.7481334,32.61,13.34,43690
"Longueuil",0.7462133,32.59,13.31,43690
"Longueuil",0.7462489,32.57,13.33,43690
"Longueuil",0.7471695,32.58,13.34,43690
"Longueuil",0.7447789,32.57,13.37,43690
"Longueuil",0.7439092,32.57,13.38,43690
"Longueuil",0.7438202,32.56,13.36,43690
"Longueuil",0.7465134,32.56,13.36,43690
"Longueuil",0.7461497,32.56,13.37,43690
"Longueuil",0.7477875,32.57,13.33,43690
"Longueuil",0.7484639,32.56,13.36,43690
"Longueuil",0.7518234,32.57,13.37,43690
"Longueuil",0.7537689,32.58,13.37,43690
"Longueuil",0.7525355,32.58,13.39,43690
"Longueuil",0.7541428,32.6,13.42,43690
"Longueuil",0.7568563,32.61,13.42,43690
"Longueuil",0.7562612,32.6,13.42,43690
"Longueuil",0.7583339,32.61,13.42,43690
"Longueuil",0.7565435,32.63,13.42,43690
"Longueuil",0.7581406,32.64,13.43,43690
"Longueuil",0.7575633,32.64,13.42,43690
"Longueuil",0.7572505,32.65,13.4,43690
"Longueuil",0.7603175,32.67,13.4,43690
"Longueuil",0.7569275,32.71,13.4,43690
"Longueuil",0.7550354,32.69,13.38,43690
"Longueuil",0.7543615,32.69,13.38,43690
"Longueuil",0.7541656,32.7,13.41,43690
"Longueuil",0.7518158,32.72,13.37,43690
"Longueuil",0.7538732,32.75,13.43,43690
"Longueuil",0.7499542,32.75,13.4,43690
"Longueuil",0.7507579,32.76,13.37,43690
"Longueuil",0.7494557,32.76,13.37,43690
"Longueuil",0.7492879,32.77,13.39,43690
"Longueuil",0.7490005,32.77,13.4,43690
"Longueuil",0.7496135,32.76,13.39,43690
"Longueuil",0.7494863,32.76,13.34,43690
"Longueuil",0.7507655,32.75,13.34,43690
"Longueuil",0.7507985,32.75,13.35,43690
"Longueuil",0.7521159,32.49,13.33,43690
"Longueuil",0.7504044,32.73,13.35,43690
"Longueuil",0.7496821,32.72,13.36,43690
"Longueuil",0.7490819,32.7,13.34,43690
"Longueuil",0.7513835,32.68,13.35,43690
"Longueuil",0.7472636,32.67,13.37,43690
"Longueuil",0.7463735,32.67,13.36,43690
"Longueuil",0.7427419,32.66,13.38,43690
"Longueuil",0.7417679,32.64,13.39,43690
"Longueuil",0.7392781,32.62,13.34,43690
"Longueuil",0.740509,32.61,13.33,43690
"Longueuil",0.7395274,32.6,13.31,43690
"Longueuil",0.7407913,32.45,13.32,43690
"Longueuil",0.7369156,32.41,13.31,43690
"Longueuil",0.736763,32.59,13.33,43690
"Longueuil",0.7356084,32.59,13.36,43690
"Longueuil",0.735494,32.6,13.35,43690
"Longueuil",0.7359161,32.59,13.35,43690
"Longueuil",0.7340901,32.61,13.38,43690
"Longueuil",0.7346268,32.62,13.39,43690
"Longueuil",0.7381287,32.61,13.37,43690
"Longueuil",0.7388433,32.61,13.33,43690
"Longueuil",0.7441686,32.62,13.33,43690
"Longueuil",0.746343,32.62,13.34,43690
"Longueuil",0.7466176,32.62,13.31,43690
"Longueuil",0.7463658,32.64,13.33,43690
"Longueuil",0.747673,32.65,13.33,43690
"Longueuil",0.748937,32.68,13.39,43690
"Longueuil",0.7466431,32.68,13.39,43690
"Longueuil",0.7455037,32.74,13.37,43690
"Longueuil",0.7456334,32.55,13.39,43690
"Longueuil",0.7439219,32.71,13.36,43690
"Longueuil",0.7437668,32.71,13.42,43690
"Longueuil",0.7389526,32.73,13.4,43690
"Longueuil",0.7392629,32.75,13.39,43690
"Longueuil",0.7380676,32.75,13.38,43690
"Longueuil",0.7374395,32.76,13.43,43690
"Longueuil",0.7349167,32.77,13.39,43690
"Longueuil",0.7323303,32.78,13.37,43690
"Longueuil",0.7321498,32.79,13.36,43690
"Longueuil",0.7330449,32.8,13.4,43690
"Longueuil",0.7348378,32.82,13.41,43690
"Longueuil",0.7328313,32.81,13.42,43690
"Longueuil",0.7329407,32.82,13.38,43690
"Longueuil",0.7319183,32.81,13.4,43690
"Longueuil",0.7333603,32.8,13.37,43690
"Longueuil",0.7344081,32.8,13.38,43690
"Longueuil",0.7360204,32.78,13.37,43690
"Longueuil",0.735321,32.77,13.38,43690
"Longueuil",0.7327626,32.77,13.39,43690
"Longueuil",0.7341716,32.75,13.38,43690
"Longueuil",0.7322998,32.74,13.37,43690
"Longueuil",0.7350438,32.72,13.35,43690
"Longueuil",0.7306926,32.68,13.3,43690
"Longueuil",0.7294438,32.68,13.33,43690
"Longueuil",0.7294922,32.68,13.33,43690
"Longueuil",0.7257894,32.66,13.42,43690
"Longueuil",0.7208888,32.66,13.38,43690
"Longueuil",0.7207997,32.66,13.38,43690
"Longueuil",0.7196324,32.63,13.36,43690
"Longueuil",0.7213694,32.67,13.39,43690
"Longueuil",0.7191569,32.63,13.39,43690
"Longueuil",0.7186458,32.63,13.43,43690
"Longueuil",0.7201004,32.64,13.38,43690
"Longueuil",0.719017,32.63,13.36,43690
"Longueuil",0.7193883,32.63,13.4,43690
"Longueuil",0.7216695,32.64,13.43,43690
"Longueuil",0.7213796,32.64,13.42,43690
"Longueuil",0.7243245,32.64,13.39,43690
"Longueuil",0.7233302,32.64,13.36,43690
"Longueuil",0.7246119,32.64,13.35,43690
"Longueuil",0.7243169,32.64,13.32,43690
"Longueuil",0.7264328,32.66,13.33,43690
"Longueuil",0.7267736,32.65,13.34,43690
"Longueuil",0.7266235,32.66,13.36,43690
"Longueuil",0.7259242,32.67,13.35,43690
"Longueuil",0.7256572,32.68,13.34,43690
"Longueuil",0.7235438,32.7,13.34,43690
"Longueuil",0.7206345,32.72,13.34,43690
"Longueuil",0.7198893,32.72,13.35,43690
"Longueuil",0.7190883,32.74,13.35,43690
"Longueuil",0.7186254,32.76,13.33,43690
"Longueuil",0.7136765,32.76,13.33,43690
"Longueuil",0.7116776,32.76,13.34,43690
"Longueuil",0.7120056,32.78,13.37,43690
"Longueuil",0.7110621,32.79,13.39,43690
"Longueuil",0.7061666,32.78,13.38,43690
"Longueuil",0.7073771,32.79,13.4,43690
"Longueuil",0.7083359,32.8,13.42,43690
"Longueuil",0.7055333,32.78,13.41,43690
"Longueuil",0.7075374,32.77,13.36,43690
"Longueuil",0.7083333,32.77,13.37,43690
"Longueuil",0.7064362,32.77,13.37,43690
"Longueuil",0.7078171,32.74,13.39,43690
"Longueuil",0.7091725,32.73,13.36,43690
"Longueuil",0.7077687,32.71,13.33,43690
"Longueuil",0.7093582,32.7,13.34,43690
"Longueuil",0.7087733,32.68,13.37,43690
"Longueuil",0.7083842,32.67,13.36,43690
"Longueuil",0.7058945,32.65,13.38,43690
"Longueuil",0.7038752,32.67,13.43,43690
"Longueuil",0.7038116,32.63,13.44,43690
"Longueuil",0.7047501,32.63,13.39,43690
"Longueuil",0.7004166,32.62,13.39,43690
"Longueuil",0.6996358,32.61,13.35,43690
"Longueuil",0.6979192,32.62,13.39,43690
"Longueuil",0.695694,32.6,13.37,43690
"Longueuil",0.6945928,32.6,13.39,43690
"Longueuil",0.6936493,32.63,13.38,43690
"Longueuil",0.6875458,32.6,13.33,43690
"Longueuil",0.6885757,32.62,13.33,43690
"Longueuil",0.6890411,32.6,13.36,43690
"Longueuil",0.6894455,32.61,13.35,43690
"Longueuil",0.6869583,32.75,13.38,43690
"Longueuil",0.6865132,32.64,13.34,43690
"Longueuil",0.6872075,32.64,13.35,43690
"Longueuil",0.6883036,32.65,13.34,43690
"Longueuil",0.6889801,32.64,13.34,43690
"Longueuil",0.6932704,32.67,13.31,43690
"Longueuil",0.6927287,32.66,13.39,43690
"Longueuil",0.6929398,32.67,13.35,43690
"Longueuil",0.6949158,32.7,13.36,43690
"Longueuil",0.6947429,32.71,13.37,43690
"Longueuil",0.6944224,32.73,13.37,43690
"Longueuil",0.6960042,32.74,13.38,43690
"Longueuil",0.6949794,32.74,13.35,43690
"Longueuil",0.694486,32.73,13.33,43690
"Longueuil",0.6920217,32.76,13.34,43690
"Longueuil",0.6919174,32.79,13.35,43690
"Longueuil",0.6903788,32.8,13.39,43690
"Longueuil",0.6890361,32.8,13.37,43690
"Longueuil",0.6847458,32.82,13.38,43690
"Longueuil",0.6840617,32.82,13.39,43690
"Longueuil",0.6827927,32.81,13.36,43690
"Longueuil",0.6818898,32.81,13.4,43690
"Longueuil",0.6855494,32.81,13.4,43690
"Longueuil",0.6817551,32.8,13.35,43690
"Longueuil",0.6822026,32.81,13.36,43690
"Longueuil",0.6840464,32.8,13.38,43690
"Longueuil",0.6841812,32.78,13.36,43690
"Longueuil",0.6849187,32.76,13.36,43690
"Longueuil",0.6853434,32.76,13.37,43690
"Longueuil",0.6855265,32.73,13.36,43690
"Longueuil",0.6865616,32.72,13.35,43690
"Longueuil",0.6869914,32.71,13.37,43690
"Longueuil",0.6858241,32.69,13.35,43690
"Longueuil",0.6883519,32.68,13.37,43690
"Longueuil",0.6845016,32.67,13.39,43690
"Longueuil",0.6853027,32.65,13.37,43690
"Longueuil",0.6834717,32.63,13.37,43690
"Longueuil",0.6803996,32.62,13.37,43690
"Longueuil",0.6813126,32.62,13.33,43690
"Longueuil",0.6810557,32.61,13.34,43690
"Longueuil",0.6793442,32.61,13.4,43690
"Longueuil",0.6770656,32.61,13.37,43690
"Longueuil",0.6761424,32.61,13.37,43690
"Longueuil",0.6746572,32.61,13.33,43690
"Longueuil",0.6745275,32.61,13.36,43690
"Longueuil",0.6727778,32.62,13.37,43690
"Longueuil",0.6716182,32.63,13.38,43690
"Longueuil",0.6739324,32.64,13.42,43690
"Longueuil",0.6726074,32.66,13.38,43690
"Longueuil",0.6746902,32.66,13.39,43690
"Longueuil",0.6763433,32.66,13.37,43690
"Longueuil",0.6742808,32.66,13.39,43690
"Longueuil",0.6751683,32.66,13.35,43690
"Longueuil",0.6760483,32.65,13.3,43690
"Longueuil",0.6796773,32.67,13.31,43690
"Longueuil",0.6799977,32.68,13.32,43690
"Longueuil",0.6815593,32.69,13.34,43690
"Longueuil",0.6822815,32.72,13.38,43690
"Longueuil",0.6833089,32.73,13.38,43690
"Longueuil",0.6789754,32.62,13.36,43690
"Longueuil",0.6817245,32.75,13.37,43690
"Longueuil",0.6806564,32.76,13.34,43690
"Longueuil",0.6800715,32.78,13.37,43690
"Longueuil",0.6779149,32.79,13.43,43690
"Longueuil",0.6778361,32.81,13.41,43690
"Longueuil",0.6754863,32.81,13.39,43690
"Longueuil",0.6750005,32.83,13.37,43690
"Longueuil",0.674558,32.81,13.35,43690
"Longueuil",0.6729075,32.82,13.36,43690
"Longueuil",0.6734161,32.84,13.38,43690
"Longueuil",0.6749929,32.83,13.41,43690
"Longueuil",0.6720886,32.81,13.41,43690
"Longueuil",0.6721904,32.56,13.42,43690
"Longueuil",0.6758296,32.82,13.42,43690
"Longueuil",0.6751429,32.8,13.41,43690
"Longueuil",0.6773275,32.79,13.41,43690
"Longueuil",0.6806971,32.78,13.42,43690
"Longueuil",0.6816533,32.79,13.43,43690
"Longueuil",0.683876,32.74,13.42,43690
"Longueuil",0.6829732,32.72,13.39,43690
"Longueuil",0.6870422,32.71,13.41,43690
"Longueuil",0.68485,32.69,13.38,43690
"Longueuil",0.6862106,32.67,13.39,43690
"Longueuil",0.6869278,32.65,13.4,43690
"Longueuil",0.6872864,32.65,13.39,43690
"Longueuil",0.6869685,32.63,13.43,43690
"Longueuil",0.6863073,32.68,13.41,43690
"Longueuil",0.6839447,32.63,13.39,43690
"Longueuil",0.6856689,32.69,13.38,43690
"Longueuil",0.6845958,32.61,13.33,43690
"Longueuil",0.6831563,32.64,13.33,43690
"Longueuil",0.683548,32.59,13.31,43690
"Longueuil",0.6856918,32.6,13.3,43690
"Longueuil",0.6868032,32.6,13.3,43690
"Longueuil",0.6873271,32.64,13.31,43690
"Longueuil",0.6909917,32.62,13.31,43690
"Longueuil",0.6933492,32.65,13.4,43690
"Longueuil",0.6942139,32.66,13.3,43690
"Longueuil",0.6986745,32.66,13.33,43690
"Longueuil",0.7004318,32.69,13.35,43690
"Longueuil",0.6995239,32.67,13.37,43690
"Longueuil",0.7007802,32.69,13.38,43690
"Longueuil",0.7001902,32.71,13.39,43690
"Longueuil",0.7028275,32.71,13.41,43690
"Longueuil",0.6997477,32.71,13.37,43690
"Longueuil",0.7003276,32.73,13.34,43690
"Longueuil",0.6990382,32.73,13.34,43690
"Longueuil",0.6977132,32.75,13.34,43690
"Longueuil",0.6985931,32.76,13.42,43690
"Longueuil",0.6956431,32.78,13.37,43690
"Longueuil",0.6950912,32.78,13.35,43690
"Longueuil",0.6903,32.78,13.34,43690
"Longueuil",0.6883799,32.78,13.32,43690
"Longueuil",0.6855392,32.79,13.34,43690
"Longueuil",0.686142,32.81,13.34,43690
"Longueuil",0.6841634,32.8,13.34,43690
"Longueuil",0.6841634,32.81,13.35,43690
"Longueuil",0.6841965,32.8,13.37,43690
"Longueuil",0.6880341,32.8,13.35,43690
"Longueuil",0.6859283,32.8,13.37,43690
"Longueuil",0.6876017,32.77,13.39,43690
"Longueuil",0.6903102,32.77,13.37,43690
"Longueuil",0.6931584,32.75,13.35,43690
"Longueuil",0.6946666,32.74,13.35,43690
"Longueuil",0.6995189,32.72,13.4,43690
"Longueuil",0.6981964,32.71,13.37,43690
"Longueuil",0.7005031,32.7,13.38,43690
"Longueuil",0.7046712,32.69,13.38,43690
"Longueuil",0.705218,32.66,13.38,43690
"Longueuil",0.7067947,32.64,13.37,43690
"Longueuil",0.7072271,32.63,13.36,43690
"Longueuil",0.7076874,32.62,13.34,43690
"Longueuil",0.7070211,32.61,13.31,43690
"Longueuil",0.7054291,32.6,13.34,43690
"Longueuil",0.7099101,32.63,13.36,43690
"Longueuil",0.7092717,32.61,13.36,43690
"Longueuil",0.7075348,32.61,13.37,43690
"Longueuil",0.7089869,32.61,13.38,43690
"Longueuil",0.7117208,32.63,13.39,43690
"Longueuil",0.7129949,32.62,13.41,43690
"Longueuil",0.7108561,32.62,13.35,43690
"Longueuil",0.7172165,32.61,13.31,43690
"Longueuil",0.7168401,32.61,13.35,43690
"Longueuil",0.7183838,32.63,13.33,43690
"Longueuil",0.7184957,32.63,13.33,43690
"Longueuil",0.7218552,32.65,13.34,43690
"Longueuil",0.7221782,32.67,13.36,43690
"Longueuil",0.7243958,32.68,13.34,43690
"Longueuil",0.7252401,32.67,13.31,43690
"Longueuil",0.7248103,32.45,13.31,43690
"Longueuil",0.7267914,32.7,13.31,43690
"Longueuil",0.7263845,32.72,13.3,43690
"Longueuil",0.7267634,32.71,13.31,43690
"Longueuil",0.7264938,32.72,13.31,43690
"Longueuil",0.7259598,32.74,13.3,43690
"Longueuil",0.725235,32.75,13.3,43690
"Longueuil",0.7274068,32.77,13.33,43690
"Longueuil",0.7264328,32.77,13.33,43690
"Longueuil",0.7232208,32.78,13.3,43690
"Longueuil",0.7227936,32.8,13.29,43690
"Longueuil",0.7210464,32.81,13.31,43690
"Longueuil",0.7232208,32.83,13.34,43690
"Longueuil",0.7215526,32.82,13.32,43690
"Longueuil",0.7212575,32.82,13.31,43690
"Longueuil",0.7192332,32.82,13.32,43690
"Longueuil",0.7200775,32.82,13.38,43690
"Longueuil",0.7205048,32.82,13.34,43690
"Longueuil",0.7221298,32.81,13.31,43690
"Longueuil",0.7223282,32.8,13.31,43690
"Longueuil",0.725708,32.79,13.36,43690
"Longueuil",0.7222112,32.8,13.33,43690
"Longueuil",0.7247289,32.78,13.34,43690
"Longueuil",0.7276509,32.76,13.34,43690
"Longueuil",0.7320912,32.75,13.37,43690
"Longueuil",0.7316768,32.74,13.33,43690
"Longueuil",0.7328313,32.71,13.35,43690
"Longueuil",0.7374141,32.71,13.36,43690
"Longueuil",0.7394943,32.69,13.4,43690
"Longueuil",0.7378464,32.68,13.36,43690
"Longueuil",0.7400436,32.67,13.37,43690
"Longueuil",0.7411499,32.65,13.37,43690
"Longueuil",0.7415822,32.66,13.33,43690
"Longueuil",0.744695,32.64,13.34,43690
"Longueuil",0.7464193,32.66,13.34,43690
"Longueuil",0.7456716,32.65,13.35,43690
"Longueuil",0.7481105,32.63,13.34,43690
"Longueuil",0.7480952,32.65,13.33,43690
"Longueuil",0.7469127,32.65,13.35,43690
"Longueuil",0.747022,32.64,13.33,43690
"Longueuil",0.7498271,32.65,13.34,43690
"Longueuil",0.7512309,32.66,13.35,43690
"Longueuil",0.7521133,32.68,13.36,43690
"Longueuil",0.7557246,32.67,13.35,43690
"Longueuil",0.7583364,32.67,13.31,43690
"Longueuil",0.7569224,32.69,13.33,43690
"Longueuil",0.761055,32.71,13.36,43690
"Longueuil",0.7621282,32.72,13.37,43690
"Longueuil",0.7654495,32.74,13.38,43690
"Longueuil",0.7653758,32.74,13.35,43690
"Longueuil",0.7680537,32.74,13.37,43690
"Longueuil",0.7660955,32.76,13.34,43690
"Longueuil",0.7694778,32.77,13.33,43690
"Longueuil",0.7671712,32.78,13.33,43690
"Longueuil",0.7720897,32.79,13.35,43690
"Longueuil",0.7756297,32.82,13.38,43690
"Longueuil",0.7724559,32.82,13.37,43690
"Longueuil",0.776769,32.84,13.34,43690
"Longueuil",0.7769165,32.84,13.31,43690
"Longueuil",0.7796199,32.84,13.31,43690
"Longueuil",0.7794062,32.85,13.34,43690
"Longueuil",0.7790756,32.86,13.32,43690
"Longueuil",0.7811661,32.88,13.37,43690
"Longueuil",0.7807032,32.88,13.37,43690
"Longueuil",0.7853801,32.89,13.38,43690
"Longueuil",0.7831599,32.88,13.36,43690
"Longueuil",0.7841034,32.87,13.38,43690
"Longueuil",0.7835515,32.84,13.34,43690
"Longueuil",0.7843018,32.85,13.33,43690
"Longueuil",0.7863948,32.85,13.31,43690
"Longueuil",0.7894669,32.82,13.31,43690
"Longueuil",0.7878723,32.8,13.32,43690
"Longueuil",0.7912471,32.78,13.3,43690
"Longueuil",0.7904002,32.75,13.3,43690
"Longueuil",0.7934443,32.74,13.31,43690
"Longueuil",0.7950668,32.52,13.32,43690
"Longueuil",0.7938741,32.74,13.36,43690
"Longueuil",0.7955475,32.72,13.35,43690
"Longueuil",0.8007278,32.73,13.39,43690
"Longueuil",0.8013153,32.72,13.42,43690
"Longueuil",0.8051249,32.7,13.42,43690
"Longueuil",0.8055496,32.68,13.44,43690
"Longueuil",0.8064601,32.69,13.43,43690
"Longueuil",0.8091227,32.68,13.45,43690
"Longueuil",0.8116633,32.67,13.42,43690
"Longueuil",0.8130544,32.67,13.39,43690
"Longueuil",0.8181813,32.66,13.39,43690
"Longueuil",0.8194377,32.67,13.38,43690
"Longueuil",0.8236694,32.67,13.37,43690
"Longueuil",0.8238958,32.68,13.4,43690
"Longueuil",0.8280334,32.68,13.37,43690
"Longueuil",0.8280995,32.68,13.36,43690
"Longueuil",0.8331324,32.68,13.34,43690
"Longueuil",0.8320516,32.68,13.35,43690
"Longueuil",0.8339971,32.69,13.34,43690
"Longueuil",0.837321,32.7,13.35,43690
"Longueuil",0.8401337,32.71,13.37,43690
"Longueuil",0.8417104,32.73,13.39,43690
"Longueuil",0.842982,32.74,13.39,43690
"Longueuil",0.8432338,32.75,13.38,43690
"Longueuil",0.8443349,32.76,13.42,43690
"Longueuil",0.845515,32.77,13.39,43690
"Longueuil",0.8481369,32.79,13.4,43690
"Longueuil",0.8486684,32.8,13.39,43690
"Longueuil",0.8496577,32.81,13.43,43690
"Longueuil",0.8530121,32.82,13.42,43690
"Longueuil",0.8551559,32.82,13.39,43690
"Longueuil",0.8550135,32.83,13.38,43690
"Longueuil",0.8562698,32.84,13.39,43690
"Longueuil",0.8574778,32.84,13.38,43690
"Longueuil",0.8602092,32.85,13.39,43690
"Longueuil",0.8600642,32.87,13.42,43690
"Longueuil",0.8621318,32.86,13.42,43690
"Longueuil",0.8640035,32.85,13.43,43690
"Longueuil",0.8673172,32.7,13.38,43690
"Longueuil",0.8708064,32.83,13.41,43690
"Longueuil",0.8711064,32.81,13.38,43690
"Longueuil",0.8731868,32.81,13.38,43690
"Longueuil",0.8743159,32.8,13.39,43690
"Longueuil",0.8775279,32.78,13.36,43690
"Longueuil",0.8789063,32.75,13.35,43690
"Longueuil",0.881752,32.72,13.32,43690
"Longueuil",0.8823115,32.72,13.34,43690
"Longueuil",0.8843079,32.7,13.35,43690
"Longueuil",0.8855794,32.68,13.31,43690
"Longueuil",0.8866882,32.68,13.34,43690
"Longueuil",0.8872375,32.67,13.33,43690
"Longueuil",0.8922856,32.67,13.31,43690
"Longueuil",0.8909531,32.65,13.31,43690
"Longueuil",0.8928121,32.66,13.31,43690
"Longueuil",0.8919703,32.65,13.39,43690
"Longueuil",0.8942439,32.64,13.33,43690
"Longueuil",4.567851,32.65,13.34,43690
"Longueuil",2.706563,32.64,13.36,43690
"Longueuil",0.9220937,32.65,13.35,43690
"Longueuil",0.9036382,32.66,13.35,43690
"Longueuil",0.9040883,32.66,13.3,43690
"Longueuil",0.9024709,32.65,13.31,43690
"Longueuil",0.9038544,32.66,13.31,43690
"Longueuil",0.9090169,32.67,13.33,43690
"Longueuil",0.9066264,32.68,13.37,43690
"Longueuil",0.9090754,32.72,13.34,43690
"Longueuil",0.9095433,32.69,13.31,43690
"Longueuil",0.9101868,32.68,13.32,43690
"Longueuil",0.9146194,32.69,13.34,43690
"Longueuil",0.9151281,32.7,13.33,43690
"Longueuil",0.914973,32.72,13.36,43690
"Longueuil",0.9200363,32.73,13.33,43690
"Longueuil",0.9207866,32.72,13.37,43690
"Longueuil",0.92276,32.75,13.38,43690
"Longueuil",0.9245377,32.78,13.37,43690
"Longueuil",0.9244003,32.77,13.34,43690
"Longueuil",0.9263204,32.78,13.38,43690
"Longueuil",0.9304225,32.77,13.37,43690
"Longueuil",0.9305344,32.79,13.38,43690
"Longueuil",0.9329758,32.8,13.44,43690
"Longueuil",0.9376094,32.82,13.42,43690
"Longueuil",0.9382324,32.83,13.4,43690
"Longueuil",0.9359258,32.84,13.41,43690
"Longueuil",0.935379,32.87,13.43,43690
"Longueuil",0.9347356,32.88,13.41,43690
"Longueuil",0.9380112,32.87,13.38,43690
"Longueuil",0.9391937,32.88,13.4,43690
"Longueuil",0.9364217,32.89,13.43,43690
"Longueuil",0.940356,32.9,13.42,43690
"Longueuil",0.9414241,32.91,13.42,43690
"Longueuil",0.9424108,32.92,13.42,43690
"Longueuil",0.9450963,32.93,13.39,43690
"Longueuil",0.9461594,32.93,13.43,43690
"Longueuil",0.9502156,32.93,13.4,43690
"Longueuil",0.9502411,32.94,13.36,43690
"Longueuil",0.9511719,32.93,13.37,43690
"Longueuil",0.9543177,32.93,13.34,43690
"Longueuil",0.9539006,32.93,13.34,43690
"Longueuil",0.957311,32.93,13.34,43690
"Longueuil",0.9592133,32.94,13.35,43690
"Longueuil",0.959699,32.94,13.37,43690
"Longueuil",0.9577281,32.89,13.35,43690
"Longueuil",0.9618149,32.89,13.36,43690
"Longueuil",0.9642665,32.87,13.37,43690
"Longueuil",0.9636357,32.86,13.37,43690
"Longueuil",0.9664256,32.84,13.4,43690
"Longueuil",0.9655736,32.82,13.39,43690
"Longueuil",0.9669545,32.81,13.38,43690
"Longueuil",0.9678472,32.79,13.38,43690
"Longueuil",0.9687347,32.77,13.38,43690
"Longueuil",0.9695765,32.76,13.42,43690
"Longueuil",0.9707311,32.74,13.41,43690
"Longueuil",0.9735031,32.75,13.41,43690
"Longueuil",0.9739914,32.73,13.42,43690
"Longueuil",0.9743423,32.71,13.43,43690
"Longueuil",0.9752197,32.71,13.43,43690
"Longueuil",0.9762268,32.71,13.44,43690
"Longueuil",0.9767405,32.71,13.43,43690
"Longueuil",0.9778671,32.71,13.42,43690
"Longueuil",0.9807078,32.7,13.41,43690
"Longueuil",0.9823049,32.7,13.39,43690
"Longueuil",0.9850743,32.73,13.36,43690
"Longueuil",0.9842758,32.7,13.32,43690
"Longueuil",0.9842529,32.7,13.31,43690
"Longueuil",0.9849498,32.71,13.33,43690
"Longueuil",0.9889323,32.7,13.3,43690
"Longueuil",0.9879023,32.72,13.33,43690
"Longueuil",0.9898122,32.73,13.33,43690
"Longueuil",0.9935252,32.79,13.35,43690
"Longueuil",0.9903463,32.77,13.34,43690
"Longueuil",0.9935303,32.79,13.36,43690
"Longueuil",0.9931666,32.8,13.39,43690
"Longueuil",0.9942576,32.79,13.39,43690
"Longueuil",0.9943568,32.82,13.4,43690
"Longueuil",0.9964752,32.84,13.38,43690
"Longueuil",1.000326,32.84,13.35,43690
"Longueuil",0.9980494,32.85,13.35,43690
"Longueuil",0.9993668,32.86,13.41,43690
"Longueuil",1.00116,32.86,13.39,43690
"Longueuil",0.99838,32.86,13.42,43690
"Longueuil",1.00031,32.87,13.39,43690
"Longueuil",1.001345,32.87,13.36,43690
"Longueuil",1.004107,32.87,13.4,43690
"Longueuil",1.004133,32.87,13.43,43690
"Longueuil",1.005315,32.85,13.33,43690
"Longueuil",1.006139,32.85,13.37,43690
"Longueuil",1.007418,32.84,13.31,43690
"Longueuil",1.008909,32.82,13.32,43690
"Longueuil",1.008224,32.81,13.32,43690
"Longueuil",1.009954,32.81,13.35,43690
"Longueuil",1.010513,32.8,13.37,43690
"Longueuil",1.011963,32.79,13.37,43690
"Longueuil",1.016853,32.78,13.43,43690
"Longueuil",1.013341,32.77,13.38,43690
"Longueuil",1.014895,32.75,13.39,43690
"Longueuil",1.018168,32.72,13.39,43690
"Longueuil",1.018659,32.7,13.4,43690
"Longueuil",1.01801,32.7,13.38,43690
"Longueuil",1.020065,32.73,13.4,43690
"Longueuil",1.021736,32.67,13.4,43690
"Longueuil",1.019887,32.66,13.42,43690
"Longueuil",1.024849,32.67,13.42,43690
"Longueuil",1.022593,32.67,13.44,43690
"Longueuil",1.022751,32.67,13.43,43690
"Longueuil",1.025177,32.42,13.43,43690
"Longueuil",1.028564,32.66,13.44,43690
"Longueuil",1.02828,32.66,13.45,43690
"Longueuil",1.031385,32.66,13.39,43690
"Longueuil",1.032839,32.65,13.36,43690
"Longueuil",1.034398,32.64,13.35,43690
"Longueuil",1.03552,32.65,13.38,43690
"Longueuil",1.038706,32.67,13.36,43690
"Longueuil",1.037298,32.67,13.37,43690
"Longueuil",1.041751,32.67,13.34,43690
"Longueuil",1.04288,32.69,13.34,43690
"Longueuil",1.043221,32.68,13.34,43690
"Longueuil",1.048073,32.67,13.33,43690
"Longueuil",1.045957,32.69,13.34,43690
"Longueuil",1.046857,32.73,13.37,43690
"Longueuil",1.048889,32.74,13.35,43690
"Longueuil",1.047994,32.75,13.36,43690
"Longueuil",1.049797,32.75,13.35,43690
"Longueuil",1.04906,32.75,13.3,43690
"Longueuil",1.051844,32.74,13.3,43690
"Longueuil",1.05073,32.76,13.34,43690
"Longueuil",1.052294,32.77,13.35,43690
"Longueuil",1.05323,32.76,13.35,43690
"Longueuil",1.054855,32.77,13.34,43690
"Longueuil",1.055143,32.78,13.37,43690
"Longueuil",1.060206,32.75,13.35,43690
"Longueuil",1.058187,32.73,13.31,43690
"Longueuil",1.059865,32.73,13.34,43690
"Longueuil",1.063352,32.73,13.37,43690
"Longueuil",1.062202,32.71,13.38,43690
"Longueuil",1.065694,32.71,13.4,43690
"Longueuil",1.065163,32.68,13.35,43690
"Longueuil",1.067017,32.66,13.34,43690
"Longueuil",1.070145,32.63,13.32,43690
"Longueuil",1.071581,32.63,13.4,43690
"Longueuil",1.073908,32.63,13.4,43690
"Longueuil",1.075447,32.6,13.37,43690
"Longueuil",1.076238,32.59,13.35,43690
"Longueuil",1.078621,32.59,13.33,43690
"Longueuil",1.080134,32.58,13.33,43690
"Longueuil",1.080137,32.57,13.35,43690
"Longueuil",1.080714,32.57,13.37,43690
"Longueuil",1.081098,32.57,13.37,43690
"Longueuil",1.083781,32.58,13.39,43690
"Longueuil",1.084124,32.6,13.39,43690
"Longueuil",1.08461,32.6,13.39,43690
"Longueuil",1.085543,32.6,13.37,43690
"Longueuil",1.083379,32.6,13.36,43690
"Longueuil",1.08624,32.6,13.38,43690
"Longueuil",1.088712,32.62,13.35,43690
"Longueuil",1.088295,32.63,13.38,43690
"Longueuil",1.089495,32.64,13.39,43690
"Longueuil",1.091187,32.65,13.37,43690
"Longueuil",1.097796,32.64,13.36,43690
"Longueuil",1.097094,32.65,13.37,43690
"Longueuil",1.098813,32.66,13.39,43690
"Longueuil",1.101743,32.69,13.45,43690
"Longueuil",1.10393,32.7,13.44,43690
"Longueuil",1.103958,32.71,13.38,43690
"Longueuil",1.104635,32.7,13.39,43690
"Longueuil",1.107137,32.72,13.37,43690
"Longueuil",1.10748,32.74,13.42,43690
"Longueuil",1.106796,32.75,13.4,43690
"Longueuil",1.108681,32.75,13.39,43690
"Longueuil",1.111048,32.75,13.35,43690
"Longueuil",1.110634,32.78,13.36,43690
"Longueuil",1.110268,32.79,13.38,43690
"Longueuil",1.111041,32.79,13.33,43690
"Longueuil",1.113439,32.8,13.34,43690
"Longueuil",1.111158,32.81,13.33,43690
"Longueuil",1.11141,32.81,13.4,43690
"Longueuil",1.111717,32.81,13.36,43690
"Longueuil",1.112315,32.8,13.41,43690
"Longueuil",1.1129,32.8,13.38,43690
"Longueuil",1.113556,32.8,13.38,43690
"Longueuil",1.115837,32.77,13.39,43690
"Longueuil",1.11484,32.75,13.36,43690
"Longueuil",1.115148,32.74,13.35,43690
"Longueuil",1.114716,32.73,13.35,43690
"Longueuil",1.118502,32.71,13.34,43690
"Longueuil",1.120155,32.69,13.31,43690
"Longueuil",1.122292,32.66,13.32,43690
"Longueuil",1.124662,32.63,13.28,43690
"Longueuil",1.122729,32.61,13.31,43690
"Longueuil",1.125476,32.61,13.31,43690
"Longueuil",1.126205,32.61,13.33,43690
"Longueuil",1.128202,32.62,13.35,43690
"Longueuil",1.126917,32.61,13.36,43690
"Longueuil",1.130109,32.61,13.36,43690
"Longueuil",1.130445,32.62,13.36,43690
"Longueuil",1.129595,32.62,13.37,43690
"Longueuil",1.131124,32.62,13.34,43690
"Longueuil",1.132614,32.6,13.31,43690
"Longueuil",1.131892,32.6,13.33,43690
"Longueuil",1.133598,32.61,13.37,43690
"Longueuil",1.132151,32.62,13.35,43690
"Longueuil",1.134087,32.63,13.35,43690
"Longueuil",1.133751,32.63,13.4,43690
"Longueuil",1.136508,32.65,13.37,43690
"Longueuil",1.136447,32.66,13.37,43690
"Longueuil",1.134326,32.66,13.38,43690
"Longueuil",1.133029,32.68,13.42,43690
"Longueuil",1.132202,32.69,13.4,43690
"Longueuil",1.13591,32.69,13.41,43690
"Longueuil",1.137833,32.71,13.4,43690
"Longueuil",1.137876,32.72,13.38,43690
"Longueuil",1.135729,32.72,13.34,43690
"Longueuil",1.137085,32.72,13.37,43690
"Longueuil",1.137685,32.75,13.36,43690
"Longueuil",1.136584,32.74,13.35,43690
"Longueuil",1.137052,32.74,13.32,43690
"Longueuil",1.13575,32.75,13.31,43690
"Longueuil",1.139661,32.75,13.33,43690
"Longueuil",1.140188,32.76,13.36,43690
"Longueuil",1.138217,32.75,13.38,43690
"Longueuil",1.137131,32.74,13.36,43690
"Longueuil",1.140589,32.74,13.36,43690
"Longueuil",1.140182,32.72,13.38,43690
"Longueuil",1.139422,32.72,13.38,43690
"Longueuil",1.139921,32.69,13.36,43690
"Longueuil",1.142011,32.68,13.35,43690
"Longueuil",1.140358,32.66,13.37,43690
"Longueuil",1.142329,32.65,13.37,43690
"Longueuil",1.141942,32.63,13.33,43690
"Longueuil",1.142883,32.61,13.32,43690
"Longueuil",1.141467,32.59,13.34,43690
"Longueuil",1.141795,32.58,13.33,43690
"Longueuil",1.140887,32.57,13.3,43690
"Longueuil",1.144246,32.54,13.29,43690
"Longueuil",1.145981,32.54,13.29,43690
"Longueuil",1.147247,32.54,13.31,43690
"Longueuil",1.146411,32.56,13.34,43690
"Longueuil",1.145788,32.55,13.34,43690
"Longueuil",1.145869,32.56,13.35,43690
"Longueuil",1.148966,32.57,13.4,43690
"Longueuil",1.149071,32.58,13.4,43690
"Longueuil",1.147636,32.57,13.41,43690
"Longueuil",1.149132,32.58,13.41,43690
"Longueuil",1.151296,32.58,13.41,43690
"Longueuil",1.150032,32.6,13.44,43690
"Longueuil",1.151754,32.58,13.41,43690
"Longueuil",1.152374,32.59,13.36,43690
"Longueuil",1.154343,32.6,13.39,43690
"Longueuil",1.154165,32.61,13.37,43690
"Longueuil",1.15375,32.62,13.35,43690
"Longueuil",1.152946,32.62,13.33,43690
"Longueuil",1.155556,32.65,13.37,43690
"Longueuil",1.152382,32.67,13.36,43690
"Longueuil",1.153654,32.68,13.36,43690
"Longueuil",1.156413,32.69,13.34,43690
"Longueuil",1.154465,32.69,13.36,43690
"Longueuil",1.155825,32.7,13.38,43690
"Longueuil",1.156458,32.73,13.37,43690
"Longueuil",1.157654,32.73,13.34,43690
"Longueuil",1.155393,32.74,13.36,43690
"Longueuil",1.155739,32.76,13.38,43690
"Longueuil",1.154989,32.75,13.42,43690
"Longueuil",1.153867,32.76,13.38,43690
"Longueuil",1.154101,32.78,13.36,43690
"Longueuil",1.153369,32.77,13.35,43690
"Longueuil",1.151998,32.76,13.35,43690
"Longueuil",1.152776,32.75,13.4,43690
"Longueuil",1.155134,32.76,13.37,43690
"Longueuil",1.153493,32.75,13.36,43690
"Longueuil",1.155472,32.74,13.38,43690
"Longueuil",1.154124,32.72,13.4,43690
"Longueuil",1.154737,32.71,13.36,43690
"Longueuil",1.153552,32.69,13.34,43690
"Longueuil",1.155299,32.68,13.34,43690
"Longueuil",1.158358,32.67,13.35,43690
"Longueuil",1.157832,32.65,13.36,43690
"Longueuil",1.155716,32.65,13.39,43690
"Longueuil",1.155637,32.64,13.42,43690
"Longueuil",1.156375,32.63,13.46,43690
"Longueuil",1.15696,32.62,13.42,43690
"Longueuil",1.156222,32.64,13.43,43690
"Longueuil",1.158801,32.6,13.41,43690
"Longueuil",1.156736,32.62,13.4,43690
"Longueuil",1.155749,32.7,13.36,43690
"Longueuil",1.156855,32.64,13.39,43690
"Longueuil",1.158119,32.6,13.36,43690
"Longueuil",1.157644,32.61,13.41,43690
"Longueuil",1.155286,32.6,13.42,43690
"Longueuil",1.154577,32.61,13.4,43690
"Longueuil",1.154968,32.61,13.38,43690
"Longueuil",1.155757,32.62,13.39,43690
"Longueuil",1.157168,32.62,13.43,43690
"Longueuil",1.156558,32.48,13.4,43690
"Longueuil",1.156222,32.65,13.39,43690
"Longueuil",1.157234,32.66,13.43,43690
"Longueuil",1.158623,32.66,13.4,43690
"Longueuil",1.157946,32.67,13.41,43690
"Longueuil",1.15775,32.65,13.36,43690
"Longueuil",1.157138,32.65,13.33,43690
"Longueuil",1.158073,32.66,13.31,43690
"Longueuil",1.157211,32.66,13.34,43690
"Longueuil",1.159052,32.67,13.34,43690
"Longueuil",1.156891,32.67,13.33,43690
"Longueuil",1.15685,32.68,13.32,43690
"Longueuil",1.15611,32.65,13.34,43690
"Longueuil",1.155436,32.65,13.36,43690
"Longueuil",1.155378,32.64,13.36,43690
"Longueuil",1.157829,32.63,13.34,43690
"Longueuil",1.156245,32.61,13.31,43690
"Longueuil",1.15638,32.6,13.33,43690
"Longueuil",1.158557,32.59,13.31,43690
"Longueuil",1.156209,32.56,13.34,43690
"Longueuil",1.157346,32.56,13.34,43690
"Longueuil",1.159286,32.57,13.32,43690
"Longueuil",1.1589,32.56,13.39,43690
"Longueuil",1.161713,32.55,13.37,43690
"Longueuil",1.16024,32.54,13.38,43690
"Longueuil",1.159437,32.55,13.37,43690
"Longueuil",1.162608,32.54,13.35,43690
"Longueuil",1.165095,32.53,13.34,43690
"Longueuil",1.16243,32.54,13.34,43690
"Longueuil",1.163645,32.54,13.34,43690
"Longueuil",1.162209,32.53,13.36,43690
"Longueuil",1.162735,32.56,13.36,43690
"Longueuil",1.165248,32.57,13.37,43690
"Longueuil",1.16333,32.56,13.37,43690
"Longueuil",1.161893,32.57,13.38,43690
"Longueuil",1.161062,32.58,13.41,43690
"Longueuil",1.165682,32.59,13.39,43690
"Longueuil",1.163689,32.6,13.41,43690
"Longueuil",1.164991,32.65,13.46,43690
"Longueuil",1.163012,32.63,13.41,43690
"Longueuil",1.163442,32.62,13.38,43690
"Longueuil",1.163503,32.64,13.36,43690
"Longueuil",1.164874,32.64,13.34,43690
"Longueuil",1.164515,32.67,13.34,43690
"Longueuil",1.16389,32.66,13.34,43690
"Longueuil",1.165166,32.67,13.3,43690
"Longueuil",1.163806,32.68,13.3,43690
"Longueuil",1.164909,32.7,13.35,43690
"Longueuil",1.163195,32.71,13.34,43690
"Longueuil",1.163946,32.71,13.29,43690
"Longueuil",1.163821,32.71,13.31,43690
"Longueuil",1.165914,32.7,13.33,43690
"Longueuil",1.166628,32.71,13.33,43690
"Longueuil",1.166321,32.69,13.33,43690
"Longueuil",1.167018,32.71,13.4,43690
"Longueuil",1.166117,32.7,13.36,43690
"Longueuil",1.166161,32.67,13.36,43690
"Longueuil",1.16685,32.67,13.33,43690
"Longueuil",1.166982,32.66,13.36,43690
"Longueuil",1.168086,32.65,13.39,43690
"Longueuil",1.166199,32.65,13.4,43690
"Longueuil",1.165965,32.62,13.39,43690
"Longueuil",1.166646,32.6,13.39,43690
"Longueuil",1.168996,32.58,13.39,43690
"Longueuil",1.168228,32.57,13.42,43690
"Longueuil",1.167549,32.57,13.38,43690
"Longueuil",1.168592,32.56,13.42,43690
"Longueuil",1.169245,32.59,13.42,43690
"Longueuil",1.167493,32.54,13.43,43690
"Longueuil",1.168427,32.58,13.43,43690
"Longueuil",1.16893,32.56,13.41,43690
"Longueuil",1.169172,32.55,13.41,43690
"Longueuil",1.171473,32.57,13.43,43690
"Longueuil",1.170591,32.56,13.38,43690
"Longueuil",1.170461,32.56,13.38,43690
"Longueuil",1.170545,32.57,13.36,43690
"Longueuil",1.171417,32.56,13.34,43690
"Longueuil",1.173086,32.56,13.31,43690
"Longueuil",1.171801,32.57,13.33,43690
"Longueuil",1.170644,32.6,13.31,43690
"Longueuil",1.172384,32.6,13.33,43690
"Longueuil",1.171155,32.45,13.33,43690
"Longueuil",1.171583,32.64,13.37,43690
"Longueuil",1.172661,32.65,13.35,43690
"Longueuil",1.170041,32.65,13.33,43690
"Longueuil",1.171514,32.67,13.36,43690
"Longueuil",1.170939,32.7,13.39,43690
"Longueuil",1.170563,32.71,13.4,43690
"Longueuil",1.170952,32.71,13.4,43690
"Longueuil",1.169835,32.71,13.38,43690
"Longueuil",1.167923,32.73,13.42,43690
"Longueuil",1.170926,32.75,13.39,43690
"Longueuil",1.171865,32.76,13.4,43690
"Longueuil",1.168739,32.76,13.39,43690
"Longueuil",1.167959,32.77,13.39,43690
"Longueuil",1.169599,32.8,13.38,43690
"Longueuil",1.169952,32.8,13.39,43690
"Longueuil",1.16908,32.82,13.42,43690
"Longueuil",1.167435,32.82,13.36,43690
"Longueuil",1.166148,32.83,13.35,43690
"Longueuil",1.168335,32.83,13.32,43690
"Longueuil",1.165985,32.84,13.32,43690
"Longueuil",1.165576,32.84,13.31,43690
"Longueuil",1.164291,32.85,13.34,43690
"Longueuil",1.16271,32.85,13.33,43690
"Longueuil",1.163622,32.85,13.34,43690
"Longueuil",1.165105,32.85,13.34,43690
"Longueuil",1.162849,32.83,13.34,43690
"Longueuil",1.161753,32.82,13.31,43690
"Longueuil",1.163066,32.8,13.33,43690
"Longueuil",1.158096,32.81,13.33,43690
"Longueuil",1.160662,32.78,13.36,43690
"Longueuil",1.160365,32.77,13.39,43690
"Longueuil",1.158048,32.75,13.35,43690
"Longueuil",1.160515,32.74,13.37,43690
"Longueuil",1.158279,32.71,13.34,43690
"Longueuil",1.159556,32.7,13.33,43690
"Longueuil",1.159775,32.66,13.32,43690
"Longueuil",1.159403,32.65,13.34,43690
"Longueuil",1.158412,32.66,13.34,43690
"Longueuil",1.160149,32.68,13.36,43690
"Longueuil",1.159889,32.67,13.37,43690
"Longueuil",1.159515,32.65,13.36,43690
"Longueuil",1.160266,32.66,13.39,43690
"Longueuil",1.159088,32.65,13.38,43690
"Longueuil",1.16184,32.63,13.33,43690
"Longueuil",1.16155,32.64,13.36,43690
"Longueuil",1.161189,32.65,13.4,43690
"Longueuil",1.159958,32.65,13.37,43690
"Longueuil",1.158279,32.65,13.35,43690
"Longueuil",1.160421,32.66,13.36,43690
"Longueuil",1.156919,32.67,13.36,43690
"Longueuil",1.158615,32.67,13.39,43690
"Longueuil",1.158638,32.69,13.38,43690
"Longueuil",1.155952,32.69,13.34,43690
"Longueuil",1.156914,32.68,13.31,43690
"Longueuil",1.155579,32.7,13.34,43690
"Longueuil",1.15475,32.7,13.3,43690
"Longueuil",1.153898,32.71,13.32,43690
"Longueuil",1.154037,32.73,13.3,43690
"Longueuil",1.156087,32.76,13.31,43690
"Longueuil",1.153819,32.77,13.34,43690
"Longueuil",1.152298,32.78,13.31,43690
"Longueuil",1.151431,32.78,13.33,43690
"Longueuil",1.150833,32.8,13.3,43690
"Longueuil",1.15139,32.79,13.29,43690
"Longueuil",1.148466,32.8,13.31,43690
"Longueuil",1.147741,32.79,13.3,43690
"Longueuil",1.148491,32.81,13.32,43690
"Longueuil",1.149216,32.8,13.31,43690
"Longueuil",1.145571,32.79,13.32,43690
"Longueuil",1.146551,32.78,13.33,43690
"Longueuil",1.144618,32.81,13.37,43690
"Longueuil",1.144297,32.8,13.35,43690
"Longueuil",1.144913,32.77,13.34,43690
"Longueuil",1.141739,32.74,13.34,43690
"Longueuil",1.142993,32.73,13.35,43690
"Longueuil",1.141485,32.73,13.39,43690
"Longueuil",1.14001,32.69,13.37,43690
"Longueuil",1.140719,32.68,13.34,43690
"Longueuil",1.137853,32.66,13.31,43690
"Longueuil",1.139735,32.64,13.34,43690
"Longueuil",1.138908,32.63,13.31,43690
"Longueuil",1.138997,32.62,13.3,43690
"Longueuil",1.13707,32.61,13.31,43690
"Longueuil",1.136757,32.61,13.32,43690
"Longueuil",1.136971,32.61,13.33,43690
"Longueuil",1.134341,32.61,13.35,43690
"Longueuil",1.135534,32.62,13.39,43690
"Longueuil",1.13474,32.63,13.43,43690
"Longueuil",1.136276,32.63,13.42,43690
"Longueuil",1.133006,32.63,13.44,43690
"Longueuil",1.131048,32.62,13.39,43690
"Longueuil",1.132182,32.62,13.37,43690
"Longueuil",1.129656,32.62,13.38,43690
"Longueuil",1.129021,32.63,13.41,43690
"Longueuil",1.12812,32.65,13.42,43690
"Longueuil",1.127001,32.65,13.39,43690
"Longueuil",1.127647,32.66,13.43,43690
"Longueuil",1.125883,32.67,13.37,43690
"Longueuil",1.125654,32.69,13.36,43690
"Longueuil",1.124344,32.68,13.37,43690
"Longueuil",1.126114,32.72,13.39,43690
"Longueuil",1.124435,32.73,13.38,43690
"Longueuil",1.122347,32.72,13.36,43690
"Longueuil",1.121951,32.73,13.34,43690
"Longueuil",1.120061,32.74,13.33,43690
"Longueuil",1.121834,32.76,13.37,43690
"Longueuil",1.120173,32.77,13.35,43690
"Longueuil",1.117958,32.78,13.34,43690
"Longueuil",1.118823,32.79,13.32,43690
"Longueuil",1.118879,32.8,13.34,43690
"Longueuil",1.1203,32.79,13.35,43690
"Longueuil",1.119283,32.83,13.31,43690
"Longueuil",1.112806,32.82,13.31,43690
"Longueuil",1.114594,32.84,13.33,43690
"Longueuil",1.115303,32.84,13.36,43690
"Longueuil",1.112152,32.85,13.37,43690
"Longueuil",1.108668,32.83,13.33,43690
"Longueuil",1.109767,32.81,13.31,43690
"Longueuil",1.107279,32.8,13.34,43690
"Longueuil",1.107076,32.78,13.35,43690
"Longueuil",1.106483,32.77,13.35,43690
"Longueuil",1.105626,32.76,13.37,43690
"Longueuil",1.106428,32.73,13.35,43690
"Longueuil",1.103864,32.73,13.39,43690
"Longueuil",1.103773,32.71,13.37,43690
"Longueuil",1.099566,32.69,13.35,43690
"Longueuil",1.102422,32.67,13.34,43690
"Longueuil",1.101031,32.78,13.31,43690
"Longueuil",1.100601,32.72,13.32,43690
"Longueuil",1.099945,32.68,13.33,43690
"Longueuil",1.097229,32.67,13.32,43690
"Longueuil",1.096349,32.67,13.38,43690
"Longueuil",1.094793,32.65,13.37,43690
"Longueuil",1.096186,32.66,13.39,43690
"Longueuil",1.095749,32.65,13.35,43690
"Longueuil",1.097209,32.64,13.33,43690
"Longueuil",1.093958,32.62,13.32,43690
"Longueuil",1.096186,32.63,13.32,43690
"Longueuil",1.092453,32.65,13.37,43690
"Longueuil",1.092247,32.65,13.38,43690
"Longueuil",1.090454,32.66,13.4,43690
"Longueuil",1.088526,32.67,13.42,43690
"Longueuil",1.088445,32.67,13.43,43690
"Longueuil",1.088081,32.69,13.41,43690
"Longueuil",1.088066,32.69,13.39,43690
"Longueuil",1.087514,32.68,13.4,43690
"Longueuil",1.084966,32.69,13.4,43690
"Longueuil",1.083829,32.7,13.36,43690
"Longueuil",1.082822,32.71,13.4,43690
"Longueuil",1.083026,32.73,13.39,43690
"Longueuil",1.083122,32.72,13.35,43690
"Longueuil",1.083494,32.74,13.37,43690
"Longueuil",1.079964,32.75,13.36,43690
"Longueuil",1.077919,32.76,13.42,43690
"Longueuil",1.07649,32.77,13.41,43690
"Longueuil",1.076068,32.78,13.4,43690
"Longueuil",1.075129,32.77,13.41,43690
"Longueuil",1.071673,32.77,13.42,43690
"Longueuil",1.071767,32.78,13.42,43690
"Longueuil",1.069384,32.77,13.44,43690
"Longueuil",1.06911,32.77,13.43,43690
"Longueuil",1.068278,32.76,13.43,43690
"Longueuil",1.066035,32.75,13.4,43690
"Longueuil",1.067835,32.73,13.44,43690
"Longueuil",1.063469,32.72,13.38,43690
"Longueuil",1.064311,32.71,13.38,43690
"Longueuil",1.064522,32.68,13.36,43690
"Longueuil",1.063507,32.67,13.38,43690
"Longueuil",1.06264,32.66,13.39,43690
"Longueuil",1.062675,32.64,13.43,43690
"Longueuil",1.060712,32.62,13.42,43690
"Longueuil",1.059568,32.62,13.38,43690
"Longueuil",1.059428,32.62,13.39,43690
"Longueuil",1.059593,32.61,13.38,43690
"Longueuil",1.059069,32.59,13.34,43690
"Longueuil",1.059331,32.59,13.34,43690
"Longueuil",1.057907,32.58,13.31,43690
"Longueuil",1.057686,32.66,13.31,43690
"Longueuil",1.054316,32.6,13.33,43690
"Longueuil",1.055387,32.61,13.37,43690
"Longueuil",1.055962,32.62,13.33,43690
"Longueuil",1.052394,32.62,13.34,43690
"Longueuil",1.051254,32.63,13.33,43690
"Longueuil",1.053637,32.62,13.33,43690
"Longueuil",1.052689,32.62,13.35,43690
"Longueuil",1.050056,32.64,13.31,43690
"Longueuil",1.0532,32.65,13.31,43690
"Longueuil",1.046257,32.69,13.34,43690
"Longueuil",1.046572,32.7,13.34,43690
"Longueuil",1.046064,32.69,13.36,43690
"Longueuil",1.045647,32.7,13.35,43690
"Longueuil",1.044439,32.71,13.31,43690
"Longueuil",1.044271,32.71,13.31,43690
"Longueuil",1.043404,32.73,13.33,43690
"Longueuil",1.040098,32.74,13.34,43690
"Longueuil",1.039167,32.75,13.31,43690
"Longueuil",1.03791,32.76,13.34,43690
"Longueuil",1.037893,32.76,13.32,43690
"Longueuil",1.034795,32.79,13.3,43690
"Longueuil",1.033129,32.78,13.3,43690
"Longueuil",1.033653,32.82,13.31,43690
"Longueuil",1.0323,32.79,13.32,43690
"Longueuil",1.030754,32.8,13.32,43690
"Longueuil",1.028539,32.78,13.32,43690
"Longueuil",1.025665,32.77,13.35,43690
"Longueuil",1.026705,32.76,13.3,43690
"Longueuil",1.024244,32.77,13.33,43690
"Longueuil",1.026454,32.74,13.31,43690
"Longueuil",1.022227,32.73,13.31,43690
"Longueuil",1.019531,32.72,13.31,43690
"Longueuil",1.02151,32.69,13.39,43690
"Longueuil",1.018402,32.68,13.36,43690
"Longueuil",1.016541,32.68,13.37,43690
"Longueuil",1.017011,32.71,13.39,43690
"Longueuil",1.015475,32.66,13.42,43690
"Longueuil",1.01519,32.65,13.4,43690
"Longueuil",1.014971,32.63,13.38,43690
"Longueuil",1.012365,32.66,13.38,43690
"Longueuil",1.014849,32.61,13.37,43690
"Longueuil",1.012873,32.6,13.38,43690
"Longueuil",1.010267,32.6,13.39,43690
"Longueuil",1.010656,32.6,13.39,43690
"Longueuil",1.006721,32.6,13.39,43690
"Longueuil",1.008662,32.59,13.39,43690
"Longueuil",1.005753,32.59,13.37,43690
"Longueuil",1.00693,32.6,13.34,43690
"Longueuil",1.00651,32.61,13.34,43690
"Longueuil",1.004156,32.61,13.31,43690
"Longueuil",1.002421,32.61,13.3,43690
"Longueuil",1.000595,32.63,13.34,43690
"Longueuil",1.002396,32.63,13.32,43690
"Longueuil",0.9994863,32.63,13.31,43690
"Longueuil",0.9950002,32.66,13.34,43690
"Longueuil",0.9955037,32.69,13.34,43690
"Longueuil",0.9965795,32.72,13.37,43690
"Longueuil",0.9963939,32.71,13.35,43690
"Longueuil",0.9951909,32.72,13.37,43690
"Longueuil",0.9937515,32.72,13.37,43690
"Longueuil",0.9914754,32.74,13.38,43690
"Longueuil",0.9913101,32.75,13.36,43690
"Longueuil",0.9880956,32.76,13.36,43690
"Longueuil",0.9869232,32.78,13.36,43690
"Longueuil",0.984581,32.79,13.37,43690
"Longueuil",0.986819,32.78,13.39,43690
"Longueuil",0.9813893,32.8,13.42,43690
"Longueuil",0.9823253,32.8,13.4,43690
"Longueuil",0.979393,32.81,13.37,43690
"Longueuil",0.9772288,32.8,13.37,43690
"Longueuil",0.9761607,32.8,13.36,43690
"Longueuil",0.9743525,32.8,13.41,43690
"Longueuil",0.973671,32.8,13.44,43690
"Longueuil",0.9708812,32.77,13.49,43690
"Longueuil",0.9696757,32.79,13.45,43690
"Longueuil",0.9694163,32.76,13.43,43690
"Longueuil",0.9676921,32.74,13.43,43690
"Longueuil",0.9680099,32.72,13.42,43690
"Longueuil",0.9639384,32.71,13.39,43690
"Longueuil",0.9633815,32.68,13.41,43690
"Longueuil",0.9625956,32.66,13.38,43690
"Longueuil",0.9621506,32.66,13.37,43690
"Longueuil",0.961436,32.64,13.36,43690
"Longueuil",0.9589437,32.64,13.38,43690
"Longueuil",0.9593964,32.63,13.42,43690
"Longueuil",0.9565938,32.61,13.41,43690
"Longueuil",0.9580917,32.6,13.41,43690
"Longueuil",0.9570643,32.59,13.4,43690
"Longueuil",0.9561946,32.6,13.36,43690
"Longueuil",0.9536819,32.58,13.34,43690
"Longueuil",0.9533284,32.57,13.32,43690
"Longueuil",0.951416,32.58,13.34,43690
"Longueuil",0.9534556,32.6,13.33,43690
"Longueuil",0.948321,32.61,13.34,43690
"Longueuil",0.9483287,32.62,13.36,43690
"Longueuil",0.9460271,32.63,13.33,43690
"Longueuil",0.9461696,32.62,13.35,43690
"Longueuil",0.9459636,32.65,13.37,43690
"Longueuil",0.9418462,32.65,13.38,43690
"Longueuil",0.9413554,32.65,13.36,43690
"Longueuil",0.9425074,32.69,13.34,43690
"Longueuil",0.9426143,32.67,13.33,43690
"Longueuil",0.9378815,32.67,13.39,43690
"Longueuil",0.9410985,32.69,13.38,43690
"Longueuil",0.9365819,32.47,13.38,43690
"Longueuil",0.9334996,32.7,13.39,43690
"Longueuil",0.9325562,32.71,13.37,43690
"Longueuil",0.9349187,32.72,13.36,43690
"Longueuil",0.9310557,32.74,13.4,43690
"Longueuil",0.9286957,32.75,13.42,43690
"Longueuil",0.9275208,32.77,13.46,43690
"Longueuil",0.9286143,32.77,13.42,43690
"Longueuil",0.9260508,32.8,13.38,43690
"Longueuil",0.9263026,32.79,13.41,43690
"Longueuil",0.9252065,32.83,13.38,43690
"Longueuil",0.9247563,32.81,13.37,43690
"Longueuil",0.9232076,32.82,13.37,43690
"Longueuil",0.9199142,32.84,13.37,43690
"Longueuil",0.9201838,32.85,13.38,43690
"Longueuil",0.9183833,32.86,13.36,43690
"Longueuil",0.9168981,32.86,13.35,43690
"Longueuil",0.9152832,32.86,13.35,43690
"Longueuil",0.9131165,32.85,13.35,43690
"Longueuil",0.9119339,32.63,13.33,43690
"Longueuil",0.911616,32.85,13.33,43690
"Longueuil",0.9120204,32.88,13.37,43690
"Longueuil",0.9076055,32.84,13.42,43690
"Longueuil",0.9055049,32.82,13.41,43690
"Longueuil",0.9053624,32.83,13.42,43690
"Longueuil",0.9054998,32.81,13.39,43690
"Longueuil",0.9028676,32.79,13.37,43690
"Longueuil",0.9009094,32.78,13.36,43690
"Longueuil",0.9008484,32.76,13.36,43690
"Longueuil",0.8991699,32.74,13.35,43690
"Longueuil",0.8984858,32.74,13.39,43690
"Longueuil",0.9008713,32.72,13.41,43690
"Longueuil",0.9011536,32.69,13.38,43690
"Longueuil",0.8980433,32.68,13.33,43690
"Longueuil",0.8977178,32.66,13.31,43690
"Longueuil",0.894872,32.64,13.32,43690
"Longueuil",0.8942184,32.64,13.34,43690
"Longueuil",0.8947144,32.64,13.33,43690
"Longueuil",0.892011,32.65,13.3,43690
"Longueuil",0.8930486,32.63,13.33,43690
"Longueuil",0.8948135,32.64,13.32,43690
"Longueuil",0.8905487,32.63,13.3,43690
"Longueuil",0.8918737,32.66,13.32,43690
"Longueuil",0.887029,32.66,13.31,43690
"Longueuil",0.8872274,32.66,13.3,43690
"Longueuil",0.8867696,32.65,13.34,43690
"Longueuil",0.8824641,32.68,13.43,43690
"Longueuil",0.8833287,32.68,13.41,43690
"Longueuil",0.8816884,32.69,13.36,43690
"Longueuil",0.8822759,32.68,13.35,43690
"Longueuil",0.8792394,32.69,13.33,43690
"Longueuil",0.8779271,32.68,13.31,43690
"Longueuil",0.8791097,32.69,13.31,43690
"Longueuil",0.8777288,32.7,13.3,43690
"Longueuil",0.8754171,32.7,13.31,43690
"Longueuil",0.8725204,32.73,13.35,43690
"Longueuil",0.871226,32.75,13.37,43690
"Longueuil",0.8717092,32.76,13.38,43690
"Longueuil",0.8684285,32.78,13.39,43690
"Longueuil",0.8679886,32.78,13.41,43690
"Longueuil",0.8660914,32.8,13.4,43690
"Longueuil",0.8663254,32.79,13.35,43690
"Longueuil",0.862915,32.8,13.34,43690
"Longueuil",0.8626989,32.81,13.31,43690
"Longueuil",0.8608373,32.8,13.28,43690
"Longueuil",0.8600489,32.8,13.3,43690
"Longueuil",0.8571472,32.82,13.32,43690
"Longueuil",0.8550135,32.83,13.36,43690
"Longueuil",0.853653,32.85,13.35,43690
"Longueuil",0.8502935,32.81,13.33,43690
"Longueuil",0.8517507,32.81,13.33,43690
"Longueuil",0.8523381,32.8,13.34,43690
"Longueuil",0.8504079,32.79,13.34,43690
"Longueuil",0.8491618,32.81,13.35,43690
"Longueuil",0.8477707,32.77,13.36,43690
"Longueuil",0.8464508,32.75,13.35,43690
"Longueuil",0.8479487,32.74,13.35,43690
"Longueuil",0.8450317,32.72,13.39,43690
"Longueuil",0.8451564,32.71,13.38,43690
"Longueuil",0.8465042,32.69,13.34,43690
"Longueuil",0.8437297,32.66,13.34,43690
"Longueuil",0.8429413,32.66,13.34,43690
"Longueuil",0.8436025,32.65,13.35,43690
"Longueuil",0.8416774,32.64,13.4,43690
"Longueuil",0.8418782,32.63,13.4,43690
"Longueuil",0.8397141,32.63,13.39,43690
"Longueuil",0.8382136,32.62,13.37,43690
"Longueuil",0.8374227,32.62,13.35,43690
"Longueuil",0.8372472,32.62,13.4,43690
"Longueuil",0.8341217,32.65,13.38,43690
"Longueuil",0.8348465,32.62,13.41,43690
"Longueuil",0.8362935,32.63,13.45,43690
"Longueuil",0.8354645,32.62,13.35,43690
"Longueuil",0.8318126,32.63,13.39,43690
"Longueuil",0.8336334,32.64,13.38,43690
"Longueuil",0.8325297,32.65,13.39,43690
"Longueuil",0.8324483,32.65,13.37,43690
"Longueuil",0.8322245,32.67,13.41,43690
"Longueuil",0.8314209,32.66,13.38,43690
"Longueuil",0.8305003,32.67,13.39,43690
"Longueuil",0.8310903,32.69,13.36,43690
"Longueuil",0.8298492,32.7,13.39,43690
"Longueuil",0.8298137,32.71,13.37,43690
"Longueuil",0.8265406,32.7,13.34,43690
"Longueuil",0.8272197,32.73,13.3,43690
"Longueuil",0.8259328,32.74,13.34,43690
"Longueuil",0.8261973,32.75,13.34,43690
"Longueuil",0.8263321,32.77,13.35,43690
"Longueuil",0.8214366,32.77,13.33,43690
"Longueuil",0.8201701,32.78,13.34,43690
"Longueuil",0.8177236,32.8,13.35,43690
"Longueuil",0.8186315,32.8,13.3,43690
"Longueuil",0.8164164,32.79,13.31,43690
"Longueuil",0.8152466,32.81,13.35,43690
"Longueuil",0.8124822,32.8,13.3,43690
"Longueuil",0.8137334,32.8,13.3,43690
"Longueuil",0.8124517,32.78,13.32,43690
"Longueuil",0.8126246,32.79,13.33,43690
"Longueuil",0.8108724,32.78,13.4,43690
"Longueuil",0.8103663,32.76,13.34,43690
"Longueuil",0.811704,32.75,13.37,43690
"Longueuil",0.8125051,32.73,13.4,43690
"Longueuil",0.8102722,32.72,13.35,43690
"Longueuil",0.8102748,32.73,13.41,43690
"Longueuil",0.8098984,32.7,13.36,43690
"Longueuil",0.8106639,32.67,13.36,43690
"Longueuil",0.8100255,32.67,13.38,43690
"Longueuil",0.8103434,32.66,13.37,43690
"Longueuil",0.8112691,32.65,13.38,43690
"Longueuil",0.8089244,32.63,13.39,43690
"Longueuil",0.8098424,32.62,13.38,43690
"Longueuil",0.8072026,32.63,13.39,43690
"Longueuil",0.8054021,32.63,13.4,43690
"Longueuil",0.8055115,32.63,13.43,43690
"Longueuil",0.8040746,32.63,13.42,43690
"Longueuil",0.8018494,32.63,13.43,43690
"Longueuil",0.800616,32.63,13.44,43690
"Longueuil",0.8006058,32.62,13.48,43690
"Longueuil",0.7988841,32.63,13.43,43690
"Longueuil",0.7972946,32.64,13.44,43690
"Longueuil",0.8007889,32.64,13.41,43690
"Longueuil",0.7973175,32.65,13.39,43690
"Longueuil",0.7948837,32.67,13.4,43690
"Longueuil",0.7956848,32.66,13.4,43690
"Longueuil",0.7958857,32.67,13.39,43690
"Longueuil",0.7954305,32.68,13.4,43690
"Longueuil",0.7949803,32.69,13.42,43690
"Longueuil",0.7953237,32.7,13.43,43690
"Longueuil",0.7961909,32.73,13.41,43690
"Longueuil",0.796079,32.74,13.38,43690
"Longueuil",0.794665,32.75,13.4,43690
"Longueuil",0.7937495,32.77,13.39,43690
"Longueuil",0.7917531,32.77,13.36,43690
"Longueuil",0.7927602,32.77,13.35,43690
"Longueuil",0.7905579,32.79,13.35,43690
"Longueuil",0.7867839,32.8,13.36,43690
"Longueuil",0.7866719,32.8,13.38,43690
"Longueuil",0.7839991,32.81,13.39,43690
"Longueuil",0.7836838,32.82,13.42,43690
"Longueuil",0.7845561,32.81,13.44,43690
"Longueuil",0.7808431,32.8,13.47,43690
"Longueuil",0.783109,32.79,13.44,43690
"Longueuil",0.7797928,32.77,13.44,43690
"Longueuil",0.7788646,32.76,13.4,43690
"Longueuil",0.7807312,32.74,13.36,43690
"Longueuil",0.7805507,32.73,13.39,43690
"Longueuil",0.7777023,32.71,13.37,43690
"Longueuil",0.7780101,32.7,13.37,43690
"Longueuil",0.7788239,32.69,13.37,43690
"Longueuil",0.7812627,32.67,13.39,43690
"Longueuil",0.7801437,32.65,13.37,43690
"Longueuil",0.7802505,32.66,13.36,43690
"Longueuil",0.7810262,32.63,13.35,43690
"Longueuil",0.7815933,32.61,13.32,43690
"Longueuil",0.7832921,32.61,13.31,43690
"Longueuil",0.7810872,32.6,13.32,43690
"Longueuil",0.7821172,32.6,13.31,43690
"Longueuil",0.7799581,32.47,13.32,43690
"Longueuil",0.7783432,32.61,13.35,43690
"Longueuil",0.7762706,32.62,13.34,43690
"Longueuil",0.7761638,32.6,13.32,43690
"Longueuil",0.7780838,32.61,13.35,43690
"Longueuil",0.7757645,32.63,13.31,43690
"Longueuil",0.7758077,32.61,13.35,43690
"Longueuil",0.7724254,32.63,13.34,43690
"Longueuil",0.7689056,32.65,13.36,43690
"Longueuil",0.7716929,32.65,13.37,43690
"Longueuil",0.7714412,32.66,13.39,43690
"Longueuil",0.7702357,32.66,13.37,43690
"Longueuil",0.7685369,32.68,13.42,43690
"Longueuil",0.7685369,32.69,13.39,43690
"Longueuil",0.7666295,32.71,13.43,43690
"Longueuil",0.7669652,32.71,13.39,43690
"Longueuil",0.7647578,32.72,13.4,43690
"Longueuil",0.7655208,32.73,13.4,43690
"Longueuil",0.7640788,32.74,13.42,43690
"Longueuil",0.7630361,32.73,13.39,43690
"Longueuil",0.7602666,32.75,13.38,43690
"Longueuil",0.7590383,32.75,13.36,43690
"Longueuil",0.7570699,32.74,13.36,43690
"Longueuil",0.756541,32.75,13.38,43690
"Longueuil",0.753362,32.76,13.4,43690
"Longueuil",0.754982,32.74,13.4,43690
"Longueuil",0.7518336,32.73,13.35,43690
"Longueuil",0.7463379,32.72,13.34,43690
"Longueuil",0.7495549,32.71,13.42,43690
"Longueuil",0.745753,32.46,13.39,43690
"Longueuil",0.7472102,32.7,13.36,43690
"Longueuil",0.7430954,32.67,13.35,43690
"Longueuil",0.7450383,32.65,13.34,43690
"Longueuil",0.7457784,32.62,13.3,43690
"Longueuil",0.7438354,32.61,13.32,43690
"Longueuil",0.7438329,32.67,13.31,43690
"Longueuil",0.7446289,32.6,13.32,43690
"Longueuil",0.746254,32.58,13.27,43690
"Longueuil",0.7450307,32.58,13.28,43690
"Longueuil",0.7455088,32.57,13.3,43690
"Longueuil",0.7469075,32.59,13.31,43690
"Longueuil",0.7480316,32.59,13.36,43690
"Longueuil",0.744929,32.59,13.32,43690
"Longueuil",0.7481664,32.6,13.37,43690
"Longueuil",0.749026,32.6,13.43,43690
"Longueuil",0.7487208,32.61,13.36,43690
"Longueuil",0.745519,32.6,13.38,43690
"Longueuil",0.746521,32.59,13.34,43690
"Longueuil",0.7448985,32.6,13.34,43690
"Longueuil",0.74528,32.6,13.34,43690
"Longueuil",0.7423909,32.61,13.36,43690
"Longueuil",0.7421748,32.62,13.39,43690
"Longueuil",0.7427012,32.64,13.42,43690
"Longueuil",0.7412796,32.64,13.43,43690
"Longueuil",0.7402954,32.65,13.42,43690
"Longueuil",0.7386932,32.66,13.44,43690
"Longueuil",0.7394536,32.67,13.4,43690
"Longueuil",0.7326889,32.7,13.37,43690
"Longueuil",0.734848,32.7,13.36,43690
"Longueuil",0.7357686,32.72,13.37,43690
"Longueuil",0.7344894,32.72,13.36,43690
"Longueuil",0.7333527,32.74,13.4,43690
"Longueuil",0.7316005,32.75,13.38,43690
"Longueuil",0.7322972,32.75,13.36,43690
"Longueuil",0.7355347,32.76,13.38,43690
"Longueuil",0.7321396,32.76,13.31,43690
"Longueuil",0.7348302,32.79,13.34,43690
"Longueuil",0.7325338,32.78,13.35,43690
"Longueuil",0.7348887,32.81,13.33,43690
"Longueuil",0.7322362,32.82,13.37,43690
"Longueuil",0.7320989,32.81,13.35,43690
"Longueuil",0.7288386,32.84,13.37,43690
"Longueuil",0.7272568,32.84,13.38,43690
"Longueuil",0.7269033,32.85,13.38,43690
"Longueuil",0.7272542,32.83,13.38,43690
"Longueuil",0.7245534,32.84,13.34,43690
"Longueuil",0.7247975,32.83,13.32,43690
"Longueuil",0.7235133,32.83,13.33,43690
"Longueuil",0.7232895,32.82,13.32,43690
"Longueuil",0.7231293,32.83,13.35,43690
"Longueuil",0.7199656,32.8,13.33,43690
"Longueuil",0.7207769,32.78,13.3,43690
"Longueuil",0.7179108,32.78,13.33,43690
"Longueuil",0.7197189,32.76,13.32,43690
"Longueuil",0.7197952,32.74,13.33,43690
"Longueuil",0.7196147,32.75,13.37,43690
"Longueuil",0.7184804,32.73,13.33,43690
"Longueuil",0.7190831,32.7,13.36,43690
"Longueuil",0.7185974,32.69,13.38,43690
"Longueuil",0.7189636,32.68,13.38,43690
"Longueuil",0.7172165,32.67,13.36,43690
"Longueuil",0.7179998,32.66,13.35,43690
"Longueuil",0.7175725,32.65,13.35,43690
"Longueuil",0.716507,32.65,13.31,43690
"Longueuil",0.7131271,32.63,13.33,43690
"Longueuil",0.7114792,32.64,13.34,43690
"Longueuil",0.7114207,32.64,13.34,43690
"Longueuil",0.7091827,32.63,13.33,43690
"Longueuil",0.7090175,32.62,13.3,43690
"Longueuil",0.7088394,32.63,13.31,43690
"Longueuil",0.7080968,32.64,13.32,43690
"Longueuil",0.7036464,32.65,13.29,43690
"Longueuil",0.7038422,32.66,13.32,43690
"Longueuil",0.7036489,32.68,13.31,43690
"Longueuil",0.7039134,32.68,13.33,43690
"Longueuil",0.7048721,32.7,13.34,43690
"Longueuil",0.7010625,32.71,13.35,43690
"Longueuil",0.7030869,32.71,13.38,43690
"Longueuil",0.7025452,32.72,13.42,43690
"Longueuil",0.7005488,32.73,13.39,43690
"Longueuil",0.7011363,32.74,13.39,43690
"Longueuil",0.7042592,32.76,13.37,43690
"Longueuil",0.7023748,32.75,13.36,43690
"Longueuil",0.7043279,32.78,13.37,43690
"Longueuil",0.7034429,32.79,13.37,43690
"Longueuil",0.7053833,32.8,13.37,43690
"Longueuil",0.7029088,32.82,13.41,43690
"Longueuil",0.700709,32.82,13.42,43690
"Longueuil",0.704188,32.83,13.42,43690
"Longueuil",0.7009532,32.83,13.45,43690
"Longueuil",0.7003148,32.84,13.39,43690
"Longueuil",0.6983998,32.82,13.39,43690
"Longueuil",0.696874,32.83,13.39,43690
"Longueuil",0.6972809,32.83,13.43,43690
"Longueuil",0.6943283,32.81,13.4,43690
"Longueuil",0.6938731,32.8,13.36,43690
"Longueuil",0.6954371,32.8,13.37,43690
"Longueuil",0.6948242,32.8,13.41,43690
"Longueuil",0.6928838,32.76,13.41,43690
"Longueuil",0.6911469,32.77,13.42,43690
"Longueuil",0.6915334,32.74,13.4,43690
"Longueuil",0.695193,32.71,13.36,43690
"Longueuil",0.693573,32.69,13.36,43690
"Longueuil",0.6943029,32.68,13.39,43690
"Longueuil",0.6960118,32.66,13.35,43690
"Longueuil",0.6955745,32.65,13.35,43690
"Longueuil",0.6960652,32.66,13.36,43690
"Longueuil",0.6939748,32.64,13.35,43690
"Longueuil",0.6954905,32.62,13.39,43690
"Longueuil",0.6920649,32.62,13.37,43690
"Longueuil",0.6928203,32.61,13.37,43690
"Longueuil",0.6899694,32.61,13.39,43690
"Longueuil",0.685613,32.62,13.4,43690
"Longueuil",0.6866023,32.62,13.36,43690
"Longueuil",0.6860199,32.65,13.37,43690
"Longueuil",0.6836904,32.64,13.38,43690
"Longueuil",0.6868159,32.63,13.38,43690
"Longueuil",0.6810353,32.64,13.43,43690
"Longueuil",0.6824926,32.64,13.41,43690
"Longueuil",0.6794001,32.65,13.47,43690
"Longueuil",0.6819738,32.67,13.44,43690
"Longueuil",0.681277,32.65,13.4,43690
"Longueuil",0.6789627,32.69,13.44,43690
"Longueuil",0.6804835,32.69,13.44,43690
"Longueuil",0.6808345,32.7,13.4,43690
"Longueuil",0.6803996,32.72,13.43,43690
"Longueuil",0.6816661,32.72,13.4,43690
"Longueuil",0.6803334,32.73,13.41,43690
"Longueuil",0.6839905,32.47,13.36,43690
"Longueuil",0.6799011,32.74,13.32,43690
"Longueuil",0.6801274,32.75,13.34,43690
"Longueuil",0.6801631,32.76,13.37,43690
"Longueuil",0.6801631,32.79,13.39,43690
"Longueuil",0.6804784,32.8,13.38,43690
"Longueuil",0.6788025,32.81,13.38,43690
"Longueuil",0.6769587,32.82,13.37,43690
"Longueuil",0.6774292,32.84,13.35,43690
"Longueuil",0.6749039,32.83,13.34,43690
"Longueuil",0.6728948,32.86,13.33,43690
"Longueuil",0.671402,32.86,13.37,43690
"Longueuil",0.6690877,32.88,13.39,43690
"Longueuil",0.6655502,32.86,13.41,43690
"Longueuil",0.663887,32.86,13.41,43690
"Longueuil",0.6640752,32.85,13.43,43690
"Longueuil",0.6637319,32.84,13.39,43690
"Longueuil",0.6626689,32.82,13.39,43690
"Longueuil",0.6638794,32.83,13.38,43690
"Longueuil",0.6644109,32.8,13.38,43690
"Longueuil",0.6621704,32.78,13.34,43690
"Longueuil",0.6640727,32.76,13.36,43690
"Longueuil",0.6640752,32.75,13.37,43690
"Longueuil",0.6663844,32.72,13.36,43690
"Longueuil",0.6657308,32.7,13.36,43690
"Longueuil",0.6663945,32.7,13.37,43690
"Longueuil",0.6622874,32.68,13.33,43690
"Longueuil",0.6638539,32.68,13.38,43690
"Longueuil",0.6623459,32.67,13.34,43690
"Longueuil",0.6641719,32.66,13.33,43690
"Longueuil",0.6645737,32.66,13.38,43690
"Longueuil",0.6654612,32.67,13.38,43690
"Longueuil",0.6626714,32.68,13.39,43690
"Longueuil",0.6621653,32.66,13.43,43690
"Longueuil",0.6576996,32.66,13.42,43690
"Longueuil",0.6569468,32.66,13.38,43690
"Longueuil",0.654836,32.65,13.37,43690
"Longueuil",0.652242,32.66,13.34,43690
"Longueuil",0.6534474,32.66,13.34,43690
"Longueuil",0.6511002,32.67,13.34,43690
"Longueuil",0.6495514,32.71,13.36,43690
"Longueuil",0.6496201,32.68,13.41,43690
"Longueuil",0.648936,32.69,13.37,43690
"Longueuil",0.6482137,32.69,13.33,43690
"Longueuil",0.6486359,32.69,13.31,43690
"Longueuil",0.6481476,32.7,13.3,43690
"Longueuil",0.6470057,32.72,13.34,43690
"Longueuil",0.6475423,32.72,13.31,43690
"Longueuil",0.6498311,32.74,13.32,43690
"Longueuil",0.6479365,32.75,13.31,43690
"Longueuil",0.6497269,32.75,13.3,43690
"Longueuil",0.6496201,32.77,13.31,43690
"Longueuil",0.6516622,32.79,13.31,43690
"Longueuil",0.6514511,32.79,13.32,43690
"Longueuil",0.6491114,32.81,13.33,43690
"Longueuil",0.6482264,32.83,13.3,43690
"Longueuil",0.6464055,32.84,13.32,43690
"Longueuil",0.6447067,32.86,13.33,43690
"Longueuil",0.6432622,32.85,13.33,43690
"Longueuil",0.641248,32.67,13.35,43690
"Longueuil",0.6413854,32.87,13.34,43690
"Longueuil",0.6371892,32.88,13.34,43690
"Longueuil",0.6368434,32.9,13.39,43690
"Longueuil",0.6331024,32.91,13.43,43690
"Longueuil",0.6331685,32.91,13.44,43690
"Longueuil",0.632782,32.89,13.44,43690
"Longueuil",0.629041,32.89,13.39,43690
"Longueuil",0.6285426,32.87,13.39,43690
"Longueuil",0.6306279,32.87,13.37,43690
"Longueuil",0.6285324,32.86,13.36,43690
"Longueuil",0.6309789,32.84,13.35,43690
"Longueuil",0.6318919,32.82,13.33,43690
"Longueuil",0.6302668,32.81,13.34,43690
"Longueuil",0.6312764,32.8,13.37,43690
"Longueuil",0.6301498,32.77,13.34,43690
"Longueuil",0.6294658,32.74,13.32,43690
"Longueuil",0.6308797,32.73,13.36,43690
"Longueuil",0.6284816,32.72,13.37,43690
"Longueuil",0.6281916,32.7,13.33,43690
"Longueuil",0.6276855,32.7,13.32,43690
"Longueuil",0.6261902,32.7,13.4,43690
"Longueuil",0.6220576,32.69,13.35,43690
"Longueuil",0.624588,32.68,13.32,43690
"Longueuil",0.6220271,32.75,13.32,43690
"Longueuil",0.6237767,32.67,13.34,43690
"Longueuil",0.6198273,32.67,13.3,43690
"Longueuil",0.6207428,32.71,13.32,43690
"Longueuil",0.621493,32.68,13.31,43690
"Longueuil",0.6219355,32.67,13.32,43690
"Longueuil",0.6235784,32.68,13.32,43690
"Longueuil",0.6210607,32.69,13.33,43690
"Longueuil",0.6225179,32.69,13.35,43690
"Longueuil",0.6214447,32.7,13.34,43690
"Longueuil",0.6184133,32.71,13.33,43690
"Longueuil",0.6205063,32.71,13.33,43690
"Longueuil",0.6216405,32.73,13.33,43690
"Longueuil",0.6220347,32.75,13.38,43690
"Longueuil",0.6215541,32.74,13.34,43690
"Longueuil",0.620608,32.74,13.31,43690
"Longueuil",0.6212896,32.75,13.33,43690
"Longueuil",0.6192042,32.78,13.33,43690
"Longueuil",0.6197764,32.79,13.35,43690
"Longueuil",0.6180394,32.8,13.33,43690
"Longueuil",0.6175486,32.81,13.3,43690
"Longueuil",0.6186269,32.82,13.35,43690
"Longueuil",0.6132889,32.83,13.34,43690
"Longueuil",0.6125005,32.84,13.33,43690
"Longueuil",0.6132838,32.85,13.34,43690
"Longueuil",0.6113663,32.87,13.38,43690
"Longueuil",0.6084061,32.89,13.36,43690
"Longueuil",0.6068649,32.88,13.34,43690
"Longueuil",0.6048076,32.87,13.31,43690
"Longueuil",0.6057434,32.67,13.31,43690
"Longueuil",0.6034698,32.89,13.3,43690
"Longueuil",0.6039174,32.89,13.34,43690
"Longueuil",0.6045964,32.9,13.34,43690
"Longueuil",0.60053,32.88,13.34,43690
"Longueuil",0.601476,32.87,13.34,43690
"Longueuil",0.5998866,32.86,13.32,43690
"Longueuil",0.5990321,32.86,13.33,43690
"Longueuil",0.5998662,32.84,13.31,43690
"Longueuil",0.6002197,32.83,13.33,43690
"Longueuil",0.5986531,32.82,13.38,43690
"Longueuil",0.5988973,32.79,13.31,43690
"Longueuil",0.5962397,32.79,13.3,43690
"Longueuil",0.5960007,32.75,13.3,43690
"Longueuil",0.5959346,32.73,13.28,43690
"Longueuil",0.5928523,32.72,13.29,43690
"Longueuil",0.5918757,32.72,13.34,43690
"Longueuil",0.5918401,32.7,13.3,43690
"Longueuil",0.588384,32.69,13.33,43690
"Longueuil",0.5886357,32.68,13.34,43690
"Longueuil",0.58756,32.67,13.34,43690
"Longueuil",0.5873235,32.67,13.35,43690
"Longueuil",0.5848465,32.66,13.34,43690
"Longueuil",0.5868708,32.66,13.34,43690
"Longueuil",0.5833791,32.67,13.35,43690
"Longueuil",0.5836919,32.66,13.35,43690
"Longueuil",0.5844727,32.67,13.36,43690
"Longueuil",0.5829722,32.67,13.37,43690
"Longueuil",0.5866674,32.68,13.37,43690
"Longueuil",0.5835342,32.68,13.39,43690
"Longueuil",0.5837758,32.69,13.36,43690
"Longueuil",0.5818837,32.7,13.37,43690
"Longueuil",0.5822474,32.7,13.38,43690
"Longueuil",0.5826696,32.69,13.36,43690
"Longueuil",0.5831782,32.76,13.37,43690
"Longueuil",0.5815786,32.72,13.46,43690
"Longueuil",0.580368,32.73,13.39,43690
"Longueuil",0.5795873,32.73,13.39,43690
"Longueuil",0.5792363,32.74,13.37,43690
"Longueuil",0.5776317,32.75,13.4,43690
"Longueuil",0.5744553,32.75,13.38,43690
"Longueuil",0.5759633,32.76,13.36,43690
"Longueuil",0.569753,32.76,13.36,43690
"Longueuil",0.5699768,32.76,13.3,43690
"Longueuil",0.5653,32.76,13.31,43690
"Longueuil",0.5665334,32.77,13.37,43690
"Longueuil",0.5641861,32.76,13.32,43690
"Longueuil",0.563329,32.77,13.33,43690
"Longueuil",0.5649135,32.79,13.34,43690
"Longueuil",0.5612004,32.77,13.39,43690
"Longueuil",0.5661595,32.76,13.48,43690
"Longueuil",0.5621364,32.76,13.41,43690
"Longueuil",0.5618744,32.73,13.36,43690
"Longueuil",0.5629578,32.71,13.36,43690
"Longueuil",0.5628026,32.69,13.37,43690
"Longueuil",0.5639623,32.7,13.38,43690
"Longueuil",0.563853,32.67,13.37,43690
"Longueuil",0.564298,32.65,13.36,43690
"Longueuil",0.5633367,32.65,13.37,43690
"Longueuil",0.5631459,32.62,13.36,43690
"Longueuil",0.5647812,32.61,13.35,43690
"Longueuil",0.562238,32.6,13.36,43690
"Longueuil",0.5629705,32.58,13.34,43690
"Longueuil",0.5606613,32.6,13.31,43690
"Longueuil",0.5626297,32.58,13.31,43690
"Longueuil",0.5603002,32.57,13.31,43690
"Longueuil",0.5590693,32.58,13.34,43690
"Longueuil",0.5599696,32.58,13.33,43690
"Longueuil",0.5579478,32.58,13.41,43690
"Longueuil",0.5582581,32.6,13.34,43690
"Longueuil",0.5565643,32.58,13.36,43690
"Longueuil",0.5510839,32.59,13.32,43690
"Longueuil",0.5551198,32.61,13.34,43690
"Longueuil",0.5549393,32.6,13.31,43690
"Longueuil",0.5542272,32.64,13.34,43690
"Longueuil",0.5539169,32.63,13.35,43690
"Longueuil",0.5552368,32.65,13.4,43690
"Longueuil",0.5554021,32.66,13.38,43690
"Longueuil",0.5562286,32.72,13.36,43690
"Longueuil",0.557368,32.66,13.33,43690
"Longueuil",0.5602824,32.67,13.34,43690
"Longueuil",0.5592168,32.69,13.35,43690
"Longueuil",0.5595601,32.7,13.4,43690
"Longueuil",0.5605392,32.7,13.41,43690
"Longueuil",0.5604909,32.72,13.41,43690
"Longueuil",0.5579045,32.73,13.38,43690
"Longueuil",0.5592397,32.74,13.39,43690
"Longueuil",0.5594203,32.75,13.38,43690
"Longueuil",0.559377,32.76,13.4,43690
"Longueuil",0.5535609,32.78,13.37,43690
"Longueuil",0.5529454,32.78,13.35,43690
"Longueuil",0.5519384,32.78,13.33,43690
"Longueuil",0.5530014,32.8,13.37,43690
"Longueuil",0.5501989,32.82,13.3,43690
"Longueuil",0.5490468,32.82,13.32,43690
"Longueuil",0.5463384,32.83,13.31,43690
"Longueuil",0.5488129,32.84,13.31,43690
"Longueuil",0.5485764,32.84,13.34,43690
"Longueuil",0.5457026,32.83,13.31,43690
"Longueuil",0.5476354,32.84,13.31,43690
"Longueuil",0.5460841,32.82,13.32,43690
"Longueuil",0.5485967,32.82,13.35,43690
"Longueuil",0.5472743,32.82,13.36,43690
"Longueuil",0.5485967,32.8,13.33,43690
"Longueuil",0.5482635,32.79,13.32,43690
"Longueuil",0.550237,32.77,13.34,43690
"Longueuil",0.5508448,32.76,13.35,43690
"Longueuil",0.5521622,32.73,13.34,43690
"Longueuil",0.5532735,32.72,13.37,43690
"Longueuil",0.5538533,32.71,13.39,43690
"Longueuil",0.5558675,32.72,13.38,43690
"Longueuil",0.5564473,32.69,13.38,43690
"Longueuil",0.5557887,32.71,13.38,43690
"Longueuil",0.5536067,32.66,13.39,43690
"Longueuil",0.554924,32.64,13.4,43690
"Longueuil",0.5535049,32.64,13.4,43690
"Longueuil",0.5537872,32.64,13.38,43690
"Longueuil",0.556516,32.63,13.35,43690
"Longueuil",0.555336,32.63,13.35,43690
"Longueuil",0.5590134,32.64,13.36,43690
"Longueuil",0.5599594,32.64,13.37,43690
"Longueuil",0.5591787,32.63,13.35,43690
"Longueuil",0.5583979,32.64,13.34,43690
"Longueuil",0.5585276,32.64,13.3,43690
"Longueuil",0.5599772,32.64,13.32,43690
"Longueuil",0.5607986,32.66,13.36,43690
"Longueuil",0.5628128,32.68,13.34,43690
"Longueuil",0.5615158,32.67,13.36,43690
"Longueuil",0.5647812,32.68,13.37,43690
"Longueuil",0.5623271,32.69,13.36,43690
"Longueuil",0.5674133,32.71,13.4,43690
"Longueuil",0.5633443,32.72,13.37,43690
"Longueuil",0.5627925,32.71,13.33,43690
"Longueuil",0.5623347,32.73,13.35,43690
"Longueuil",0.5624847,32.75,13.38,43690
"Longueuil",0.5620092,32.76,13.37,43690
"Longueuil",0.5620804,32.76,13.41,43690
"Longueuil",0.5606511,32.77,13.42,43690
"Longueuil",0.5571823,32.78,13.42,43690
"Longueuil",0.5567525,32.79,13.4,43690
"Longueuil",0.5569203,32.8,13.35,43690
"Longueuil",0.5564372,32.82,13.36,43690
"Longueuil",0.5551071,32.83,13.49,43690
"Longueuil",0.5543721,32.84,13.36,43690
"Longueuil",0.5564041,32.83,13.39,43690
"Longueuil",0.5566533,32.84,13.37,43690
"Longueuil",0.5564575,32.62,13.39,43690
"Longueuil",0.5562261,32.83,13.39,43690
"Longueuil",0.5569789,32.83,13.39,43690
"Longueuil",0.5563481,32.86,13.4,43690
"Longueuil",0.5569814,32.81,13.36,43690
"Longueuil",0.5549266,32.8,13.35,43690
"Longueuil",0.5585963,32.79,13.35,43690
"Longueuil",0.5563762,32.76,13.31,43690
"Longueuil",0.5594152,32.75,13.31,43690
"Longueuil",0.5553309,32.75,13.34,43690
"Longueuil",0.5555954,32.73,13.33,43690
"Longueuil",0.5569255,32.71,13.33,43690
"Longueuil",0.5545807,32.7,13.34,43690
"Longueuil",0.557106,32.69,13.32,43690
"Longueuil",0.5558726,32.66,13.37,43690
"Longueuil",0.5560277,32.66,13.35,43690
"Longueuil",0.5570323,32.64,13.35,43690
"Longueuil",0.5573146,32.62,13.32,43690
"Longueuil",0.5597687,32.61,13.3,43690
"Longueuil",0.5584005,32.65,13.28,43690
"Longueuil",0.558726,32.4,13.33,43690
"Longueuil",0.5609639,32.38,13.33,43690
"Longueuil",0.5631968,32.45,13.32,43690
"Longueuil",0.5642776,32.62,13.32,43690
"Longueuil",0.5648422,32.63,13.34,43690
"Longueuil",0.5629171,32.63,13.31,43690
"Longueuil",0.565506,32.62,13.31,43690
"Longueuil",0.5676931,32.64,13.33,43690
"Longueuil",0.5689494,32.65,13.31,43690
"Longueuil",0.5664368,32.65,13.32,43690
"Longueuil",0.5666504,32.66,13.31,43690
"Longueuil",0.5684484,32.66,13.33,43690
"Longueuil",0.5673777,32.67,13.3,43690
"Longueuil",0.5669301,32.68,13.33,43690
"Longueuil",0.5665156,32.69,13.31,43690
"Longueuil",0.567009,32.7,13.33,43690
"Longueuil",0.5666707,32.73,13.33,43690
"Longueuil",0.5644429,32.73,13.3,43690
"Longueuil",0.5649058,32.75,13.31,43690
"Longueuil",0.5659027,32.79,13.32,43690
"Longueuil",0.5659282,32.77,13.34,43690
"Longueuil",0.5620982,32.78,13.36,43690
"Longueuil",0.5652593,32.78,13.34,43690
"Longueuil",0.5665105,32.82,13.33,43690
"Longueuil",0.5662892,32.8,13.36,43690
"Longueuil",0.5645981,32.81,13.4,43690
"Longueuil",0.5637207,32.8,13.39,43690
"Longueuil",0.5651729,32.78,13.34,43690
"Longueuil",0.5656662,32.78,13.35,43690
"Longueuil",0.5652008,32.76,13.3,43690
"Longueuil",0.5676854,32.75,13.33,43690
"Longueuil",0.568835,32.74,13.3,43690
"Longueuil",0.5701828,32.72,13.3,43690
"Longueuil",0.57046,32.72,13.3,43690
"Longueuil",0.5732829,32.7,13.31,43690
"Longueuil",0.5719884,32.75,13.34,43690
"Longueuil",0.5721537,32.67,13.3,43690
"Longueuil",0.5730362,32.65,13.3,43690
"Longueuil",0.5734456,32.64,13.3,43690
"Longueuil",0.5741653,32.64,13.32,43690
"Longueuil",0.5754979,32.64,13.36,43690
"Longueuil",0.5735601,32.63,13.39,43690
"Longueuil",0.5752208,32.31,13.42,43690
"Longueuil",0.5751927,32.64,13.43,43690
"Longueuil",0.5758107,32.62,13.39,43690
"Longueuil",0.5734482,32.62,13.41,43690
"Longueuil",0.5763677,32.62,13.43,43690
"Longueuil",0.5757828,32.6,13.39,43690
"Longueuil",0.5745952,32.61,13.37,43690
"Longueuil",0.5750529,32.62,13.4,43690
"Longueuil",0.5784734,32.62,13.37,43690
"Longueuil",0.5781224,32.63,13.39,43690
"Longueuil",0.5804749,32.64,13.43,43690
"Longueuil",0.5833918,32.64,13.38,43690
"Longueuil",0.5845286,32.64,13.4,43690
"Longueuil",0.5857518,32.66,13.41,43690
"Longueuil",0.5861384,32.43,13.43,43690
"Longueuil",0.5906398,32.7,13.4,43690
"Longueuil",0.590688,32.69,13.42,43690
"Longueuil",0.5927022,32.71,13.4,43690
"Longueuil",0.5937703,32.7,13.38,43690
"Longueuil",0.5935593,32.72,13.37,43690
"Longueuil",0.596962,32.75,13.4,43690
"Longueuil",0.5981801,32.74,13.37,43690
"Longueuil",0.5972239,32.75,13.34,43690
"Longueuil",0.5971654,32.76,13.35,43690
"Longueuil",0.5977122,32.78,13.35,43690
"Longueuil",0.5991084,32.78,13.35,43690
"Longueuil",0.5989456,32.8,13.33,43690
"Longueuil",0.6003952,32.83,13.37,43690
"Longueuil",0.6005351,32.83,13.36,43690
"Longueuil",0.6027527,32.83,13.37,43690
"Longueuil",0.6037216,32.86,13.36,43690
"Longueuil",0.6048177,32.87,13.34,43690
"Longueuil",0.6037191,32.88,13.34,43690
"Longueuil",0.6074321,32.88,13.3,43690
"Longueuil",0.6070353,32.91,13.32,43690
"Longueuil",0.6086476,32.9,13.36,43690
"Longueuil",0.6073964,32.72,13.35,43690
"Longueuil",0.6085408,32.92,13.34,43690
"Longueuil",0.6072769,32.93,13.37,43690
"Longueuil",0.6110509,32.93,13.37,43690
"Longueuil",0.6142451,32.93,13.38,43690
"Longueuil",0.6134517,32.93,13.39,43690
"Longueuil",0.6136042,32.91,13.43,43690
"Longueuil",0.6142171,32.91,13.43,43690
"Longueuil",0.6135152,32.9,13.39,43690
"Longueuil",0.6123199,32.88,13.36,43690
"Longueuil",0.6121547,32.85,13.36,43690
"Longueuil",0.6108525,32.82,13.38,43690
"Longueuil",0.6112874,32.82,13.39,43690
"Longueuil",0.6138535,32.81,13.35,43690
"Longueuil",0.6144918,32.78,13.31,43690
"Longueuil",0.6127955,32.76,13.37,43690
"Longueuil",0.6128489,32.75,13.34,43690
"Longueuil",0.6140493,32.73,13.36,43690
"Longueuil",0.6170807,32.74,13.36,43690
"Longueuil",0.617897,32.73,13.38,43690
"Longueuil",0.6205444,32.7,13.38,43690
"Longueuil",0.6222687,32.71,13.43,43690
"Longueuil",0.624972,32.7,13.39,43690
"Longueuil",0.6258087,32.7,13.41,43690
"Longueuil",0.627889,32.69,13.42,43690
"Longueuil",0.6301956,32.55,13.41,43690
"Longueuil",0.6344096,32.69,13.41,43690
"Longueuil",0.6350021,32.73,13.45,43690
"Longueuil",0.6365026,32.71,13.43,43690
"Longueuil",0.640124,32.7,13.42,43690
"Longueuil",0.6411031,32.7,13.42,43690
"Longueuil",0.6439794,32.7,13.39,43690
"Longueuil",0.6437123,32.71,13.37,43690
"Longueuil",0.6457799,32.71,13.39,43690
"Longueuil",0.6467997,32.72,13.39,43690
"Longueuil",0.6463597,32.72,13.39,43690
"Longueuil",0.6471354,32.79,13.35,43690
"Longueuil",0.6484578,32.74,13.34,43690
"Longueuil",0.6524251,32.76,13.34,43690
"Longueuil",0.6529185,32.77,13.33,43690
"Longueuil",0.6517537,32.76,13.3,43690
"Longueuil",0.6540883,32.78,13.32,43690
"Longueuil",0.657074,32.76,13.32,43690
"Longueuil",0.6598434,32.8,13.36,43690
"Longueuil",0.65846,32.8,13.31,43690
"Longueuil",0.6587982,32.82,13.31,43690
"Longueuil",0.6630757,32.85,13.32,43690
"Longueuil",0.6649144,32.85,13.33,43690
"Longueuil",0.6654434,32.88,13.36,43690
"Longueuil",0.6655273,32.88,13.34,43690
"Longueuil",0.6664531,32.88,13.31,43690
"Longueuil",0.6685002,32.86,13.3,43690
"Longueuil",0.6684596,32.87,13.3,43690
"Longueuil",0.6690369,32.89,13.33,43690
"Longueuil",0.66996,32.89,13.36,43690
"Longueuil",0.6701609,32.88,13.4,43690
"Longueuil",0.6702474,32.87,13.39,43690
"Longueuil",0.6694285,32.87,13.41,43690
"Longueuil",0.6708705,32.63,13.39,43690
"Longueuil",0.6724727,32.83,13.36,43690
"Longueuil",0.6742833,32.82,13.4,43690
"Longueuil",0.6736069,32.8,13.38,43690
"Longueuil",0.6726812,32.79,13.33,43690
"Longueuil",0.6755397,32.76,13.31,43690
"Longueuil",0.6774089,32.74,13.31,43690
"Longueuil",0.6802139,32.73,13.3,43690
"Longueuil",0.6817856,32.7,13.3,43690
"Longueuil",0.6837819,32.69,13.31,43690
"Longueuil",0.6853027,32.68,13.33,43690
"Longueuil",0.6845449,32.68,13.31,43690
"Longueuil",0.6861852,32.69,13.36,43690
"Longueuil",0.6909764,32.69,13.34,43690
"Longueuil",0.6939595,32.67,13.31,43690
"Longueuil",0.6971003,32.66,13.31,43690
"Longueuil",0.6980464,32.65,13.32,43690
"Longueuil",0.7003174,32.66,13.31,43690
"Longueuil",0.6992137,32.67,13.31,43690
"Longueuil",0.701266,32.69,13.31,43690
"Longueuil",0.7023214,32.68,13.31,43690
"Longueuil",0.703448,32.68,13.29,43690
"Longueuil",0.7064235,32.68,13.29,43690
"Longueuil",0.7057521,32.69,13.3,43690
"Longueuil",0.7077306,32.71,13.34,43690
"Longueuil",0.7076924,32.73,13.37,43690
"Longueuil",0.7094421,32.74,13.38,43690
"Longueuil",0.7082901,32.75,13.36,43690
"Longueuil",0.7102229,32.59,13.39,43690
"Longueuil",0.7142944,32.76,13.39,43690
"Longueuil",0.7129796,32.76,13.38,43690
"Longueuil",0.7145818,32.77,13.34,43690
"Longueuil",0.7169291,32.79,13.35,43690
"Longueuil",0.7183635,32.79,13.37,43690
"Longueuil",0.7218272,32.81,13.34,43690
"Longueuil",0.7199351,32.8,13.3,43690
"Longueuil",0.7220586,32.81,13.33,43690
"Longueuil",0.7241821,32.82,13.33,43690
"Longueuil",0.7267812,32.82,13.37,43690
"Longueuil",0.7263387,32.83,13.38,43690
"Longueuil",0.7283986,32.82,13.33,43690
"Longueuil",0.7290599,32.81,13.35,43690
"Longueuil",0.7326304,32.81,13.35,43690
"Longueuil",0.7302551,32.79,13.33,43690
"Longueuil",0.7318624,32.79,13.3,43690
"Longueuil",0.7317632,32.79,13.31,43690
"Longueuil",0.7320531,32.76,13.36,43690
"Longueuil",0.7328975,32.74,13.35,43690
"Longueuil",0.7356008,32.73,13.34,43690
"Longueuil",0.7351252,32.71,13.35,43690
"Longueuil",0.736674,32.69,13.37,43690
"Longueuil",0.7374878,32.69,13.41,43690
"Longueuil",0.7408803,32.68,13.33,43690
"Longueuil",0.7408015,32.65,13.3,43690
"Longueuil",0.7429149,32.64,13.3,43690
"Longueuil",0.7475026,32.64,13.34,43690
"Longueuil",0.7518972,32.64,13.34,43690
"Longueuil",0.7495499,32.61,13.33,43690
"Longueuil",0.752533,32.62,13.35,43690
"Longueuil",0.7537206,32.62,13.35,43690
"Longueuil",0.7551906,32.62,13.36,43690
"Longueuil",0.7563248,32.62,13.35,43690
"Longueuil",0.7588679,32.62,13.33,43690
"Longueuil",0.760081,32.61,13.35,43690
"Longueuil",0.7596791,32.63,13.35,43690
"Longueuil",0.7624969,32.64,13.33,43690
"Longueuil",0.7650986,32.64,13.36,43690
"Longueuil",0.7661285,32.64,13.39,43690
"Longueuil",0.7674103,32.67,13.39,43690
"Longueuil",0.7692566,32.68,13.41,43690
"Longueuil",0.7699763,32.69,13.44,43690
"Longueuil",0.7714437,32.69,13.42,43690
"Longueuil",0.7727966,32.71,13.39,43690
"Longueuil",0.7731526,32.71,13.41,43690
"Longueuil",0.7745158,32.72,13.43,43690
"Longueuil",0.7764816,32.72,13.45,43690
"Longueuil",0.7766317,32.75,13.42,43690
"Longueuil",0.7782593,32.74,13.42,43690
"Longueuil",0.7821655,32.76,13.46,43690
"Longueuil",0.7845815,32.78,13.43,43690
"Longueuil",0.7844365,32.77,13.42,43690
"Longueuil",0.7852452,32.8,13.44,43690
"Longueuil",0.7864863,32.8,13.45,43690
"Longueuil",0.7869313,32.81,13.39,43690
"Longueuil",0.7899424,32.81,13.42,43690
"Longueuil",0.7878596,32.83,13.37,43690
"Longueuil",0.7903951,32.83,13.42,43690
"Longueuil",0.7889888,32.83,13.38,43690
"Longueuil",0.7895864,32.83,13.43,43690
"Longueuil",0.7897924,32.84,13.37,43690
"Longueuil",0.790273,32.82,13.35,43690
"Longueuil",0.7916438,32.82,13.37,43690
"Longueuil",0.7927068,32.81,13.36,43690
"Longueuil",0.7944158,32.8,13.37,43690
"Longueuil",0.793958,32.8,13.37,43690
"Longueuil",0.7952957,32.77,13.38,43690
"Longueuil",0.7986603,32.76,13.37,43690
"Longueuil",0.7992554,32.74,13.39,43690
"Longueuil",0.8016968,32.73,13.43,43690
"Longueuil",0.8025081,32.71,13.37,43690
"Longueuil",0.8049724,32.7,13.41,43690
"Longueuil",0.8055318,32.68,13.44,43690
"Longueuil",0.8065516,32.66,13.4,43690
"Longueuil",0.8087234,32.63,13.38,43690
"Longueuil",0.8098399,32.62,13.36,43690
"Longueuil",0.8113887,32.63,13.42,43690
"Longueuil",0.8170649,32.63,13.38,43690
"Longueuil",0.8168055,32.62,13.37,43690
"Longueuil",0.8182704,32.6,13.34,43690
"Longueuil",0.8189061,32.6,13.34,43690
"Longueuil",0.8225886,32.61,13.35,43690
"Longueuil",0.8234253,32.61,13.36,43690
"Longueuil",0.823644,32.62,13.36,43690
"Longueuil",0.8254115,32.63,13.43,43690
"Longueuil",0.8268967,32.64,13.42,43690
"Longueuil",0.8233795,32.63,13.4,43690
"Longueuil",0.8258438,32.64,13.39,43690
"Longueuil",1.997734,32.66,13.4,43690
"Longueuil",4.760867,32.64,13.37,43690
"Longueuil",4.339221,32.66,13.4,43690
"Longueuil",1.031525,32.67,13.39,43690
"Longueuil",0.8366241,32.68,13.38,43690
"Longueuil",0.8325958,32.69,13.4,43690
"Longueuil",0.8317464,32.71,13.4,43690
"Longueuil",0.8309123,32.72,13.44,43690
"Longueuil",0.8329595,32.73,13.45,43690
"Longueuil",0.8314209,32.71,13.44,43690
"Longueuil",0.834666,32.74,13.48,43690
"Longueuil",0.8317006,32.74,13.45,43690
"Longueuil",0.8339005,32.76,13.41,43690
"Longueuil",0.8371531,32.76,13.38,43690
"Longueuil",0.8368861,32.76,13.38,43690
"Longueuil",0.8387044,32.77,13.38,43690
"Longueuil",0.8411179,32.79,13.43,43690
"Longueuil",0.8376262,32.79,13.38,43690
"Longueuil",0.8394572,32.8,13.4,43690
"Longueuil",0.8393987,32.8,13.37,43690
"Longueuil",0.8401769,32.8,13.34,43690
"Longueuil",0.8415934,32.79,13.35,43690
"Longueuil",0.8408229,32.8,13.36,43690
"Longueuil",0.8380712,32.8,13.38,43690
"Longueuil",0.8427429,32.8,13.41,43690
"Longueuil",0.8407313,32.8,13.43,43690
"Longueuil",0.8419978,32.78,13.41,43690
"Longueuil",0.8405457,32.77,13.42,43690
"Longueuil",0.8428345,32.77,13.43,43690
"Longueuil",0.8402684,32.76,13.45,43690
"Longueuil",0.8416901,32.74,13.42,43690
"Longueuil",0.8413417,32.72,13.43,43690
"Longueuil",0.8419698,32.68,13.38,43690
"Longueuil",0.8427709,32.67,13.35,43690
"Longueuil",0.8432668,32.67,13.36,43690
"Longueuil",0.8441417,32.64,13.35,43690
"Longueuil",0.8456447,32.64,13.33,43690
"Longueuil",0.8444875,32.64,13.34,43690
"Longueuil",0.8437703,32.63,13.36,43690
"Longueuil",0.8452275,32.64,13.36,43690
"Longueuil",0.8440043,32.64,13.38,43690
"Longueuil",0.8461609,32.65,13.4,43690
"Longueuil",0.8465831,32.65,13.4,43690
"Longueuil",0.8480861,32.66,13.36,43690
"Longueuil",0.8475774,32.63,13.4,43690
"Longueuil",0.8515803,32.65,13.35,43690
"Longueuil",0.8483937,32.65,13.38,43690
"Longueuil",0.8519389,32.65,13.4,43690
"Longueuil",0.850591,32.65,13.35,43690
"Longueuil",0.8508046,32.65,13.36,43690
"Longueuil",0.8504003,32.67,13.34,43690
"Longueuil",0.8518397,32.67,13.33,43690
"Longueuil",0.8513845,32.68,13.35,43690
"Longueuil",0.8513158,32.7,13.34,43690
"Longueuil",0.8507894,32.71,13.36,43690
"Longueuil",0.8500035,32.73,13.39,43690
"Longueuil",0.8508937,32.75,13.36,43690
"Longueuil",0.8519058,32.75,13.35,43690
"Longueuil",0.8540268,32.75,13.4,43690
"Longueuil",0.8523102,32.76,13.33,43690
"Longueuil",0.8539836,32.77,13.36,43690
"Longueuil",0.8519999,32.78,13.36,43690
"Longueuil",0.8534241,32.81,13.38,43690
"Longueuil",0.8546041,32.82,13.42,43690
"Longueuil",0.8561681,32.83,13.43,43690
"Longueuil",0.8566539,32.85,13.39,43690
"Longueuil",0.8558629,32.85,13.4,43690
"Longueuil",0.8557053,32.86,13.37,43690
"Longueuil",0.8563105,32.85,13.35,43690
"Longueuil",0.8557637,32.87,13.31,43690
"Longueuil",0.8553314,32.86,13.32,43690
"Longueuil",0.8556392,32.87,13.31,43690
"Longueuil",0.8584518,32.88,13.3,43690
"Longueuil",0.8544744,32.88,13.31,43690
"Longueuil",0.8544083,32.88,13.32,43690
"Longueuil",0.8551152,32.88,13.3,43690
"Longueuil",0.8549423,32.88,13.31,43690
"Longueuil",0.8572337,32.78,13.31,43690
"Longueuil",0.8556798,32.86,13.31,43690
"Longueuil",0.8544108,32.85,13.3,43690
"Longueuil",0.8547465,32.85,13.31,43690
"Longueuil",0.8539429,32.74,13.33,43690
"Longueuil",0.8551025,32.82,13.39,43690
"Longueuil",0.8567988,32.81,13.33,43690
"Longueuil",0.8589122,32.79,13.36,43690
"Longueuil",0.860672,32.78,13.34,43690
"Longueuil",0.8613765,32.77,13.36,43690
"Longueuil",0.8629863,32.74,13.39,43690
"Longueuil",0.864446,32.73,13.37,43690
"Longueuil",0.8654454,32.72,13.34,43690
"Longueuil",0.8664653,32.7,13.34,43690
"Longueuil",0.8677444,32.69,13.31,43690
"Longueuil",0.8708318,32.68,13.32,43690
"Longueuil",0.8688736,32.68,13.3,43690
"Longueuil",0.8701604,32.67,13.28,43690
"Longueuil",0.8704834,32.66,13.28,43690
"Longueuil",0.8713124,32.67,13.28,43690
"Longueuil",0.8725154,32.69,13.29,43690
"Longueuil",0.8703766,32.67,13.3,43690
"Longueuil",0.8735173,32.68,13.29,43690
"Longueuil",0.8711243,32.7,13.3,43690
"Longueuil",0.8719228,32.7,13.31,43690
"Longueuil",0.8737717,32.71,13.31,43690
"Longueuil",0.8733215,32.71,13.31,43690
"Longueuil",0.8731384,32.72,13.33,43690
"Longueuil",0.8731003,32.72,13.33,43690
"Longueuil",0.8724696,32.73,13.34,43690
"Longueuil",0.8744914,32.73,13.32,43690
"Longueuil",0.8751399,32.76,13.31,43690
"Longueuil",0.8764089,32.77,13.3,43690
"Longueuil",0.8753154,32.79,13.36,43690
"Longueuil",0.8792089,32.8,13.32,43690
"Longueuil",0.8781636,32.81,13.36,43690
"Longueuil",0.87721,32.83,13.34,43690
"Longueuil",0.8789952,32.82,13.33,43690
"Longueuil",0.8783951,32.84,13.32,43690
"Longueuil",0.8794022,32.85,13.32,43690
"Longueuil",0.8816401,32.87,13.36,43690
"Longueuil",0.8804245,32.87,13.36,43690
"Longueuil",0.881635,32.9,13.36,43690
"Longueuil",0.8817088,32.91,13.36,43690
"Longueuil",0.8830414,32.9,13.34,43690
"Longueuil",0.8798955,32.92,13.37,43690
"Longueuil",0.8787537,32.93,13.33,43690
"Longueuil",0.877856,32.94,13.36,43690
"Longueuil",0.8799744,32.93,13.34,43690
"Longueuil",0.8767573,32.92,13.34,43690
"Longueuil",0.8770523,32.93,13.31,43690
"Longueuil",0.878423,32.92,13.32,43690
"Longueuil",0.8772838,32.91,13.36,43690
"Longueuil",0.8774211,32.91,13.34,43690
"Longueuil",0.8783824,32.9,13.33,43690
"Longueuil",0.8797989,32.88,13.34,43690
"Longueuil",0.8778051,32.86,13.36,43690
"Longueuil",0.8819631,32.85,13.33,43690
"Longueuil",0.8812332,32.82,13.33,43690
"Longueuil",0.8822988,32.8,13.34,43690
"Longueuil",0.8845469,32.79,13.36,43690
"Longueuil",0.8845342,32.77,13.34,43690
"Longueuil",0.8849182,32.76,13.33,43690
"Longueuil",0.8885803,32.74,13.35,43690
"Longueuil",0.8879166,32.73,13.4,43690
"Longueuil",0.8887584,32.75,13.38,43690
"Longueuil",0.8909963,32.72,13.42,43690
"Longueuil",0.8917567,32.71,13.39,43690
"Longueuil",0.8915939,32.7,13.37,43690
"Longueuil",0.8915889,32.7,13.39,43690
"Longueuil",0.8939082,32.69,13.37,43690
"Longueuil",0.8919169,32.69,13.35,43690
"Longueuil",0.8920339,32.7,13.35,43690
"Longueuil",0.8934224,32.69,13.35,43690
"Longueuil",0.8927816,32.7,13.31,43690
"Longueuil",0.8921763,32.7,13.34,43690
"Longueuil",0.8923976,32.71,13.34,43690
"Longueuil",0.8923162,32.72,13.32,43690
"Longueuil",0.8941777,32.72,13.28,43690
"Longueuil",0.893486,32.72,13.3,43690
"Longueuil",0.8939235,32.74,13.31,43690
"Longueuil",0.8951569,32.74,13.3,43690
"Longueuil",0.8966954,32.76,13.31,43690
"Longueuil",0.8970769,32.77,13.34,43690
"Longueuil",0.8960164,32.79,13.35,43690
"Longueuil",0.8986155,32.79,13.31,43690
"Longueuil",0.9006602,32.81,13.34,43690
"Longueuil",0.8975983,32.83,13.36,43690
"Longueuil",0.9002609,32.84,13.38,43690
"Longueuil",0.8994598,32.86,13.36,43690
"Longueuil",0.8991216,32.86,13.38,43690
"Longueuil",0.8986461,32.86,13.39,43690
"Longueuil",0.8987096,32.88,13.36,43690
"Longueuil",0.8993123,32.88,13.34,43690
"Longueuil",0.8992538,32.88,13.35,43690
"Longueuil",0.8981832,32.87,13.32,43690
"Longueuil",0.8981247,32.86,13.3,43690
"Longueuil",0.9000931,32.87,13.3,43690
"Longueuil",0.898585,32.85,13.3,43690
"Longueuil",0.8994395,32.84,13.34,43690
"Longueuil",0.8990199,32.85,13.37,43690
"Longueuil",0.9000142,32.83,13.36,43690
"Longueuil",0.8994243,32.81,13.37,43690
"Longueuil",0.9006551,32.79,13.38,43690
"Longueuil",0.9014943,32.78,13.38,43690
"Longueuil",0.9040019,32.76,13.42,43690
"Longueuil",0.9041621,32.76,13.4,43690
"Longueuil",0.9036636,32.75,13.41,43690
"Longueuil",0.9055226,32.73,13.39,43690
"Longueuil",0.9059906,32.7,13.37,43690
"Longueuil",0.910197,32.7,13.4,43690
"Longueuil",0.9093959,32.69,13.4,43690
"Longueuil",0.9103241,32.68,13.35,43690
"Longueuil",0.9091136,32.67,13.39,43690
"Longueuil",0.9124654,32.69,13.38,43690
"Longueuil",0.9117432,32.68,13.39,43690
"Longueuil",0.9127324,32.67,13.36,43690
"Longueuil",0.91067,32.68,13.34,43690
"Longueuil",0.9121628,32.68,13.39,43690
"Longueuil",0.913559,32.67,13.35,43690
"Longueuil",0.9124196,32.68,13.36,43690
"Longueuil",0.9123891,32.71,13.38,43690
"Longueuil",0.9120331,32.71,13.42,43690
"Longueuil",0.9115193,32.73,13.39,43690
"Longueuil",0.9114125,32.73,13.39,43690
"Longueuil",0.9123662,32.74,13.42,43690
"Longueuil",0.9127019,32.76,13.46,43690
"Longueuil",0.9188614,32.78,13.44,43690
"Longueuil",0.922905,32.77,13.42,43690
"Longueuil",0.9243495,32.77,13.4,43690
"Longueuil",0.9238205,32.79,13.45,43690
"Longueuil",0.925176,32.8,13.4,43690
"Longueuil",0.9262288,32.81,13.38,43690
"Longueuil",0.924118,32.83,13.37,43690
"Longueuil",0.9261703,32.83,13.38,43690
"Longueuil",0.9267476,32.86,13.36,43690
"Longueuil",0.9256566,32.86,13.39,43690
"Longueuil",0.9257533,32.88,13.37,43690
"Longueuil",0.9271266,32.88,13.37,43690
"Longueuil",0.9239604,32.89,13.36,43690
"Longueuil",0.923528,32.9,13.36,43690
"Longueuil",0.9222641,32.9,13.39,43690
"Longueuil",0.924441,32.9,13.4,43690
"Longueuil",0.9242986,32.9,13.36,43690
"Longueuil",0.9230372,32.9,13.33,43690
"Longueuil",0.9223302,32.89,13.36,43690
"Longueuil",0.9208069,32.88,13.34,43690
"Longueuil",0.9175797,32.79,13.31,43690
"Longueuil",0.9201584,32.85,13.28,43690
"Longueuil",0.9193624,32.82,13.32,43690
"Longueuil",0.9184367,32.83,13.32,43690
"Longueuil",0.9209493,32.82,13.32,43690
"Longueuil",0.9175237,32.8,13.33,43690
"Longueuil",0.9186859,32.78,13.31,43690
"Longueuil",0.9195582,32.76,13.33,43690
"Longueuil",0.9186834,32.76,13.34,43690
"Longueuil",0.9193751,32.75,13.36,43690
"Longueuil",0.9204509,32.74,13.38,43690
"Longueuil",0.9211833,32.73,13.36,43690
"Longueuil",0.9191768,32.71,13.38,43690
"Longueuil",0.9211197,32.72,13.4,43690
"Longueuil",0.9198583,32.71,13.36,43690
"Longueuil",0.9211884,32.69,13.38,43690
"Longueuil",0.921992,32.7,13.4,43690
"Longueuil",0.9198176,32.71,13.44,43690
"Longueuil",0.9187291,32.7,13.44,43690
"Longueuil",0.919337,32.69,13.44,43690
"Longueuil",0.9204534,32.7,13.44,43690
"Longueuil",0.9229863,32.71,13.44,43690
"Longueuil",0.9196345,32.71,13.42,43690
"Longueuil",0.9189046,32.71,13.39,43690
"Longueuil",0.9197184,32.72,13.42,43690
"Longueuil",0.9179204,32.72,13.39,43690
"Longueuil",0.9179204,32.73,13.38,43690
"Longueuil",0.9174525,32.74,13.39,43690
"Longueuil",0.9179459,32.74,13.38,43690
"Longueuil",0.9196879,32.75,13.42,43690
"Longueuil",0.9171397,32.77,13.43,43690
"Longueuil",0.9164073,32.81,13.45,43690
"Longueuil",0.9175364,32.79,13.43,43690
"Longueuil",0.9182383,32.8,13.4,43690
"Longueuil",0.9191818,32.81,13.4,43690
"Longueuil",0.9153468,32.81,13.37,43690
"Longueuil",0.9163488,32.82,13.36,43690
"Longueuil",0.9173024,32.84,13.37,43690
"Longueuil",0.9154053,32.84,13.37,43690
"Longueuil",0.9146347,32.85,13.39,43690
"Longueuil",0.9129054,32.85,13.39,43690
"Longueuil",0.9158528,32.87,13.33,43690
"Longueuil",0.9104767,32.87,13.33,43690
"Longueuil",0.9123738,32.86,13.31,43690
"Longueuil",0.9077098,32.86,13.31,43690
"Longueuil",0.9108251,32.85,13.3,43690
"Longueuil",0.9072316,32.84,13.31,43690
"Longueuil",0.9063008,32.84,13.34,43690
"Longueuil",0.9083303,32.85,13.34,43690
"Longueuil",0.9077886,32.83,13.37,43690
"Longueuil",0.907575,32.84,13.34,43690
"Longueuil",0.9061025,32.82,13.33,43690
"Longueuil",0.9063441,32.82,13.37,43690
"Longueuil",0.9067714,32.8,13.36,43690
"Longueuil",0.906194,32.79,13.4,43690
"Longueuil",0.9080276,32.77,13.39,43690
"Longueuil",0.910319,32.74,13.41,43690
"Longueuil",0.9070485,32.74,13.42,43690
"Longueuil",0.9078751,32.72,13.41,43690
"Longueuil",0.9066162,32.71,13.39,43690
"Longueuil",0.9093577,32.69,13.39,43690
"Longueuil",0.9077708,32.67,13.37,43690
"Longueuil",0.9065628,32.66,13.33,43690
"Longueuil",0.9066569,32.67,13.32,43690
"Longueuil",0.9052811,32.64,13.35,43690
"Longueuil",0.907191,32.65,13.35,43690
"Longueuil",0.9059906,32.65,13.33,43690
"Longueuil",0.8989843,32.67,13.36,43690
"Longueuil",0.8967438,32.68,13.36,43690
"Longueuil",0.8968277,32.67,13.33,43690
"Longueuil",0.8954391,32.66,13.34,43690
"Longueuil",0.8949763,32.67,13.31,43690
"Longueuil",0.8959529,32.67,13.28,43690
"Longueuil",0.8977814,32.68,13.28,43690
"Longueuil",0.8944321,32.68,13.29,43690
"Longueuil",0.8948542,32.7,13.31,43690
"Longueuil",0.892128,32.71,13.33,43690
"Longueuil",0.895963,32.73,13.37,43690
"Longueuil",0.892423,32.76,13.39,43690
"Longueuil",0.8913269,32.77,13.39,43690
"Longueuil",0.8931834,32.77,13.37,43690
"Longueuil",0.8934047,32.78,13.35,43690
"Longueuil",0.8921712,32.79,13.33,43690
"Longueuil",0.8899638,32.8,13.36,43690
"Longueuil",0.8905131,32.81,13.34,43690
"Longueuil",0.8911896,32.82,13.35,43690
"Longueuil",0.8901647,32.82,13.33,43690
"Longueuil",0.887975,32.82,13.32,43690
"Longueuil",0.8858922,32.84,13.3,43690
"Longueuil",0.8848648,32.84,13.38,43690
"Longueuil",0.8845825,32.83,13.29,43690
"Longueuil",0.8841553,32.85,13.28,43690
"Longueuil",0.882019,32.84,13.3,43690
"Longueuil",0.8824565,32.85,13.32,43690
"Longueuil",0.8777847,32.84,13.3,43690
"Longueuil",0.8816096,32.85,13.34,43690
"Longueuil",0.8789546,32.83,13.33,43690
"Longueuil",0.8781688,32.81,13.35,43690
"Longueuil",0.8789571,32.8,13.37,43690
"Longueuil",0.8787308,32.8,13.4,43690
"Longueuil",0.8769481,32.79,13.43,43690
"Longueuil",0.8793488,32.72,13.38,43690
"Longueuil",0.8772354,32.73,13.35,43690
"Longueuil",0.878685,32.71,13.38,43690
"Longueuil",0.8787104,32.69,13.42,43690
"Longueuil",0.8785527,32.68,13.33,43690
"Longueuil",0.8766124,32.66,13.34,43690
"Longueuil",0.8767548,32.64,13.34,43690
"Longueuil",0.8756154,32.65,13.34,43690
"Longueuil",0.8740082,32.67,13.37,43690
"Longueuil",0.87721,32.65,13.4,43690
"Longueuil",0.8761571,32.67,13.37,43690
"Longueuil",0.8758647,32.63,13.36,43690
"Longueuil",0.8763759,32.61,13.33,43690
"Longueuil",0.8739573,32.62,13.34,43690
"Longueuil",0.8730265,32.62,13.33,43690
"Longueuil",0.8733419,32.61,13.32,43690
"Longueuil",0.8733978,32.62,13.32,43690
"Longueuil",0.871816,32.63,13.34,43690
"Longueuil",0.8722407,32.64,13.34,43690
"Longueuil",0.8748932,32.65,13.3,43690
"Longueuil",0.8697052,32.65,13.32,43690
"Longueuil",0.8694814,32.66,13.31,43690
"Longueuil",0.8694356,32.68,13.35,43690
"Longueuil",0.8693466,32.69,13.38,43690
"Longueuil",0.867574,32.7,13.37,43690
"Longueuil",0.8681412,32.7,13.36,43690
"Longueuil",0.8680089,32.72,13.37,43690
"Longueuil",0.8689372,32.74,13.34,43690
"Longueuil",0.86984,32.74,13.34,43690
"Longueuil",0.8693746,32.76,13.33,43690
"Longueuil",0.8667145,32.78,13.4,43690
"Longueuil",0.8671163,32.79,13.42,43690
"Longueuil",0.8674342,32.79,13.4,43690
"Longueuil",0.8667603,32.63,13.38,43690
"Longueuil",0.8642705,32.8,13.4,43690
"Longueuil",0.8653691,32.8,13.36,43690
"Longueuil",0.862826,32.78,13.39,43690
"Longueuil",0.8615494,32.8,13.36,43690
"Longueuil",0.8608704,32.79,13.35,43690
"Longueuil",0.8612213,32.78,13.38,43690
"Longueuil",0.8616104,32.79,13.39,43690
"Longueuil",0.8585256,32.77,13.37,43690
"Longueuil",0.8583679,32.75,13.38,43690
"Longueuil",0.860171,32.76,13.41,43690
"Longueuil",0.861145,32.74,13.4,43690
"Longueuil",0.8593776,32.72,13.43,43690
"Longueuil",0.8592173,32.7,13.42,43690
"Longueuil",0.8607356,32.69,13.42,43690
"Longueuil",0.8608017,32.66,13.45,43690
"Longueuil",0.8617757,32.64,13.43,43690
"Longueuil",0.8613179,32.64,13.38,43690
"Longueuil",0.8580093,32.62,13.36,43690
"Longueuil",0.859286,32.62,13.36,43690
"Longueuil",0.8596089,32.61,13.33,43690
"Longueuil",0.8623759,32.6,13.34,43690
"Longueuil",0.8612391,32.58,13.31,43690
"Longueuil",0.8612162,32.59,13.31,43690
"Longueuil",0.8622691,32.59,13.34,43690
"Longueuil",0.8615214,32.59,13.35,43690
"Longueuil",0.8604533,32.61,13.43,43690
"Longueuil",0.858551,32.6,13.4,43690
"Longueuil",0.8603363,32.61,13.43,43690
"Longueuil",0.8567479,32.61,13.4,43690
"Longueuil",0.8589299,32.61,13.37,43690
"Longueuil",0.8586553,32.71,13.34,43690
"Longueuil",0.8548686,32.61,13.33,43690
"Longueuil",0.8569031,32.61,13.33,43690
"Longueuil",0.8559087,32.63,13.34,43690
"Longueuil",0.8569692,32.64,13.39,43690
"Longueuil",0.8583425,32.65,13.34,43690
"Longueuil",0.8551483,32.67,13.33,43690
"Longueuil",0.8534495,32.68,13.33,43690
"Longueuil",0.8545939,32.68,13.31,43690
"Longueuil",0.8561351,32.78,13.3,43690
"Longueuil",0.854332,32.71,13.36,43690
"Longueuil",0.8528824,32.71,13.35,43690
"Longueuil",0.852918,32.73,13.35,43690
"Longueuil",0.8546245,32.74,13.34,43690
"Longueuil",0.8544438,32.74,13.35,43690
"Longueuil",0.8545634,32.75,13.33,43690
"Longueuil",0.8549652,32.77,13.37,43690
"Longueuil",0.8560257,32.79,13.38,43690
"Longueuil",0.8539225,32.81,13.39,43690
"Longueuil",0.8523433,32.83,13.39,43690
"Longueuil",0.8530731,32.85,13.41,43690
"Longueuil",0.8493805,32.85,13.43,43690
"Longueuil",0.8496475,32.85,13.39,43690
"Longueuil",0.8493525,32.77,13.39,43690
"Longueuil",0.8464482,32.86,13.37,43690
"Longueuil",0.8462092,32.86,13.38,43690
"Longueuil",0.8490728,32.87,13.43,43690
"Longueuil",0.8454971,32.86,13.39,43690
"Longueuil",0.8418325,32.85,13.36,43690
"Longueuil",0.8432719,32.84,13.36,43690
"Longueuil",0.8417816,32.84,13.34,43690
"Longueuil",0.838796,32.83,13.32,43690
"Longueuil",0.8380432,32.8,13.35,43690
"Longueuil",0.8410263,32.81,13.34,43690
"Longueuil",0.8394775,32.79,13.31,43690
"Longueuil",0.8398285,32.76,13.31,43690
"Longueuil",0.8392868,32.74,13.31,43690
"Longueuil",0.8415019,32.74,13.33,43690
"Longueuil",0.8434194,32.72,13.31,43690
"Longueuil",0.8420842,32.69,13.28,43690
"Longueuil",0.844279,32.75,13.3,43690
"Longueuil",0.842631,32.68,13.31,43690
"Longueuil",0.8434194,32.72,13.32,43690
"Longueuil",0.8398285,32.67,13.34,43690
"Longueuil",0.8414383,32.66,13.41,43690
"Longueuil",0.84183,32.65,13.36,43690
"Longueuil",0.8417664,32.66,13.39,43690
"Longueuil",0.8405635,32.65,13.38,43690
"Longueuil",0.83697,32.65,13.37,43690
"Longueuil",0.8401616,32.64,13.33,43690
"Longueuil",0.8376744,32.64,13.36,43690
"Longueuil",0.8379415,32.65,13.39,43690
"Longueuil",0.8360367,32.65,13.37,43690
"Longueuil",0.8388062,32.65,13.34,43690
"Longueuil",0.8356781,32.67,13.32,43690
"Longueuil",0.8341217,32.67,13.32,43690
"Longueuil",0.8335978,32.71,13.32,43690
"Longueuil",0.83343,32.69,13.32,43690
"Longueuil",0.8330587,32.72,13.36,43690
"Longueuil",0.8342107,32.72,13.34,43690
"Longueuil",0.8346202,32.74,13.36,43690
"Longueuil",0.831281,32.74,13.36,43690
"Longueuil",0.8309911,32.75,13.38,43690
"Longueuil",0.8294449,32.76,13.35,43690
"Longueuil",0.8271001,32.76,13.37,43690
"Longueuil",0.8271129,32.76,13.36,43690
"Longueuil",0.828537,32.76,13.34,43690
"Longueuil",0.8271815,32.76,13.36,43690
"Longueuil",0.8230667,32.74,13.32,43690
"Longueuil",0.8245671,32.74,13.36,43690
"Longueuil",0.8233871,32.73,13.35,43690
"Longueuil",0.8196614,32.73,13.36,43690
"Longueuil",0.8215383,32.76,13.34,43690
"Longueuil",0.8195877,32.69,13.37,43690
"Longueuil",0.8192062,32.73,13.35,43690
"Longueuil",0.8199565,32.66,13.32,43690
"Longueuil",0.8187663,32.64,13.31,43690
"Longueuil",0.817838,32.62,13.34,43690
"Longueuil",0.8181966,32.61,13.36,43690
"Longueuil",0.8179957,32.6,13.37,43690
"Longueuil",0.8192571,32.59,13.34,43690
"Longueuil",0.8177083,32.58,13.33,43690
"Longueuil",0.8156993,32.58,13.34,43690
"Longueuil",0.8185552,32.57,13.31,43690
"Longueuil",0.8180669,32.55,13.31,43690
"Longueuil",0.8150685,32.56,13.32,43690
"Longueuil",0.8165334,32.55,13.3,43690
"Longueuil",0.8147303,32.57,13.35,43690
"Longueuil",0.8153229,32.57,13.35,43690
"Longueuil",0.8151754,32.57,13.36,43690
"Longueuil",0.8148956,32.58,13.34,43690
"Longueuil",0.8124135,32.59,13.34,43690
"Longueuil",0.8137283,32.59,13.35,43690
"Longueuil",0.8133367,32.59,13.35,43690
"Longueuil",0.8097102,32.62,13.34,43690
"Longueuil",0.8156357,32.6,13.35,43690
"Longueuil",0.8101832,32.61,13.34,43690
"Longueuil",0.8077113,32.63,13.31,43690
"Longueuil",0.8099594,32.64,13.34,43690
"Longueuil",0.8084615,32.65,13.36,43690
"Longueuil",0.8083954,32.66,13.3,43690
"Longueuil",0.8054911,32.69,13.33,43690
"Longueuil",0.8056056,32.69,13.36,43690
"Longueuil",0.8047612,32.71,13.35,43690
"Longueuil",0.8043213,32.73,13.36,43690
"Longueuil",0.8034566,32.74,13.36,43690
"Longueuil",0.8033549,32.75,13.38,43690
"Longueuil",0.8022385,32.75,13.31,43690
"Longueuil",0.7995605,32.76,13.32,43690
"Longueuil",0.799586,32.76,13.31,43690
"Longueuil",0.7974446,32.78,13.34,43690
"Longueuil",0.79864,32.79,13.32,43690
"Longueuil",0.7983907,32.79,13.32,43690
"Longueuil",0.7941132,32.78,13.32,43690
"Longueuil",0.7943751,32.79,13.34,43690
"Longueuil",0.7910538,32.78,13.32,43690
"Longueuil",0.7881419,32.77,13.33,43690
"Longueuil",0.7911097,32.77,13.33,43690
"Longueuil",0.7879995,32.76,13.35,43690
"Longueuil",0.7877935,32.74,13.33,43690
"Longueuil",0.7834854,32.72,13.31,43690
"Longueuil",0.7826564,32.71,13.32,43690
"Longueuil",0.7829335,32.69,13.32,43690
"Longueuil",0.7833837,32.68,13.31,43690
"Longueuil",0.7816417,32.68,13.34,43690
"Longueuil",0.7809321,32.66,13.4,43690
"Longueuil",0.7826487,32.63,13.37,43690
"Longueuil",0.7793071,32.63,13.4,43690
"Longueuil",0.7808329,32.63,13.35,43690
"Longueuil",0.780627,32.61,13.37,43690
"Longueuil",0.780894,32.44,13.39,43690
"Longueuil",0.7804031,32.61,13.39,43690
"Longueuil",0.7785466,32.6,13.34,43690
"Longueuil",0.7774251,32.68,13.36,43690
"Longueuil",0.776563,32.61,13.4,43690
"Longueuil",0.7759781,32.62,13.4,43690
"Longueuil",0.7763926,32.62,13.44,43690
"Longueuil",0.7741343,32.62,13.41,43690
"Longueuil",0.7758052,32.63,13.39,43690
"Longueuil",0.772583,32.65,13.4,43690
"Longueuil",0.7734044,32.63,13.36,43690
"Longueuil",0.7728475,32.66,13.38,43690
"Longueuil",0.7699025,32.66,13.4,43690
"Longueuil",0.7727636,32.68,13.43,43690
"Longueuil",0.7692032,32.7,13.41,43690
"Longueuil",0.7673391,32.7,13.43,43690
"Longueuil",0.7679138,32.7,13.39,43690
"Longueuil",0.7675527,32.71,13.42,43690
"Longueuil",0.76769,32.73,13.45,43690
"Longueuil",0.7671763,32.73,13.43,43690
"Longueuil",0.7643127,32.75,13.42,43690
"Longueuil",0.7639211,32.78,13.44,43690
"Longueuil",0.7629242,32.77,13.38,43690
"Longueuil",0.7625605,32.78,13.41,43690
"Longueuil",0.7628326,32.8,13.44,43690
"Longueuil",0.7587001,32.81,13.43,43690
"Longueuil",0.756012,32.8,13.41,43690
"Longueuil",0.7560527,32.8,13.4,43690
"Longueuil",0.7541453,32.82,13.38,43690
"Longueuil",0.7543716,32.82,13.37,43690
"Longueuil",0.7533442,32.8,13.37,43690
"Longueuil",0.7546743,32.8,13.31,43690
"Longueuil",0.7515895,32.78,13.31,43690
"Longueuil",0.7515081,32.77,13.29,43690
"Longueuil",0.7510884,32.76,13.28,43690
"Longueuil",0.7498423,32.75,13.31,43690
"Longueuil",0.7493947,32.73,13.29,43690
"Longueuil",0.7489217,32.72,13.31,43690
"Longueuil",0.7500941,32.72,13.31,43690
"Longueuil",0.7476909,32.7,13.31,43690
"Longueuil",0.7462413,32.68,13.31,43690
"Longueuil",0.7464066,32.68,13.35,43690
"Longueuil",0.7468796,32.68,13.32,43690
"Longueuil",0.7437312,32.66,13.3,43690
"Longueuil",0.7486903,32.65,13.36,43690
"Longueuil",0.7423604,32.67,13.36,43690
"Longueuil",0.7439244,32.67,13.36,43690
"Longueuil",0.743955,32.67,13.38,43690
"Longueuil",0.7422256,32.69,13.4,43690
"Longueuil",0.742363,32.51,13.44,43690
"Longueuil",0.7419281,32.68,13.42,43690
"Longueuil",0.7412949,32.68,13.43,43690
"Longueuil",0.7396774,32.67,13.43,43690
"Longueuil",0.7423706,32.67,13.44,43690
"Longueuil",0.7408142,32.67,13.44,43690
"Longueuil",0.7396698,32.67,13.42,43690
"Longueuil",0.7370809,32.69,13.4,43690
"Longueuil",0.7385076,32.69,13.42,43690
"Longueuil",0.7346904,32.7,13.42,43690
"Longueuil",0.7345149,32.71,13.45,43690
"Longueuil",0.735438,32.62,13.4,43690
"Longueuil",0.7359441,32.73,13.43,43690
"Longueuil",0.7346318,32.72,13.42,43690
"Longueuil",0.7350693,32.73,13.38,43690
"Longueuil",0.7329102,32.74,13.37,43690
"Longueuil",0.7333501,32.76,13.36,43690
"Longueuil",0.7318039,32.77,13.37,43690
"Longueuil",0.7296346,32.78,13.35,43690
"Longueuil",0.729861,32.79,13.32,43690
"Longueuil",0.7284164,32.81,13.35,43690
"Longueuil",0.727267,32.83,13.37,43690
"Longueuil",0.7260386,32.83,13.42,43690
"Longueuil",0.725914,32.85,13.42,43690
"Longueuil",0.7238057,32.86,13.39,43690
"Longueuil",0.7229843,32.72,13.37,43690
"Longueuil",0.7212219,32.86,13.36,43690
"Longueuil",0.7204564,32.87,13.33,43690
"Longueuil",0.7185923,32.85,13.33,43690
"Longueuil",0.7186458,32.83,13.32,43690
"Longueuil",0.7158712,32.84,13.31,43690
"Longueuil",0.7150574,32.85,13.3,43690
"Longueuil",0.714681,32.84,13.32,43690
"Longueuil",0.7134297,32.84,13.32,43690
"Longueuil",0.7133484,32.81,13.31,43690
"Longueuil",0.7105967,32.8,13.31,43690
"Longueuil",0.7109349,32.79,13.31,43690
"Longueuil",0.7129619,32.78,13.34,43690
"Longueuil",0.7111053,32.77,13.34,43690
"Longueuil",0.7114894,32.76,13.37,43690
"Longueuil",0.7087047,32.75,13.38,43690
"Longueuil",0.7084732,32.73,13.39,43690
"Longueuil",0.7084249,32.72,13.41,43690
"Longueuil",0.7105001,32.7,13.38,43690
"Longueuil",0.7067184,32.68,13.39,43690
"Longueuil",0.7045314,32.68,13.41,43690
"Longueuil",0.7057317,32.67,13.4,43690
"Longueuil",0.7036718,32.67,13.41,43690
"Longueuil",0.7032623,32.67,13.4,43690
"Longueuil",0.7015635,32.65,13.41,43690
"Longueuil",0.7003403,32.67,13.4,43690
"Longueuil",0.7028122,32.67,13.43,43690
"Longueuil",0.7011287,32.66,13.39,43690
"Longueuil",0.7018051,32.66,13.39,43690
"Longueuil",0.7013347,32.66,13.37,43690
"Longueuil",0.6974131,32.65,13.36,43690
"Longueuil",0.6989339,32.66,13.34,43690
"Longueuil",0.696874,32.68,13.3,43690
"Longueuil",0.6954625,32.68,13.3,43690
"Longueuil",0.6946742,32.7,13.3,43690
"Longueuil",0.6940918,32.72,13.35,43690
"Longueuil",0.6956558,32.73,13.33,43690
"Longueuil",0.693723,32.75,13.34,43690
"Longueuil",0.6903254,32.75,13.33,43690
"Longueuil",0.6878102,32.76,13.37,43690
"Longueuil",0.6906916,32.76,13.37,43690
"Longueuil",0.6895879,32.76,13.36,43690
"Longueuil",0.6873474,32.76,13.33,43690
"Longueuil",0.6867879,32.76,13.35,43690
"Longueuil",0.6871236,32.76,13.36,43690
"Longueuil",0.6849747,32.79,13.38,43690
"Longueuil",0.6832504,32.75,13.4,43690
"Longueuil",0.6840541,32.74,13.38,43690
"Longueuil",0.6837158,32.75,13.41,43690
"Longueuil",0.6823985,32.73,13.39,43690
"Longueuil",0.6812286,32.72,13.43,43690
"Longueuil",0.6808141,32.7,13.46,43690
"Longueuil",0.681544,32.69,13.47,43690
"Longueuil",0.6811523,32.66,13.49,43690
"Longueuil",0.6803462,32.64,13.46,43690
"Longueuil",0.6781489,32.64,13.42,43690
"Longueuil",0.67792,32.63,13.45,43690
"Longueuil",0.6782939,32.61,13.41,43690
"Longueuil",0.6799698,32.6,13.41,43690
"Longueuil",0.6782659,32.6,13.36,43690
"Longueuil",0.6776912,32.59,13.37,43690
"Longueuil",0.6761144,32.57,13.34,43690
"Longueuil",0.6750666,32.58,13.31,43690
"Longueuil",0.6759262,32.58,13.32,43690
"Longueuil",0.675972,32.6,13.35,43690
"Longueuil",0.6749547,32.6,13.33,43690
"Longueuil",0.676239,32.61,13.35,43690
"Longueuil",0.6750997,32.63,13.38,43690
"Longueuil",0.6726634,32.62,13.38,43690
"Longueuil",0.6723328,32.64,13.4,43690
"Longueuil",0.6693217,32.65,13.37,43690
"Longueuil",0.6696091,32.66,13.35,43690
"Longueuil",0.6700439,32.67,13.36,43690
"Longueuil",0.6700007,32.66,13.38,43690
"Longueuil",0.6678441,32.67,13.36,43690
"Longueuil",0.6672363,32.7,13.34,43690
"Longueuil",0.6671168,32.69,13.32,43690
"Longueuil",0.6652247,32.7,13.33,43690
"Longueuil",0.664711,32.73,13.33,43690
"Longueuil",0.6631038,32.74,13.31,43690
"Longueuil",0.6660436,32.74,13.31,43690
"Longueuil",0.6648433,32.75,13.3,43690
"Longueuil",0.6629715,32.77,13.31,43690
"Longueuil",0.6636708,32.79,13.33,43690
"Longueuil",0.6628367,32.8,13.35,43690
"Longueuil",0.6641414,32.83,13.34,43690
"Longueuil",0.6617406,32.84,13.41,43690
"Longueuil",0.66377,32.85,13.35,43690
"Longueuil",0.6602961,32.84,13.38,43690
"Longueuil",0.6608378,32.85,13.35,43690
"Longueuil",0.6595357,32.87,13.36,43690
"Longueuil",0.6592255,32.86,13.35,43690
"Longueuil",0.6606013,32.85,13.33,43690
"Longueuil",0.6559525,32.84,13.31,43690
"Longueuil",0.6551946,32.83,13.36,43690
"Longueuil",0.6557312,32.82,13.36,43690
"Longueuil",0.6531499,32.82,13.33,43690
"Longueuil",0.6548589,32.8,13.31,43690
"Longueuil",0.6537603,32.79,13.31,43690
"Longueuil",0.6534271,32.77,13.32,43690
"Longueuil",0.6523819,32.76,13.36,43690
"Longueuil",0.6517944,32.75,13.35,43690
"Longueuil",0.6511357,32.73,13.34,43690
"Longueuil",0.6555583,32.71,13.36,43690
"Longueuil",0.6495845,32.71,13.3,43690
"Longueuil",0.6487554,32.69,13.3,43690
"Longueuil",0.6482849,32.71,13.32,43690
"Longueuil",0.6490682,32.67,13.33,43690
"Longueuil",0.6525116,32.68,13.34,43690
"Longueuil",0.6478246,32.67,13.36,43690
"Longueuil",0.6494853,32.66,13.34,43690
"Longueuil",0.6481679,32.66,13.36,43690
"Longueuil",0.6482544,32.65,13.33,43690
"Longueuil",0.6501846,32.66,13.32,43690
"Longueuil",0.6473897,32.65,13.3,43690
"Longueuil",0.6483256,32.66,13.33,43690
"Longueuil",0.6483968,32.68,13.35,43690
"Longueuil",0.6493988,32.46,13.4,43690
"Longueuil",0.6484655,32.67,13.36,43690
"Longueuil",0.6485316,32.71,13.35,43690
"Longueuil",0.6472346,32.7,13.36,43690
"Longueuil",0.6477661,32.7,13.35,43690
"Longueuil",0.6458461,32.7,13.37,43690
"Longueuil",0.6464284,32.73,13.35,43690
"Longueuil",0.6421559,32.73,13.4,43690
"Longueuil",0.6428477,32.79,13.39,43690
"Longueuil",0.6419601,32.75,13.34,43690
"Longueuil",0.6417668,32.75,13.37,43690
"Longueuil",0.641154,32.76,13.34,43690
"Longueuil",0.6397069,32.77,13.32,43690
"Longueuil",0.6381709,32.78,13.32,43690
"Longueuil",0.6399333,32.78,13.33,43690
"Longueuil",0.6363525,32.79,13.31,43690
"Longueuil",0.6407598,32.81,13.32,43690
"Longueuil",0.6373291,32.82,13.34,43690
"Longueuil",0.6377996,32.84,13.37,43690
"Longueuil",0.6337357,32.86,13.39,43690
"Longueuil",0.6364619,32.86,13.36,43690
"Longueuil",0.6342189,32.89,13.39,43690
"Longueuil",0.6349818,32.75,13.42,43690
"Longueuil",0.6344731,32.89,13.39,43690
"Longueuil",0.6343053,32.88,13.39,43690
"Longueuil",0.631101,32.87,13.41,43690
"Longueuil",0.6308162,32.87,13.42,43690
"Longueuil",0.6315308,32.85,13.4,43690
"Longueuil",0.6301219,32.84,13.36,43690
"Longueuil",0.6289164,32.83,13.35,43690
"Longueuil",0.6288452,32.82,13.36,43690
"Longueuil",0.6252721,32.81,13.37,43690
"Longueuil",0.6258392,32.78,13.33,43690
"Longueuil",0.6254857,32.76,13.36,43690
"Longueuil",0.626442,32.74,13.34,43690
"Longueuil",0.6263478,32.73,13.33,43690
"Longueuil",0.6243947,32.71,13.39,43690
"Longueuil",0.6222966,32.7,13.37,43690
"Longueuil",0.6227468,32.68,13.4,43690
"Longueuil",0.6227264,32.68,13.39,43690
"Longueuil",0.6216583,32.7,13.39,43690
"Longueuil",0.6235072,32.68,13.4,43690
"Longueuil",0.6224213,32.65,13.35,43690
"Longueuil",0.6231435,32.65,13.36,43690
"Longueuil",0.6225331,32.66,13.36,43690
"Longueuil",0.6211192,32.65,13.4,43690
"Longueuil",0.6215515,32.68,13.38,43690
"Longueuil",0.6234207,32.64,13.34,43690
"Longueuil",0.62308,32.63,13.32,43690
"Longueuil",0.6234614,32.63,13.32,43690
"Longueuil",0.6206436,32.63,13.33,43690
"Longueuil",0.6225917,32.65,13.31,43690
"Longueuil",0.619873,32.65,13.3,43690
"Longueuil",0.6223018,32.67,13.3,43690
"Longueuil",0.6202214,32.68,13.29,43690
"Longueuil",0.6184819,32.69,13.32,43690
"Longueuil",0.6207454,32.7,13.33,43690
"Longueuil",0.6184082,32.7,13.34,43690
"Longueuil",0.6177012,32.73,13.36,43690
"Longueuil",0.6172765,32.73,13.31,43690
"Longueuil",0.617368,32.74,13.34,43690
"Longueuil",0.6166916,32.75,13.3,43690
"Longueuil",0.6157176,32.75,13.33,43690
"Longueuil",0.6118393,32.78,13.3,43690
"Longueuil",0.6124496,32.79,13.33,43690
"Longueuil",0.6125488,32.8,13.34,43690
"Longueuil",0.612592,32.82,13.34,43690
"Longueuil",0.6089528,32.83,13.39,43690
"Longueuil",0.6081288,32.83,13.33,43690
"Longueuil",0.6068344,32.83,13.35,43690
"Longueuil",0.6092504,32.84,13.35,43690
"Longueuil",0.6085129,32.84,13.34,43690
"Longueuil",0.6072413,32.83,13.33,43690
"Longueuil",0.6070048,32.83,13.32,43690
"Longueuil",0.6067836,32.82,13.32,43690
"Longueuil",0.6053899,32.82,13.34,43690
"Longueuil",0.6070175,32.81,13.3,43690
"Longueuil",0.6079509,32.8,13.32,43690
"Longueuil",0.6046168,32.79,13.28,43690
"Longueuil",0.6061681,32.77,13.31,43690
"Longueuil",0.6040624,32.75,13.33,43690
"Longueuil",0.6049779,32.74,13.35,43690
"Longueuil",0.6075821,32.73,13.36,43690
"Longueuil",0.6026637,32.7,13.36,43690
"Longueuil",0.6024119,32.69,13.33,43690
"Longueuil",0.6018727,32.67,13.34,43690
"Longueuil",0.6060435,32.67,13.34,43690
"Longueuil",0.6024221,32.66,13.3,43690
"Longueuil",0.6030121,32.67,13.35,43690
"Longueuil",0.6034139,32.65,13.32,43690
"Longueuil",0.6023152,32.65,13.3,43690
"Longueuil",0.603775,32.65,13.33,43690
"Longueuil",0.6026103,32.64,13.33,43690
"Longueuil",0.6030121,32.64,13.34,43690
"Longueuil",0.6062368,32.66,13.32,43690
"Longueuil",0.6049855,32.63,13.34,43690
"Longueuil",0.6047287,32.64,13.33,43690
"Longueuil",0.6046906,32.66,13.34,43690
"Longueuil",0.6059291,32.66,13.37,43690
"Longueuil",0.6047032,32.66,13.34,43690
"Longueuil",0.6064987,32.68,13.34,43690
"Longueuil",0.6042125,32.66,13.35,43690
"Longueuil",0.6059596,32.69,13.37,43690
"Longueuil",0.6041514,32.7,13.38,43690
"Longueuil",0.6014786,32.71,13.36,43690
"Longueuil",0.6017838,32.71,13.38,43690
"Longueuil",0.6003342,32.73,13.37,43690
"Longueuil",0.6001104,32.56,13.35,43690
"Longueuil",0.6010844,32.75,13.39,43690
"Longueuil",0.6005325,32.76,13.36,43690
"Longueuil",0.5978317,32.75,13.35,43690
"Longueuil",0.6001002,32.77,13.37,43690
"Longueuil",0.5972417,32.78,13.33,43690
"Longueuil",0.5958786,32.8,13.31,43690
"Longueuil",0.5946376,32.79,13.3,43690
"Longueuil",0.5952861,32.78,13.3,43690
"Longueuil",0.5947876,32.78,13.3,43690
"Longueuil",0.5941899,32.79,13.33,43690
"Longueuil",0.5951182,32.78,13.34,43690
"Longueuil",0.5932236,32.76,13.34,43690
"Longueuil",0.595047,32.75,13.35,43690
"Longueuil",0.5942739,32.76,13.41,43690
"Longueuil",0.5939484,32.75,13.36,43690
"Longueuil",0.5944087,32.73,13.35,43690
"Longueuil",0.5965627,32.71,13.34,43690
"Longueuil",0.5987065,32.69,13.33,43690
"Longueuil",0.5961711,32.66,13.3,43690
"Longueuil",0.597496,32.66,13.34,43690
"Longueuil",0.5992508,32.64,13.32,43690
"Longueuil",0.5998306,32.63,13.31,43690
"Longueuil",0.5975952,32.62,13.31,43690
"Longueuil",0.5974706,32.62,13.32,43690
"Longueuil",0.5966695,32.62,13.31,43690
"Longueuil",0.5963542,32.6,13.31,43690
"Longueuil",0.5952759,32.61,13.31,43690
"Longueuil",0.5959396,32.61,13.34,43690
"Longueuil",0.5934957,32.41,13.37,43690
"Longueuil",0.5938746,32.63,13.38,43690
"Longueuil",0.5937119,32.64,13.36,43690
"Longueuil",0.5921351,32.63,13.35,43690
"Longueuil",0.5931956,32.64,13.33,43690
"Longueuil",0.5924377,32.69,13.36,43690
"Longueuil",0.5940679,32.65,13.34,43690
"Longueuil",0.5907262,32.65,13.35,43690
"Longueuil",0.5920563,32.7,13.39,43690
"Longueuil",0.5912603,32.72,13.38,43690
"Longueuil",0.5930583,32.71,13.36,43690
"Longueuil",0.5941772,32.72,13.4,43690
"Longueuil",0.5942256,32.72,13.37,43690
"Longueuil",0.5964076,32.73,13.38,43690
"Longueuil",0.5954234,32.73,13.4,43690
"Longueuil",0.5989761,32.76,13.41,43690
"Longueuil",0.5969086,32.77,13.39,43690
"Longueuil",0.5966161,32.77,13.38,43690
"Longueuil",0.5971171,32.78,13.34,43690
"Longueuil",0.594841,32.79,13.35,43690
"Longueuil",0.5988312,32.8,13.34,43690
"Longueuil",0.5971807,32.82,13.35,43690
"Longueuil",0.5982819,32.83,13.37,43690
"Longueuil",0.596873,32.83,13.33,43690
"Longueuil",0.5954717,32.84,13.29,43690
"Longueuil",0.5974274,32.87,13.33,43690
"Longueuil",0.5960591,32.77,13.31,43690
"Longueuil",0.5962067,32.89,13.32,43690
"Longueuil",0.5970739,32.91,13.32,43690
"Longueuil",0.5963567,32.91,13.3,43690
"Longueuil",0.5965245,32.92,13.31,43690
"Longueuil",0.5963491,32.92,13.34,43690
"Longueuil",0.6001256,32.94,13.39,43690
"Longueuil",0.597903,32.94,13.37,43690
"Longueuil",0.5960566,32.92,13.35,43690
"Longueuil",0.6007233,32.92,13.34,43690
"Longueuil",0.5976079,32.9,13.33,43690
"Longueuil",0.5967407,32.91,13.39,43690
"Longueuil",0.5943782,32.89,13.38,43690
"Longueuil",0.592687,32.88,13.42,43690
"Longueuil",0.5960109,32.67,13.43,43690
"Longueuil",0.5948563,32.85,13.4,43690
"Longueuil",0.5926234,32.83,13.37,43690
"Longueuil",0.5935847,32.8,13.35,43690
"Longueuil",0.5933049,32.79,13.36,43690
"Longueuil",0.5925115,32.78,13.39,43690
"Longueuil",0.5913365,32.76,13.39,43690
"Longueuil",0.5881627,32.76,13.43,43690
"Longueuil",0.5896301,32.74,13.41,43690
"Longueuil",0.5873387,32.72,13.41,43690
"Longueuil",0.5877507,32.71,13.43,43690
"Longueuil",0.586263,32.69,13.44,43690
"Longueuil",0.5874837,32.69,13.43,43690
"Longueuil",0.5885468,32.7,13.4,43690
"Longueuil",0.5860799,32.69,13.37,43690
"Longueuil",0.5852127,32.69,13.37,43690
"Longueuil",0.5876134,32.7,13.39,43690
"Longueuil",0.5860698,32.7,13.4,43690
"Longueuil",0.5864537,32.7,13.44,43690
"Longueuil",0.5872574,32.72,13.47,43690
"Longueuil",0.5873489,32.72,13.42,43690
"Longueuil",0.5860392,32.71,13.44,43690
"Longueuil",0.5872472,32.71,13.4,43690
"Longueuil",0.5864385,32.73,13.4,43690
"Longueuil",0.5846125,32.72,13.39,43690
"Longueuil",0.5851339,32.74,13.37,43690
"Longueuil",0.5841599,32.74,13.37,43690
"Longueuil",0.5837148,32.75,13.36,43690
"Longueuil",0.5836029,32.75,13.39,43690
"Longueuil",0.5809123,32.77,13.41,43690
"Longueuil",0.5812988,32.78,13.41,43690
"Longueuil",0.5815582,32.81,13.43,43690
"Longueuil",0.5823237,32.81,13.44,43690
"Longueuil",0.5798213,32.82,13.45,43690
"Longueuil",0.5800807,32.83,13.43,43690
"Longueuil",0.5777003,32.84,13.42,43690
"Longueuil",0.5770772,32.84,13.45,43690
"Longueuil",0.5803807,32.85,13.41,43690
"Longueuil",0.5750783,32.86,13.4,43690
"Longueuil",0.577919,32.87,13.43,43690
"Longueuil",0.574234,32.89,13.44,43690
"Longueuil",0.5735321,32.72,13.44,43690
"Longueuil",0.5730133,32.89,13.4,43690
"Longueuil",0.5720571,32.87,13.42,43690
"Longueuil",0.5691452,32.86,13.41,43690
"Longueuil",0.5701675,32.85,13.39,43690
"Longueuil",0.5682119,32.84,13.39,43690
"Longueuil",0.5663173,32.83,13.41,43690
"Longueuil",0.5643336,32.81,13.41,43690
"Longueuil",0.5639445,32.8,13.43,43690
"Longueuil",0.5640386,32.79,13.39,43690
"Longueuil",0.5631714,32.75,13.38,43690
"Longueuil",0.5631307,32.75,13.36,43690
"Longueuil",0.5636139,32.73,13.36,43690
"Longueuil",0.562205,32.71,13.4,43690
"Longueuil",0.5610199,32.7,13.39,43690
"Longueuil",0.5597789,32.7,13.39,43690
"Longueuil",0.5583217,32.69,13.39,43690
"Longueuil",0.5594915,32.67,13.43,43690
"Longueuil",0.5584386,32.67,13.41,43690
"Longueuil",0.5604477,32.67,13.41,43690
"Longueuil",0.5614344,32.67,13.39,43690
"Longueuil",0.5635529,32.67,13.39,43690
"Longueuil",0.5613582,32.68,13.36,43690
"Longueuil",0.5630748,32.65,13.38,43690
"Longueuil",0.5634308,32.67,13.36,43690
"Longueuil",0.56471,32.66,13.34,43690
"Longueuil",0.5654246,32.67,13.37,43690
"Longueuil",0.5689214,32.66,13.31,43690
"Longueuil",0.5693741,32.67,13.31,43690
"Longueuil",0.5698903,32.67,13.31,43690
"Longueuil",0.5684993,32.68,13.33,43690
"Longueuil",0.5671361,32.7,13.31,43690
"Longueuil",0.568634,32.71,13.32,43690
"Longueuil",0.5683162,32.73,13.36,43690
"Longueuil",0.5675278,32.74,13.39,43690
"Longueuil",0.5686086,32.76,13.42,43690
"Longueuil",0.5681483,32.77,13.39,43690
"Longueuil",0.5679805,32.77,13.44,43690
"Longueuil",0.5656764,32.78,13.39,43690
"Longueuil",0.5664113,32.78,13.42,43690
"Longueuil",0.5647939,32.79,13.37,43690
"Longueuil",0.5623042,32.81,13.4,43690
"Longueuil",0.5616964,32.81,13.37,43690
"Longueuil",0.5587056,32.81,13.35,43690
"Longueuil",0.5572154,32.81,13.32,43690
"Longueuil",0.5582097,32.82,13.34,43690
"Longueuil",0.5578511,32.83,13.35,43690
"Longueuil",0.5590795,32.84,13.41,43690
"Longueuil",0.5589193,32.85,13.36,43690
"Longueuil",0.5548274,32.86,13.39,43690
"Longueuil",0.5553894,32.83,13.41,43690
"Longueuil",0.5587031,32.84,13.39,43690
"Longueuil",0.5579198,32.85,13.42,43690
"Longueuil",0.5589498,32.82,13.4,43690
"Longueuil",0.5568848,32.8,13.39,43690
"Longueuil",0.5570755,32.81,13.38,43690
"Longueuil",0.5560125,32.79,13.34,43690
"Longueuil",0.5545654,32.8,13.31,43690
"Longueuil",0.5547765,32.74,13.31,43690
"Longueuil",0.5564525,32.72,13.33,43690
"Longueuil",0.5550181,32.71,13.35,43690
"Longueuil",0.5536702,32.72,13.41,43690
"Longueuil",0.5564041,32.72,13.42,43690
"Longueuil",0.5553386,32.7,13.42,43690
"Longueuil",0.5547256,32.68,13.45,43690
"Longueuil",0.5548528,32.68,13.46,43690
"Longueuil",0.5524852,32.67,13.42,43690
"Longueuil",0.5530167,32.66,13.41,43690
"Longueuil",0.5536931,32.66,13.43,43690
"Longueuil",0.5517934,32.65,13.45,43690
"Longueuil",0.5516891,32.65,13.41,43690
"Longueuil",0.553009,32.64,13.43,43690
"Longueuil",0.5533803,32.65,13.4,43690
"Longueuil",0.5539322,32.65,13.37,43690
"Longueuil",0.5540339,32.65,13.34,43690
"Longueuil",0.5559082,32.65,13.36,43690
"Longueuil",0.5584259,32.65,13.34,43690
"Longueuil",0.5604477,32.66,13.34,43690
"Longueuil",0.5611598,32.65,13.32,43690
"Longueuil",0.5597458,32.66,13.33,43690
"Longueuil",0.5621465,32.69,13.35,43690
"Longueuil",0.5616379,32.69,13.38,43690
"Longueuil",0.561554,32.71,13.33,43690
"Longueuil",0.5618515,32.72,13.33,43690
"Longueuil",0.5616786,32.74,13.35,43690
"Longueuil",0.5594457,32.74,13.36,43690
"Longueuil",0.5603943,32.76,13.39,43690
"Longueuil",0.5563939,32.76,13.39,43690
"Longueuil",0.5570475,32.77,13.35,43690
"Longueuil",0.5585276,32.78,13.38,43690
"Longueuil",0.5567322,32.8,13.36,43690
"Longueuil",0.5539882,32.8,13.36,43690
"Longueuil",0.5515264,32.83,13.38,43690
"Longueuil",0.551651,32.83,13.39,43690
"Longueuil",0.5524114,32.85,13.37,43690
"Longueuil",0.5484924,32.85,13.39,43690
"Longueuil",0.5469691,32.87,13.42,43690
"Longueuil",0.5480423,32.86,13.41,43690
"Longueuil",0.54791,32.85,13.37,43690
"Longueuil",0.5464427,32.84,13.38,43690
"Longueuil",0.547498,32.84,13.33,43690
"Longueuil",0.5473683,32.85,13.36,43690
"Longueuil",0.5483704,32.83,13.34,43690
"Longueuil",0.546847,32.81,13.35,43690
"Longueuil",0.5508525,32.8,13.33,43690
"Longueuil",0.5487697,32.77,13.31,43690
"Longueuil",0.5472361,32.75,13.31,43690
"Longueuil",0.5501353,32.73,13.33,43690
"Longueuil",0.5491664,32.72,13.34,43690
"Longueuil",0.550354,32.72,13.37,43690
"Longueuil",0.5485128,32.7,13.37,43690
"Longueuil",0.5487035,32.69,13.37,43690
"Longueuil",0.5484746,32.67,13.38,43690
"Longueuil",0.5465291,32.68,13.37,43690
"Longueuil",0.5458934,32.68,13.4,43690
"Longueuil",0.5439987,32.68,13.44,43690
"Longueuil",0.5391642,32.67,13.45,43690
"Longueuil",0.5400187,32.66,13.43,43690
"Longueuil",0.5396602,32.66,13.41,43690
"Longueuil",0.5410207,32.7,13.43,43690
"Longueuil",0.5392761,32.65,13.41,43690
"Longueuil",0.5387242,32.65,13.44,43690
"Longueuil",0.535497,32.66,13.44,43690
"Longueuil",0.5374044,32.65,13.38,43690
"Longueuil",0.5369899,32.66,13.36,43690
"Longueuil",0.5364431,32.66,13.39,43690
"Longueuil",0.5384013,32.67,13.4,43690
"Longueuil",0.5380757,32.68,13.41,43690
"Longueuil",0.5362346,32.7,13.41,43690
"Longueuil",0.5371119,32.72,13.4,43690
"Longueuil",0.5378698,32.71,13.42,43690
"Longueuil",0.540741,32.72,13.41,43690
"Longueuil",0.5393295,32.73,13.37,43690
"Longueuil",0.5399857,32.73,13.34,43690
"Longueuil",0.539093,32.74,13.38,43690
"Longueuil",0.5388005,32.75,13.39,43690
"Longueuil",0.5371297,32.76,13.36,43690
"Longueuil",0.537173,32.78,13.38,43690
"Longueuil",0.5347443,32.77,13.35,43690
"Longueuil",0.5342305,32.77,13.31,43690
"Longueuil",0.5345561,32.77,13.33,43690
"Longueuil",0.5325444,32.79,13.36,43690
"Longueuil",0.5334549,32.82,13.34,43690
"Longueuil",0.5307236,32.84,13.36,43690
"Longueuil",0.5280889,32.83,13.33,43690
"Longueuil",0.5270564,32.85,13.34,43690
"Longueuil",0.5260112,32.85,13.35,43690
"Longueuil",0.525088,32.85,13.38,43690
"Longueuil",0.5238647,32.85,13.44,43690
"Longueuil",0.5262578,32.86,13.42,43690
"Longueuil",0.526736,32.84,13.39,43690
"Longueuil",0.5225042,32.84,13.36,43690
"Longueuil",0.5228526,32.83,13.38,43690
"Longueuil",0.5244802,32.73,13.4,43690
"Longueuil",0.5245692,32.8,13.37,43690
"Longueuil",0.5260798,32.78,13.4,43690
"Longueuil",0.5271683,32.76,13.36,43690
"Longueuil",0.5260569,32.75,13.37,43690
"Longueuil",0.5305608,32.72,13.4,43690
"Longueuil",0.5290756,32.72,13.37,43690
"Longueuil",0.5266266,32.71,13.36,43690
"Longueuil",0.5279388,32.7,13.36,43690
"Longueuil",0.5292206,32.69,13.39,43690
"Longueuil",0.529185,32.69,13.42,43690
"Longueuil",0.5271378,32.67,13.38,43690
"Longueuil",0.5274531,32.67,13.37,43690
"Longueuil",0.5259628,32.67,13.4,43690
"Longueuil",0.5263926,32.68,13.37,43690
"Longueuil",0.5253245,32.65,13.36,43690
"Longueuil",0.5246735,32.64,13.34,43690
"Longueuil",0.5239944,32.63,13.33,43690
"Longueuil",0.5232289,32.62,13.29,43690
"Longueuil",0.5241368,32.64,13.27,43690
"Longueuil",0.5237122,32.65,13.3,43690
"Longueuil",0.5258586,32.65,13.27,43690
"Longueuil",0.5256042,32.67,13.28,43690
"Longueuil",0.5262731,32.69,13.3,43690
"Longueuil",0.527888,32.7,13.29,43690
"Longueuil",0.5258306,32.72,13.35,43690
"Longueuil",0.5279287,32.73,13.33,43690
"Longueuil",0.5250702,32.76,13.39,43690
"Longueuil",0.5251744,32.77,13.37,43690
"Longueuil",0.5237503,32.75,13.33,43690
"Longueuil",0.5243607,32.76,13.32,43690
"Longueuil",0.5234172,32.59,13.31,43690
"Longueuil",0.5214081,32.72,13.3,43690
"Longueuil",0.5196965,32.8,13.34,43690
"Longueuil",0.5191548,32.8,13.37,43690
"Longueuil",0.5184047,32.82,13.39,43690
"Longueuil",0.5161591,32.82,13.34,43690
"Longueuil",0.5145009,32.82,13.34,43690
"Longueuil",0.5105057,32.83,13.41,43690
"Longueuil",0.5128479,32.83,13.39,43690
"Longueuil",0.5117467,32.83,13.37,43690
"Longueuil",0.5098775,32.82,13.38,43690
"Longueuil",0.5116704,32.82,13.4,43690
"Longueuil",0.5117722,32.81,13.36,43690
"Longueuil",0.5108388,32.81,13.36,43690
"Longueuil",0.5104802,32.78,13.34,43690
"Longueuil",0.5121358,32.76,13.35,43690
"Longueuil",0.5137253,32.76,13.35,43690
"Longueuil",0.5151952,32.73,13.37,43690
"Longueuil",0.5162989,32.71,13.35,43690
"Longueuil",0.516126,32.71,13.34,43690
"Longueuil",0.5151469,32.68,13.31,43690
"Longueuil",0.5185216,32.66,13.32,43690
"Longueuil",0.5154724,32.67,13.35,43690
"Longueuil",0.5155106,32.65,13.34,43690
"Longueuil",0.5165583,32.64,13.3,43690
"Longueuil",0.5153987,32.63,13.31,43690
"Longueuil",0.5133489,32.63,13.33,43690
"Longueuil",0.5124766,32.75,13.36,43690
"Longueuil",0.5106481,32.63,13.35,43690
"Longueuil",0.5111033,32.63,13.39,43690
"Longueuil",0.5098114,32.63,13.4,43690
"Longueuil",0.5086085,32.63,13.38,43690
"Longueuil",0.507314,32.64,13.4,43690
"Longueuil",0.5058848,32.63,13.35,43690
"Longueuil",0.506663,32.63,13.37,43690
"Longueuil",0.5069733,32.65,13.34,43690
"Longueuil",0.5072963,32.67,13.37,43690
"Longueuil",0.5076625,32.67,13.4,43690
"Longueuil",0.5065944,32.68,13.4,43690
"Longueuil",0.5080922,32.68,13.35,43690
"Longueuil",0.5085271,32.69,13.36,43690
"Longueuil",0.5070089,32.71,13.37,43690
"Longueuil",0.5082296,32.71,13.41,43690
"Longueuil",0.5096563,32.79,13.39,43690
"Longueuil",0.5110295,32.73,13.4,43690
"Longueuil",0.509819,32.74,13.39,43690
"Longueuil",0.5113907,32.75,13.38,43690
"Longueuil",0.513415,32.76,13.35,43690
"Longueuil",0.5126546,32.77,13.34,43690
"Longueuil",0.5109355,32.78,13.35,43690
"Longueuil",0.5097275,32.79,13.36,43690
"Longueuil",0.5085322,32.82,13.34,43690
"Longueuil",0.5051982,32.82,13.38,43690
"Longueuil",0.5016454,32.83,13.36,43690
"Longueuil",0.5002492,32.84,13.37,43690
"Longueuil",0.5029526,32.85,13.35,43690
"Longueuil",0.5014165,32.84,13.36,43690
"Longueuil",0.4987335,32.84,13.35,43690
"Longueuil",0.4977722,32.82,13.32,43690
"Longueuil",0.4952291,32.83,13.31,43690
"Longueuil",0.4938609,32.83,13.34,43690
"Longueuil",0.4940313,32.83,13.35,43690
"Longueuil",0.4927699,32.8,13.35,43690
"Longueuil",0.4932658,32.8,13.35,43690
"Longueuil",0.4944941,32.77,13.35,43690
"Longueuil",0.4912415,32.75,13.32,43690
"Longueuil",0.4920502,32.73,13.31,43690
"Longueuil",0.4957809,32.73,13.34,43690
"Longueuil",0.4947306,32.71,13.35,43690
"Longueuil",0.4949468,32.68,13.31,43690
"Longueuil",0.4965083,32.68,13.31,43690
"Longueuil",0.496755,32.73,13.34,43690
"Longueuil",0.4974162,32.64,13.36,43690
"Longueuil",0.5000737,32.65,13.37,43690
"Longueuil",0.4982427,32.65,13.34,43690
"Longueuil",0.4968211,32.7,13.3,43690
"Longueuil",0.4977926,32.62,13.3,43690
"Longueuil",0.4940694,32.63,13.31,43690
"Longueuil",0.4935938,32.63,13.31,43690
"Longueuil",0.4931284,32.63,13.31,43690
"Longueuil",0.4945704,32.64,13.32,43690
"Longueuil",0.4928411,32.64,13.32,43690
"Longueuil",0.492981,32.64,13.33,43690
"Longueuil",0.4924367,32.65,13.35,43690
"Longueuil",0.492513,32.69,13.34,43690
"Longueuil",0.4906413,32.69,13.34,43690
"Longueuil",0.4899597,32.7,13.34,43690
"Longueuil",0.4907023,32.7,13.34,43690
"Longueuil",0.4910558,32.71,13.31,43690
"Longueuil",0.4899877,32.71,13.31,43690
"Longueuil",0.4926834,32.71,13.31,43690
"Longueuil",0.4910049,32.73,13.32,43690
"Longueuil",0.491862,32.75,13.35,43690
"Longueuil",0.4920756,32.75,13.32,43690
"Longueuil",0.4935404,32.77,13.33,43690
"Longueuil",0.4960683,32.78,13.31,43690
"Longueuil",0.4965769,32.79,13.32,43690
"Longueuil",0.4960047,32.81,13.34,43690
"Longueuil",0.497434,32.83,13.32,43690
"Longueuil",0.4968211,32.81,13.33,43690
"Longueuil",0.498024,32.83,13.3,43690
"Longueuil",0.5000916,32.84,13.34,43690
"Longueuil",0.500117,32.84,13.34,43690
"Longueuil",0.4985835,32.83,13.36,43690
"Longueuil",0.4973195,32.84,13.34,43690
"Longueuil",0.4980596,32.82,13.31,43690
"Longueuil",0.4972254,32.82,13.32,43690
"Longueuil",0.5001552,32.82,13.34,43690
"Longueuil",0.4984868,32.82,13.36,43690
"Longueuil",0.496844,32.8,13.36,43690
"Longueuil",0.4998474,32.79,13.36,43690
"Longueuil",0.4968008,32.79,13.39,43690
"Longueuil",0.4977188,32.76,13.39,43690
"Longueuil",0.4989828,32.75,13.42,43690
"Longueuil",0.4990896,32.73,13.42,43690
"Longueuil",0.5012334,32.72,13.4,43690
"Longueuil",0.5018234,32.69,13.39,43690
"Longueuil",0.5050609,32.68,13.36,43690
"Longueuil",0.5070089,32.68,13.36,43690
"Longueuil",0.5050634,32.65,13.36,43690
"Longueuil",0.5057576,32.65,13.41,43690
"Longueuil",0.5137812,32.67,13.39,43690
"Longueuil",0.5139923,32.67,13.42,43690
"Longueuil",0.5114797,32.66,13.39,43690
"Longueuil",0.5161769,32.66,13.42,43690
"Longueuil",0.5126165,32.67,13.39,43690
"Longueuil",0.5171916,32.66,13.36,43690
"Longueuil",0.5166575,32.66,13.33,43690
"Longueuil",0.5176163,32.68,13.35,43690
"Longueuil",0.5180664,32.71,13.37,43690
"Longueuil",0.5185471,32.67,13.33,43690
"Longueuil",0.5172246,32.69,13.3,43690
"Longueuil",0.5182343,32.69,13.33,43690
"Longueuil",0.5197118,32.71,13.34,43690
"Longueuil",0.5174357,32.71,13.33,43690
"Longueuil",0.5198796,32.72,13.32,43690
"Longueuil",0.5194575,32.73,13.32,43690
"Longueuil",0.5184377,32.74,13.31,43690
"Longueuil",0.516922,32.75,13.31,43690
"Longueuil",0.517278,32.76,13.33,43690
"Longueuil",0.5192235,32.78,13.37,43690
"Longueuil",0.5184072,32.8,13.38,43690
"Longueuil",0.5160319,32.81,13.42,43690
"Longueuil",0.5182521,32.82,13.37,43690
"Longueuil",0.5188217,32.84,13.42,43690
"Longueuil",0.5195668,32.86,13.43,43690
"Longueuil",0.5229034,32.86,13.44,43690
"Longueuil",0.5232951,32.87,13.44,43690
"Longueuil",0.5238546,32.87,13.41,43690
"Longueuil",0.5252253,32.88,13.39,43690
"Longueuil",0.5226161,32.88,13.43,43690
"Longueuil",0.5256398,32.88,13.39,43690
"Longueuil",0.524826,32.89,13.36,43690
"Longueuil",0.5254237,32.88,13.33,43690
"Longueuil",0.5265121,32.89,13.36,43690
"Longueuil",0.5291824,32.87,13.39,43690
"Longueuil",0.5274327,32.87,13.38,43690
"Longueuil",0.5284093,32.84,13.37,43690
"Longueuil",0.5274327,32.84,13.36,43690
"Longueuil",0.5298615,32.83,13.33,43690
"Longueuil",0.5293452,32.79,13.35,43690
"Longueuil",0.5284576,32.79,13.33,43690
"Longueuil",0.5309117,32.77,13.34,43690
"Longueuil",0.533343,32.75,13.31,43690
"Longueuil",0.5298233,32.72,13.31,43690
"Longueuil",0.5328674,32.73,13.35,43690
"Longueuil",0.5305634,32.72,13.33,43690
"Longueuil",0.5333557,32.7,13.31,43690
"Longueuil",0.5329539,32.69,13.32,43690
"Longueuil",0.5346476,32.68,13.34,43690
"Longueuil",0.5370483,32.68,13.33,43690
"Longueuil",0.5355835,32.67,13.32,43690
"Longueuil",0.5366185,32.67,13.32,43690
"Longueuil",0.538887,32.68,13.33,43690
"Longueuil",0.5396652,32.67,13.34,43690
"Longueuil",0.5431035,32.68,13.33,43690
"Longueuil",0.5421753,32.69,13.34,43690
"Longueuil",0.5431239,32.7,13.33,43690
"Longueuil",0.5449524,32.71,13.38,43690
"Longueuil",0.5445735,32.72,13.35,43690
"Longueuil",0.5447896,32.72,13.34,43690
"Longueuil",0.5474523,32.74,13.37,43690
"Longueuil",0.5480652,32.62,13.33,43690
"Longueuil",0.5508499,32.76,13.37,43690
"Longueuil",0.5490748,32.76,13.38,43690
"Longueuil",0.5514348,32.78,13.36,43690
"Longueuil",0.5522385,32.79,13.37,43690
"Longueuil",0.551178,32.78,13.39,43690
"Longueuil",0.5531438,32.79,13.37,43690
"Longueuil",0.5546417,32.79,13.37,43690
"Longueuil",0.5547664,32.81,13.36,43690
"Longueuil",0.5536804,32.84,13.38,43690
"Longueuil",0.5536321,32.84,13.38,43690
"Longueuil",0.5534108,32.84,13.36,43690
"Longueuil",0.5544713,32.85,13.37,43690
"Longueuil",0.5544383,32.88,13.39,43690
"Longueuil",0.5570704,32.87,13.38,43690
"Longueuil",0.5559845,32.88,13.36,43690
"Longueuil",0.5578868,32.88,13.4,43690
"Longueuil",0.5581462,32.9,13.38,43690
"Longueuil",0.5595474,32.92,13.37,43690
"Longueuil",0.5598043,32.92,13.4,43690
"Longueuil",0.5608215,32.92,13.4,43690
"Longueuil",0.5610479,32.92,13.41,43690
"Longueuil",0.5648651,32.91,13.42,43690
"Longueuil",0.5646566,32.91,13.45,43690
"Longueuil",0.56353,32.91,13.43,43690
"Longueuil",0.5656331,32.89,13.38,43690
"Longueuil",0.5685018,32.88,13.39,43690
"Longueuil",0.5680186,32.87,13.39,43690
"Longueuil",0.5694835,32.84,13.37,43690
"Longueuil",0.5699666,32.83,13.34,43690
"Longueuil",0.5717977,32.8,13.35,43690
"Longueuil",0.5734711,32.79,13.37,43690
"Longueuil",0.5737178,32.77,13.39,43690
"Longueuil",0.5738602,32.76,13.34,43690
"Longueuil",0.5753174,32.74,13.36,43690
"Longueuil",0.5755793,32.73,13.38,43690
"Longueuil",0.5756022,32.72,13.34,43690
"Longueuil",0.5772985,32.71,13.34,43690
"Longueuil",0.5804469,32.71,13.4,43690
"Longueuil",0.5807012,32.7,13.38,43690
"Longueuil",0.5814921,32.73,13.38,43690
"Longueuil",0.5857315,32.71,13.43,43690
"Longueuil",0.5852432,32.7,13.44,43690
"Longueuil",0.5887909,32.71,13.43,43690
"Longueuil",0.588089,32.7,13.41,43690
"Longueuil",0.5898895,32.69,13.4,43690
"Longueuil",0.5949962,32.7,13.4,43690
"Longueuil",0.594279,32.71,13.4,43690
"Longueuil",0.5975952,32.71,13.37,43690
"Longueuil",0.5988871,32.72,13.38,43690
"Longueuil",0.6013718,32.74,13.39,43690
"Longueuil",0.6018346,32.74,13.38,43690
"Longueuil",0.6032613,32.74,13.39,43690
"Longueuil",0.6051814,32.75,13.38,43690
"Longueuil",0.6055858,32.75,13.39,43690
"Longueuil",0.6083882,32.76,13.4,43690
"Longueuil",0.6056798,32.76,13.37,43690
"Longueuil",0.6077144,32.78,13.38,43690
"Longueuil",0.6076991,32.79,13.39,43690
"Longueuil",0.6065674,32.79,13.37,43690
"Longueuil",0.6073812,32.81,13.36,43690
"Longueuil",0.6059901,32.8,13.34,43690
"Longueuil",0.6090571,32.81,13.31,43690
"Longueuil",0.6095632,32.8,13.31,43690
"Longueuil",0.6065648,32.84,13.31,43690
"Longueuil",0.6082916,32.85,13.36,43690
"Longueuil",0.6096166,32.87,13.34,43690
"Longueuil",0.6123912,32.87,13.32,43690
"Longueuil",0.613004,32.86,13.31,43690
"Longueuil",0.612737,32.88,13.36,43690
"Longueuil",0.6140493,32.9,13.4,43690
"Longueuil",0.618604,32.93,13.38,43690
"Longueuil",0.6199036,32.93,13.41,43690
"Longueuil",0.6190007,32.93,13.37,43690
"Longueuil",0.6196213,32.94,13.36,43690
"Longueuil",0.6219966,32.94,13.33,43690
"Longueuil",0.6228561,32.95,13.38,43690
"Longueuil",0.6239726,32.95,13.38,43690
"Longueuil",0.6238251,32.94,13.38,43690
"Longueuil",0.6254527,32.93,13.4,43690
"Longueuil",0.6260121,32.92,13.34,43690
"Longueuil",0.6251526,32.92,13.36,43690
"Longueuil",0.625178,32.91,13.38,43690
"Longueuil",0.6270879,32.88,13.33,43690
"Longueuil",0.6291326,32.87,13.36,43690
"Longueuil",0.6292699,32.87,13.37,43690
"Longueuil",0.6289673,32.85,13.4,43690
"Longueuil",0.6316554,32.83,13.41,43690
"Longueuil",0.6315308,32.8,13.35,43690
"Longueuil",0.633489,32.79,13.39,43690
"Longueuil",0.6293513,32.77,13.37,43690
"Longueuil",0.6337535,32.76,13.35,43690
"Longueuil",0.63458,32.75,13.37,43690
"Longueuil",0.634084,32.74,13.38,43690
"Longueuil",0.6371867,32.76,13.41,43690
"Longueuil",0.6350759,32.75,13.44,43690
"Longueuil",0.6377716,32.74,13.42,43690
"Longueuil",0.6405792,32.73,13.43,43690
"Longueuil",0.6414108,32.72,13.42,43690
"Longueuil",0.6437683,32.72,13.39,43690
"Longueuil",0.645546,32.73,13.38,43690
"Longueuil",0.6481476,32.72,13.36,43690
"Longueuil",0.6497777,32.72,13.4,43690
"Longueuil",0.6497116,32.71,13.38,43690
"Longueuil",0.6492183,32.73,13.39,43690
"Longueuil",0.6516139,32.73,13.43,43690
"Longueuil",0.6509883,32.74,13.4,43690
"Longueuil",0.6539688,32.75,13.42,43690
"Longueuil",0.6546428,32.76,13.41,43690
"Longueuil",0.6531118,32.77,13.43,43690
"Longueuil",0.6554692,32.77,13.38,43690
"Longueuil",0.6554871,32.79,13.39,43690
"Longueuil",0.6580963,32.78,13.34,43690
"Longueuil",0.6561406,32.79,13.36,43690
"Longueuil",0.6600749,32.85,13.37,43690
"Longueuil",0.6574249,32.82,13.35,43690
"Longueuil",0.6602122,32.81,13.32,43690
"Longueuil",0.6580455,32.84,13.34,43690
"Longueuil",0.659345,32.84,13.32,43690
"Longueuil",0.659996,32.85,13.32,43690
"Longueuil",0.6629791,32.86,13.34,43690
"Longueuil",0.6608734,32.87,13.33,43690
"Longueuil",0.6626689,32.87,13.37,43690
"Longueuil",0.6623408,32.88,13.35,43690
"Longueuil",0.6633632,32.88,13.34,43690
"Longueuil",0.6665573,32.87,13.32,43690
"Longueuil",0.6652349,32.85,13.33,43690
"Longueuil",0.6685969,32.85,13.33,43690
"Longueuil",0.6728312,32.84,13.3,43690
"Longueuil",0.6718953,32.82,13.3,43690
"Longueuil",0.6741104,32.81,13.28,43690
"Longueuil",0.6732076,32.8,13.3,43690
"Longueuil",0.6777903,32.78,13.3,43690
"Longueuil",0.6785838,32.76,13.3,43690
"Longueuil",0.6773605,32.75,13.36,43690
"Longueuil",0.679746,32.75,13.38,43690
"Longueuil",0.6818873,32.74,13.38,43690
"Longueuil",0.6807887,32.73,13.39,43690
"Longueuil",0.6809642,32.46,13.39,43690
"Longueuil",0.6832708,32.72,13.42,43690
"Longueuil",0.6835836,32.71,13.41,43690
"Longueuil",0.6843923,32.69,13.4,43690
"Longueuil",0.6839549,32.69,13.43,43690
"Longueuil",0.6841405,32.69,13.38,43690
"Longueuil",0.6854935,32.7,13.39,43690
"Longueuil",0.6874161,32.7,13.37,43690
"Longueuil",0.6884282,32.7,13.37,43690
"Longueuil",0.6873245,32.7,13.36,43690
"Longueuil",0.6884053,32.7,13.39,43690
"Longueuil",0.692248,32.74,13.41,43690
"Longueuil",0.6913554,32.7,13.42,43690
"Longueuil",0.6944402,32.7,13.41,43690
"Longueuil",0.6951447,32.72,13.42,43690
"Longueuil",0.6980591,32.72,13.39,43690
"Longueuil",0.6981812,32.72,13.35,43690
"Longueuil",2.642049,32.73,13.34,43690
"Longueuil",3.176471,32.74,13.43,43690
"Longueuil",1.195173,32.75,13.36,43690
"Longueuil",0.706665,32.76,13.38,43690
"Longueuil",0.7034709,32.77,13.36,43690
"Longueuil",0.7030156,32.77,13.37,43690
"Longueuil",0.6994069,32.78,13.36,43690
"Longueuil",0.7005717,32.78,13.42,43690
"Longueuil",0.7016856,32.79,13.37,43690
"Longueuil",0.6991552,32.8,13.41,43690
"Longueuil",0.6987686,32.8,13.34,43690
"Longueuil",0.7004293,32.79,13.33,43690
"Longueuil",0.7028859,32.8,13.31,43690
"Longueuil",0.7032471,32.84,13.32,43690
"Longueuil",0.7039261,32.83,13.32,43690
"Longueuil",0.7028859,32.86,13.35,43690
"Longueuil",0.7044703,32.85,13.34,43690
"Longueuil",0.7060547,32.87,13.35,43690
"Longueuil",0.7077433,32.9,13.36,43690
"Longueuil",0.7082469,32.88,13.39,43690
"Longueuil",0.7086945,32.9,13.33,43690
"Longueuil",0.7102305,32.9,13.33,43690
"Longueuil",0.7129567,32.91,13.38,43690
"Longueuil",0.7124608,32.92,13.38,43690
"Longueuil",0.7128906,32.93,13.36,43690
"Longueuil",0.7119522,32.93,13.37,43690
"Longueuil",0.7169647,32.93,13.35,43690
"Longueuil",0.7129491,32.94,13.35,43690
"Longueuil",0.7150269,32.93,13.35,43690
"Longueuil",0.7142665,32.91,13.4,43690
"Longueuil",0.7141826,32.92,13.38,43690
"Longueuil",0.7133102,32.91,13.36,43690
"Longueuil",0.7154796,32.9,13.4,43690
"Longueuil",0.7130687,32.88,13.36,43690
"Longueuil",0.7132975,32.88,13.37,43690
"Longueuil",0.7126414,32.84,13.34,43690
"Longueuil",0.7161891,32.81,13.33,43690
"Longueuil",0.7179998,32.8,13.34,43690
"Longueuil",0.7157161,32.78,13.31,43690
"Longueuil",0.7171224,32.76,13.33,43690
"Longueuil",0.7164281,32.77,13.32,43690
"Longueuil",0.7176132,32.74,13.31,43690
"Longueuil",0.7203929,32.73,13.3,43690
"Longueuil",0.7223002,32.75,13.31,43690
"Longueuil",0.7198079,32.76,13.32,43690
"Longueuil",0.7200419,32.75,13.34,43690
"Longueuil",0.7208964,32.73,13.36,43690
"Longueuil",0.7230632,32.74,13.39,43690
"Longueuil",0.7203776,32.75,13.39,43690
"Longueuil",0.721138,32.75,13.39,43690
"Longueuil",0.7204946,32.76,13.43,43690
"Longueuil",0.7176717,32.76,13.39,43690
"Longueuil",0.7183812,32.74,13.36,43690
"Longueuil",0.7151413,32.75,13.34,43690
"Longueuil",0.7157186,32.75,13.34,43690
"Longueuil",0.7168427,32.77,13.34,43690
"Longueuil",0.7126236,32.79,13.41,43690
"Longueuil",0.7099507,32.8,13.39,43690
"Longueuil",0.7099254,32.79,13.39,43690
"Longueuil",0.7080078,32.79,13.4,43690
"Longueuil",0.7064006,32.79,13.36,43690
"Longueuil",0.7070897,32.62,13.38,43690
"Longueuil",0.7049153,32.82,13.37,43690
"Longueuil",0.7094828,32.83,13.34,43690
"Longueuil",0.7060344,32.83,13.33,43690
"Longueuil",0.7036183,32.86,13.33,43690
"Longueuil",0.7052689,32.61,13.34,43690
"Longueuil",0.7012761,32.87,13.31,43690
"Longueuil",0.7021052,32.87,13.32,43690
"Longueuil",0.7015533,32.89,13.31,43690
"Longueuil",0.7010269,32.9,13.31,43690
"Longueuil",0.7006683,32.92,13.32,43690
"Longueuil",0.7003479,32.92,13.3,43690
"Longueuil",0.7025452,32.94,13.34,43690
"Longueuil",0.6990891,32.95,13.35,43690
"Longueuil",0.7003199,32.95,13.34,43690
"Longueuil",0.7011134,32.97,13.37,43690
"Longueuil",0.6988881,32.98,13.36,43690
"Longueuil",0.6965688,32.99,13.36,43690
"Longueuil",0.6972148,33,13.36,43690
"Longueuil",0.6953303,33,13.42,43690
"Longueuil",0.6944148,33,13.41,43690
"Longueuil",0.6955007,33,13.39,43690
"Longueuil",0.6941986,32.98,13.4,43690
"Longueuil",0.6923243,32.79,13.38,43690
"Longueuil",0.6883799,32.96,13.41,43690
"Longueuil",0.6909409,32.94,13.42,43690
"Longueuil",0.6893132,32.94,13.42,43690
"Longueuil",0.6924413,32.93,13.43,43690
"Longueuil",0.6870219,32.91,13.45,43690
"Longueuil",0.6870753,32.87,13.44,43690
"Longueuil",0.6865489,32.86,13.41,43690
"Longueuil",0.6881409,32.84,13.38,43690
"Longueuil",0.6888987,32.83,13.37,43690
"Longueuil",0.685173,32.82,13.39,43690
"Longueuil",0.6867269,32.8,13.41,43690
"Longueuil",0.6862386,32.78,13.37,43690
"Longueuil",0.687767,32.78,13.36,43690
"Longueuil",0.688741,32.78,13.4,43690
"Longueuil",0.6883672,32.77,13.37,43690
"Longueuil",0.6864192,32.76,13.37,43690
"Longueuil",0.6878026,32.77,13.37,43690
"Longueuil",0.6879603,32.77,13.4,43690
"Longueuil",0.686559,32.75,13.38,43690
"Longueuil",0.687027,32.76,13.43,43690
"Longueuil",0.6857961,32.76,13.35,43690
"Longueuil",0.6856969,32.76,13.36,43690
"Longueuil",0.6852162,32.76,13.39,43690
"Longueuil",0.6833369,32.77,13.37,43690
"Longueuil",0.6816991,32.78,13.33,43690
"Longueuil",0.6831157,32.78,13.34,43690
"Longueuil",0.6815287,32.77,13.31,43690
"Longueuil",0.68367,32.78,13.36,43690
"Longueuil",0.6801326,32.79,13.33,43690
"Longueuil",0.6789983,32.8,13.33,43690
"Longueuil",0.6796341,32.81,13.33,43690
"Longueuil",0.6773046,32.82,13.3,43690
"Longueuil",0.6763408,32.82,13.31,43690
"Longueuil",0.6729787,32.86,13.3,43690
"Longueuil",0.6717682,32.85,13.33,43690
"Longueuil",0.671402,32.86,13.32,43690
"Longueuil",0.6696574,32.88,13.3,43690
"Longueuil",0.6689885,32.89,13.32,43690
"Longueuil",0.6680171,32.89,13.31,43690
"Longueuil",0.6668447,32.91,13.3,43690
"Longueuil",0.6669922,32.92,13.3,43690
"Longueuil",0.6638057,32.91,13.29,43690
"Longueuil",0.6648636,32.92,13.3,43690
"Longueuil",0.6622187,32.92,13.33,43690
"Longueuil",0.6591415,32.94,13.37,43690
"Longueuil",0.6594518,32.94,13.37,43690
"Longueuil",0.6599503,32.93,13.37,43690
"Longueuil",0.6561864,32.91,13.36,43690
"Longueuil",0.6566925,32.89,13.34,43690
"Longueuil",0.656044,32.88,13.33,43690
"Longueuil",0.6547012,32.85,13.31,43690
"Longueuil",0.6527227,32.83,13.31,43690
"Longueuil",0.6532516,32.82,13.31,43690
"Longueuil",0.6516927,32.81,13.33,43690
"Longueuil",0.6504872,32.8,13.35,43690
"Longueuil",0.648463,32.79,13.38,43690
"Longueuil",0.6533483,32.77,13.36,43690
"Longueuil",0.6496862,32.75,13.36,43690
"Longueuil",0.6476262,32.74,13.36,43690
"Longueuil",0.6445668,32.74,13.4,43690
"Longueuil",0.6446254,32.74,13.41,43690
"Longueuil",0.6451696,32.72,13.39,43690
"Longueuil",0.642985,32.71,13.36,43690
"Longueuil",0.6436691,32.72,13.39,43690
"Longueuil",0.6413269,32.72,13.38,43690
"Longueuil",0.6423492,32.71,13.39,43690
"Longueuil",0.6414795,32.71,13.34,43690
"Longueuil",0.6410802,32.71,13.31,43690
"Longueuil",0.6395976,32.7,13.31,43690
"Longueuil",0.6400757,32.7,13.3,43690
"Longueuil",0.6418483,32.72,13.31,43690
"Longueuil",0.6402181,32.72,13.3,43690
"Longueuil",0.6377792,32.73,13.33,43690
"Longueuil",0.637029,32.74,13.36,43690
"Longueuil",0.6390406,32.76,13.38,43690
"Longueuil",0.6385753,32.76,13.43,43690
"Longueuil",0.6367264,32.79,13.38,43690
"Longueuil",0.6363093,32.79,13.36,43690
"Longueuil",0.6348775,32.8,13.42,43690
"Longueuil",0.6346664,32.81,13.38,43690
"Longueuil",0.6333593,32.58,13.36,43690
"Longueuil",0.633255,32.82,13.34,43690
"Longueuil",0.6326599,32.83,13.37,43690
"Longueuil",0.6329346,32.85,13.36,43690
"Longueuil",0.6302261,32.85,13.37,43690
"Longueuil",0.6279958,32.88,13.37,43690
"Longueuil",0.6281815,32.88,13.41,43690
"Longueuil",0.6299286,32.89,13.39,43690
"Longueuil",0.6295726,32.9,13.36,43690
"Longueuil",0.6301625,32.92,13.39,43690
"Longueuil",0.6306712,32.91,13.38,43690
"Longueuil",0.629921,32.94,13.43,43690
"Longueuil",0.6316198,32.94,13.42,43690
"Longueuil",0.6294835,32.94,13.4,43690
"Longueuil",0.6288376,32.96,13.42,43690
"Longueuil",0.6288936,32.96,13.43,43690
"Longueuil",0.6295903,32.96,13.4,43690
"Longueuil",0.6275126,32.96,13.36,43690
"Longueuil",0.6278966,32.96,13.34,43690
"Longueuil",0.6254654,32.69,13.3,43690
"Longueuil",0.6255748,32.94,13.31,43690
"Longueuil",0.6252543,32.96,13.35,43690
"Longueuil",0.6245372,32.97,13.35,43690
"Longueuil",0.6231232,32.95,13.31,43690
"Longueuil",0.621877,32.75,13.34,43690
"Longueuil",0.6181946,32.92,13.34,43690
"Longueuil",0.6200053,32.9,13.39,43690
"Longueuil",0.6195781,32.89,13.4,43690
"Longueuil",0.616745,32.87,13.37,43690
"Longueuil",0.6174647,32.86,13.43,43690
"Longueuil",0.6173909,32.84,13.41,43690
"Longueuil",0.6182531,32.82,13.39,43690
"Longueuil",0.6152217,32.8,13.36,43690
"Longueuil",0.6155116,32.78,13.33,43690
"Longueuil",0.6153997,32.77,13.34,43690
"Longueuil",0.6162923,32.76,13.34,43690
"Longueuil",0.6157481,32.75,13.35,43690
"Longueuil",0.6149724,32.75,13.36,43690
"Longueuil",0.6127523,32.75,13.34,43690
"Longueuil",0.613828,32.76,13.36,43690
"Longueuil",0.613327,32.75,13.34,43690
"Longueuil",0.6133067,32.75,13.31,43690
"Longueuil",0.6152903,32.77,13.31,43690
"Longueuil",0.6143265,32.74,13.34,43690
"Longueuil",0.611613,32.75,13.34,43690
"Longueuil",0.6111043,32.76,13.31,43690
"Longueuil",0.6108068,32.75,13.33,43690
"Longueuil",0.6100515,32.77,13.32,43690
"Longueuil",0.6103312,32.78,13.34,43690
"Longueuil",0.6064809,32.77,13.31,43690
"Longueuil",0.6081314,32.78,13.35,43690
"Longueuil",0.6058934,32.81,13.39,43690
"Longueuil",0.6047541,32.8,13.33,43690
"Longueuil",0.6047567,32.82,13.34,43690
"Longueuil",0.6037979,32.85,13.34,43690
"Longueuil",0.6021169,32.85,13.38,43690
"Longueuil",0.6019618,32.85,13.39,43690
"Longueuil",0.6020355,32.86,13.37,43690
"Longueuil",0.5988185,32.87,13.39,43690
"Longueuil",0.5993398,32.88,13.41,43690
"Longueuil",0.5973104,32.88,13.37,43690
"Longueuil",0.597346,32.89,13.37,43690
"Longueuil",0.5947215,32.89,13.4,43690
"Longueuil",0.594073,32.91,13.4,43690
"Longueuil",0.5939967,32.92,13.38,43690
"Longueuil",0.5926285,32.92,13.37,43690
"Longueuil",0.5917003,32.91,13.4,43690
"Longueuil",0.5902634,32.92,13.39,43690
"Longueuil",0.5904668,32.91,13.39,43690
"Longueuil",0.5882085,32.9,13.36,43690
"Longueuil",0.5880712,32.9,13.41,43690
"Longueuil",0.5891113,32.88,13.36,43690
"Longueuil",0.5858256,32.87,13.38,43690
"Longueuil",0.586436,32.86,13.37,43690
"Longueuil",0.5862706,32.83,13.35,43690
"Longueuil",0.5849152,32.8,13.33,43690
"Longueuil",0.5847982,32.79,13.33,43690
"Longueuil",0.5879288,32.77,13.41,43690
"Longueuil",0.5841751,32.77,13.37,43690
"Longueuil",0.5829722,32.75,13.41,43690
"Longueuil",0.5813166,32.74,13.42,43690
"Longueuil",0.5813065,32.73,13.37,43690
"Longueuil",0.5785853,32.72,13.37,43690
"Longueuil",0.5809784,32.71,13.37,43690
"Longueuil",0.5759048,32.7,13.38,43690
"Longueuil",0.5767288,32.7,13.37,43690
"Longueuil",0.5767085,32.7,13.39,43690
"Longueuil",0.5777028,32.7,13.37,43690
"Longueuil",0.57665,32.69,13.33,43690
"Longueuil",0.5780208,32.67,13.31,43690
"Longueuil",0.5753326,32.67,13.3,43690
"Longueuil",0.5731583,32.68,13.29,43690
"Longueuil",0.5737584,32.7,13.31,43690
"Longueuil",0.574941,32.7,13.32,43690
"Longueuil",0.5775121,32.73,13.35,43690
"Longueuil",0.5749639,32.75,13.39,43690
"Longueuil",0.5736313,32.76,13.42,43690
"Longueuil",0.574763,32.77,13.4,43690
"Longueuil",0.5746078,32.77,13.39,43690
"Longueuil",0.5727539,32.79,13.37,43690
"Longueuil",0.5728302,32.79,13.34,43690
"Longueuil",0.5713246,32.78,13.33,43690
"Longueuil",0.569486,32.79,13.35,43690
"Longueuil",0.5687637,32.8,13.35,43690
"Longueuil",0.5693054,32.82,13.35,43690
"Longueuil",0.5646006,32.83,13.37,43690
"Longueuil",0.5629959,32.83,13.36,43690
"Longueuil",0.5635096,32.85,13.34,43690
"Longueuil",0.5626933,32.84,13.32,43690
"Longueuil",0.5626068,32.85,13.31,43690
"Longueuil",0.5603816,32.87,13.3,43690
"Longueuil",0.557368,32.88,13.32,43690
"Longueuil",0.5572103,32.9,13.37,43690
"Longueuil",0.5535914,32.91,13.37,43690
"Longueuil",0.5522842,32.92,13.33,43690
"Longueuil",0.5505142,32.92,13.34,43690
"Longueuil",0.5502065,32.91,13.32,43690
"Longueuil",0.5500463,32.92,13.37,43690
"Longueuil",0.5468597,32.92,13.41,43690
"Longueuil",0.5458679,32.9,13.38,43690
"Longueuil",0.545077,32.89,13.4,43690
"Longueuil",0.543452,32.87,13.42,43690
"Longueuil",0.5420812,32.85,13.39,43690
"Longueuil",0.5411962,32.84,13.48,43690
"Longueuil",0.5403773,32.81,13.36,43690
"Longueuil",0.5402222,32.83,13.41,43690
"Longueuil",0.5401561,32.79,13.4,43690
"Longueuil",0.5394109,32.77,13.42,43690
"Longueuil",0.5398152,32.76,13.45,43690
"Longueuil",0.5382767,32.76,13.45,43690
"Longueuil",0.5352325,32.74,13.42,43690
"Longueuil",0.5347951,32.75,13.41,43690
"Longueuil",0.534963,32.74,13.4,43690
"Longueuil",0.5302836,32.71,13.39,43690
"Longueuil",0.5355886,32.72,13.38,43690
"Longueuil",0.530632,32.7,13.34,43690
"Longueuil",0.5302098,32.71,13.34,43690
"Longueuil",0.5279439,32.7,13.33,43690
"Longueuil",0.5261612,32.71,13.34,43690
"Longueuil",0.5250931,32.72,13.33,43690
"Longueuil",0.5248184,32.71,13.35,43690
"Longueuil",0.5222295,32.73,13.37,43690
"Longueuil",0.5191752,32.76,13.38,43690
"Longueuil",0.5203171,32.75,13.36,43690
"Longueuil",0.5186946,32.74,13.35,43690
"Longueuil",0.5180562,32.73,13.38,43690
"Longueuil",0.5168431,32.74,13.38,43690
"Longueuil",0.5136083,32.75,13.33,43690
"Longueuil",0.5111745,32.77,13.35,43690
"Longueuil",0.5157496,32.78,13.37,43690
"Longueuil",0.5100377,32.79,13.38,43690
"Longueuil",0.5083745,32.8,13.44,43690
"Longueuil",0.5099971,32.83,13.43,43690
"Longueuil",0.5077565,32.82,13.41,43690
"Longueuil",0.5067723,32.82,13.41,43690
"Longueuil",0.5059433,32.83,13.38,43690
"Longueuil",0.50354,32.82,13.33,43690
"Longueuil",0.5046437,32.83,13.35,43690
"Longueuil",0.500941,32.85,13.38,43690
"Longueuil",0.5018768,32.84,13.37,43690
"Longueuil",0.5011037,32.84,13.38,43690
"Longueuil",0.4958623,32.83,13.36,43690
"Longueuil",0.4967194,32.83,13.35,43690
"Longueuil",0.4964498,32.81,13.34,43690
"Longueuil",0.493749,32.81,13.33,43690
"Longueuil",0.4932022,32.79,13.33,43690
"Longueuil",0.4925105,32.77,13.34,43690
"Longueuil",0.4925664,32.75,13.36,43690
"Longueuil",0.4900436,32.77,13.3,43690
"Longueuil",0.4888153,32.72,13.32,43690
"Longueuil",0.4892832,32.7,13.31,43690
"Longueuil",0.4860865,32.7,13.31,43690
"Longueuil",0.4881516,32.69,13.33,43690
"Longueuil",0.4843877,32.68,13.34,43690
"Longueuil",0.4849574,32.67,13.34,43690
"Longueuil",0.4844538,32.69,13.3,43690
"Longueuil",0.4843597,32.64,13.33,43690
"Longueuil",0.4849167,32.64,13.39,43690
"Longueuil",0.4835866,32.64,13.33,43690
"Longueuil",0.4828924,32.65,13.36,43690
"Longueuil",0.483935,32.65,13.38,43690
"Longueuil",0.4811401,32.66,13.42,43690
"Longueuil",0.4821345,32.69,13.36,43690
"Longueuil",0.4821421,32.66,13.35,43690
"Longueuil",0.480929,32.66,13.33,43690
"Longueuil",0.4806137,32.66,13.36,43690
"Longueuil",0.4807256,32.66,13.33,43690
"Longueuil",0.48113,32.68,13.36,43690
"Longueuil",0.4794083,32.69,13.37,43690
"Longueuil",0.4791768,32.73,13.41,43690
"Longueuil",0.4797617,32.71,13.39,43690
"Longueuil",0.4783452,32.71,13.39,43690
"Longueuil",0.4763463,32.72,13.37,43690
"Longueuil",0.4777628,32.48,13.39,43690
"Longueuil",0.4756216,32.74,13.35,43690
"Longueuil",0.474823,32.76,13.4,43690
"Longueuil",0.4717611,32.77,13.37,43690
"Longueuil",0.4737854,32.78,13.34,43690
"Longueuil",0.4700851,32.78,13.34,43690
"Longueuil",0.4668249,32.8,13.36,43690
"Longueuil",0.4689687,32.82,13.36,43690
"Longueuil",0.4676488,32.82,13.36,43690
"Longueuil",0.4645615,32.83,13.36,43690
"Longueuil",0.4644216,32.85,13.36,43690
"Longueuil",0.4605942,32.84,13.3,43690
"Longueuil",0.4598846,32.85,13.36,43690
"Longueuil",0.4598338,32.87,13.38,43690
"Longueuil",0.4601034,32.87,13.39,43690
"Longueuil",0.4576035,32.86,13.37,43690
"Longueuil",0.4571711,32.88,13.39,43690
"Longueuil",0.4572474,32.86,13.38,43690
"Longueuil",0.4561945,32.86,13.38,43690
"Longueuil",0.4540202,32.84,13.36,43690
"Longueuil",0.4545212,32.82,13.35,43690
"Longueuil",0.4538065,32.8,13.33,43690
"Longueuil",0.4526164,32.8,13.36,43690
"Longueuil",0.4513372,32.77,13.35,43690
"Longueuil",0.4510447,32.75,13.35,43690
"Longueuil",0.4511414,32.75,13.38,43690
"Longueuil",0.4518026,32.73,13.37,43690
"Longueuil",0.4545339,32.71,13.34,43690
"Longueuil",0.4534683,32.7,13.36,43690
"Longueuil",0.4499207,32.7,13.36,43690
"Longueuil",0.4496765,32.69,13.41,43690
"Longueuil",0.4495621,32.68,13.36,43690
"Longueuil",0.4444097,32.68,13.36,43690
"Longueuil",0.4465281,32.68,13.36,43690
"Longueuil",0.4438756,32.67,13.38,43690
"Longueuil",0.446668,32.67,13.4,43690
"Longueuil",0.4444199,32.68,13.38,43690
"Longueuil",0.4439672,32.67,13.33,43690
"Longueuil",0.4463705,32.66,13.37,43690
"Longueuil",0.4412054,32.67,13.36,43690
"Longueuil",0.444313,32.67,13.37,43690
"Longueuil",0.4432678,32.68,13.4,43690
"Longueuil",0.4396693,32.68,13.38,43690
"Longueuil",0.4413452,32.71,13.34,43690
"Longueuil",0.4411952,32.71,13.37,43690
"Longueuil",0.4378993,32.72,13.37,43690
"Longueuil",0.4374084,32.73,13.35,43690
"Longueuil",0.4356588,32.72,13.32,43690
"Longueuil",0.4371923,32.73,13.32,43690
"Longueuil",0.4356283,32.75,13.35,43690
"Longueuil",0.4326528,32.78,13.38,43690
"Longueuil",0.4311778,32.78,13.35,43690
"Longueuil",0.4301783,32.79,13.34,43690
"Longueuil",0.4297994,32.8,13.31,43690
"Longueuil",0.4267756,32.8,13.28,43690
"Longueuil",0.4233373,32.8,13.29,43690
"Longueuil",0.4210434,32.82,13.3,43690
"Longueuil",0.4196625,32.83,13.3,43690
"Longueuil",0.42099,32.84,13.31,43690
"Longueuil",0.4142685,32.85,13.33,43690
"Longueuil",0.4133402,32.87,13.32,43690
"Longueuil",0.4104691,32.89,13.3,43690
"Longueuil",0.4093552,32.86,13.34,43690
"Longueuil",0.4088236,32.86,13.31,43690
"Longueuil",0.4078878,32.84,13.32,43690
"Longueuil",0.4067154,32.84,13.3,43690
"Longueuil",0.4049911,32.84,13.3,43690
"Longueuil",0.4043859,32.84,13.33,43690
"Longueuil",0.40271,32.82,13.37,43690
"Longueuil",0.4014409,32.81,13.36,43690
"Longueuil",0.3974609,32.8,13.39,43690
"Longueuil",0.3973109,32.78,13.36,43690
"Longueuil",0.3963598,32.79,13.34,43690
"Longueuil",0.3973261,32.73,13.34,43690
"Longueuil",0.396375,32.48,13.35,43690
"Longueuil",0.3931478,32.72,13.32,43690
"Longueuil",0.3910192,32.71,13.3,43690
"Longueuil",0.3904368,32.71,13.31,43690
"Longueuil",0.3887787,32.71,13.35,43690
"Longueuil",0.3846512,32.72,13.36,43690
"Longueuil",0.3842316,32.74,13.36,43690
"Longueuil",0.383105,32.74,13.38,43690
"Longueuil",0.3811595,32.71,13.34,43690
"Longueuil",0.3785019,32.7,13.34,43690
"Longueuil",0.3754298,32.71,13.35,43690
"Longueuil",0.3773753,32.71,13.37,43690
"Longueuil",0.3742777,32.72,13.34,43690
"Longueuil",0.3722509,32.72,13.34,43690
"Longueuil",0.3712234,32.7,13.31,43690
"Longueuil",0.3676732,32.72,13.35,43690
"Longueuil",0.366628,32.73,13.32,43690
"Longueuil",0.3680776,32.74,13.31,43690
"Longueuil",0.3650436,32.76,13.36,43690
"Longueuil",0.3674215,32.76,13.39,43690
"Longueuil",0.3626048,32.79,13.39,43690
"Longueuil",0.3615595,32.79,13.37,43690
"Longueuil",0.3599421,32.79,13.39,43690
"Longueuil",0.3587367,32.8,13.36,43690
"Longueuil",0.3579254,32.82,13.37,43690
"Longueuil",0.3559341,32.85,13.37,43690
"Longueuil",0.3493958,32.86,13.33,43690
"Longueuil",0.3488286,32.87,13.32,43690
"Longueuil",0.3473765,32.86,13.31,43690
"Longueuil",0.3478266,32.86,13.31,43690
"Longueuil",0.3452555,32.86,13.34,43690
"Longueuil",0.3434219,32.86,13.32,43690
"Longueuil",0.3388952,32.86,13.33,43690
"Longueuil",0.3391622,32.86,13.36,43690
"Longueuil",0.337705,32.85,13.36,43690
"Longueuil",0.3370921,32.82,13.37,43690
"Longueuil",0.3332011,32.82,13.36,43690
"Longueuil",0.3315659,32.8,13.33,43690
"Longueuil",0.3286489,32.77,13.37,43690
"Longueuil",0.3333867,32.76,13.39,43690
"Longueuil",0.3292669,32.76,13.39,43690
"Longueuil",0.3306096,32.74,13.39,43690
"Longueuil",0.3287201,32.73,13.43,43690
"Longueuil",0.3294169,32.72,13.41,43690
"Longueuil",0.3275426,32.71,13.42,43690
"Longueuil",0.3251012,32.7,13.4,43690
"Longueuil",0.3276698,32.43,13.39,43690
"Longueuil",0.3271484,32.68,13.41,43690
"Longueuil",0.3266118,32.67,13.38,43690
"Longueuil",0.3281275,32.67,13.38,43690
"Longueuil",0.3245112,32.67,13.41,43690
"Longueuil",0.3221385,32.68,13.44,43690
"Longueuil",0.322347,32.66,13.43,43690
"Longueuil",0.3187866,32.67,13.44,43690
"Longueuil",0.32105,32.68,13.42,43690
"Longueuil",0.317482,32.68,13.46,43690
"Longueuil",0.3174261,32.68,13.39,43690
"Longueuil",0.3176778,32.69,13.37,43690
"Longueuil",0.3144608,32.71,13.38,43690
"Longueuil",0.311938,32.71,13.39,43690
"Longueuil",0.3134257,32.72,13.41,43690
"Longueuil",0.311203,32.73,13.43,43690
"Longueuil",0.3068034,32.74,13.4,43690
"Longueuil",0.3105418,32.75,13.38,43690
"Longueuil",0.3081258,32.53,13.34,43690
"Longueuil",0.3081614,32.76,13.36,43690
"Longueuil",0.3079325,32.76,13.37,43690
"Longueuil",0.3057938,32.78,13.35,43690
"Longueuil",0.3069,32.79,13.37,43690
"Longueuil",0.3059616,32.8,13.34,43690
"Longueuil",0.3018519,32.84,13.35,43690
"Longueuil",0.3044561,32.84,13.36,43690
"Longueuil",0.3058065,32.85,13.4,43690
"Longueuil",0.30159,32.86,13.41,43690
"Longueuil",0.3019892,32.89,13.42,43690
"Longueuil",0.3000819,32.9,13.41,43690
"Longueuil",0.3012034,32.91,13.41,43690
"Longueuil",0.2994665,32.91,13.39,43690
"Longueuil",0.2982686,32.93,13.39,43690
"Longueuil",0.2962011,32.94,13.44,43690
"Longueuil",0.2964045,32.94,13.44,43690
"Longueuil",0.2982788,32.94,13.44,43690
"Longueuil",0.2945251,32.95,13.45,43690
"Longueuil",0.2936605,32.94,13.44,43690
"Longueuil",0.2911046,32.94,13.43,43690
"Longueuil",0.2900492,32.93,13.42,43690
"Longueuil",0.2913233,32.93,13.42,43690
"Longueuil",0.2906647,32.93,13.42,43690
"Longueuil",0.2895152,32.9,13.4,43690
"Longueuil",0.2880732,32.88,13.38,43690
"Longueuil",0.2890142,32.88,13.42,43690
"Longueuil",0.2889837,32.85,13.39,43690
"Longueuil",0.2880147,32.83,13.37,43690
"Longueuil",0.2897822,32.81,13.36,43690
"Longueuil",0.2918625,32.79,13.31,43690
"Longueuil",0.2899602,32.75,13.3,43690
"Longueuil",0.2909164,32.75,13.31,43690
"Longueuil",0.2911835,32.73,13.33,43690
"Longueuil",0.2926839,32.73,13.31,43690
"Longueuil",0.2942886,32.73,13.34,43690
"Longueuil",0.2883784,32.78,13.34,43690
"Longueuil",0.2888972,32.71,13.32,43690
"Longueuil",0.2891973,32.77,13.36,43690
"Longueuil",0.2923838,32.7,13.3,43690
"Longueuil",0.2888743,32.7,13.32,43690
"Longueuil",0.290657,32.7,13.33,43690
"Longueuil",0.2904867,32.72,13.35,43690
"Longueuil",0.2918396,32.74,13.41,43690
"Longueuil",0.2903748,32.76,13.44,43690
"Longueuil",0.2915598,32.76,13.39,43690
"Longueuil",0.291303,32.75,13.38,43690
"Longueuil",0.293396,32.76,13.37,43690
"Longueuil",0.2922363,32.76,13.4,43690
"Longueuil",0.2903799,32.75,13.36,43690
"Longueuil",0.2925491,32.77,13.38,43690
"Longueuil",0.2921092,32.79,13.42,43690
"Longueuil",0.2934036,32.78,13.4,43690
"Longueuil",0.2934113,32.79,13.36,43690
"Longueuil",0.2930807,32.81,13.35,43690
"Longueuil",0.2919159,32.79,13.31,43690
"Longueuil",0.290891,32.8,13.32,43690
"Longueuil",0.2930857,32.82,13.31,43690
"Longueuil",0.2951177,32.83,13.34,43690
"Longueuil",0.2954025,32.85,13.36,43690
"Longueuil",0.2934164,32.86,13.33,43690
"Longueuil",0.2943929,32.86,13.32,43690
"Longueuil",0.2940801,32.89,13.31,43690
"Longueuil",0.2952856,32.9,13.33,43690
"Longueuil",0.2918447,32.9,13.31,43690
"Longueuil",0.2933655,32.91,13.31,43690
"Longueuil",0.2934418,32.92,13.35,43690
"Longueuil",0.29157,32.95,13.38,43690
"Longueuil",0.2917379,32.95,13.39,43690
"Longueuil",0.290446,32.94,13.38,43690
"Longueuil",0.290095,32.92,13.37,43690
"Longueuil",0.2919413,32.91,13.33,43690
"Longueuil",0.2888692,32.9,13.36,43690
"Longueuil",0.2887904,32.9,13.39,43690
"Longueuil",0.2903646,32.88,13.35,43690
"Longueuil",0.2879868,32.86,13.39,43690
"Longueuil",0.2889532,32.84,13.38,43690
"Longueuil",0.2913106,32.83,13.38,43690
"Longueuil",0.2924016,32.8,13.33,43690
"Longueuil",0.2909368,32.77,13.34,43690
"Longueuil",0.2914429,32.79,13.33,43690
"Longueuil",0.2916107,32.75,13.33,43690
"Longueuil",0.2906952,32.74,13.39,43690
"Longueuil",0.2923686,32.73,13.38,43690
"Longueuil",0.2939657,32.72,13.39,43690
"Longueuil",0.2931086,32.71,13.35,43690
"Longueuil",0.2947973,32.7,13.33,43690
"Longueuil",0.2938436,32.7,13.39,43690
"Longueuil",0.2924906,32.69,13.37,43690
"Longueuil",0.2927144,32.69,13.38,43690
"Longueuil",0.2936045,32.69,13.38,43690
"Longueuil",0.2946472,32.69,13.36,43690
"Longueuil",0.2931976,32.67,13.35,43690
"Longueuil",0.2931315,32.68,13.3,43690
"Longueuil",0.2947845,32.69,13.34,43690
"Longueuil",0.2933197,32.71,13.36,43690
"Longueuil",0.2937927,32.71,13.37,43690
"Longueuil",0.2957331,32.72,13.33,43690
"Longueuil",0.2970835,32.74,13.35,43690
"Longueuil",0.2960103,32.74,13.39,43690
"Longueuil",0.2932307,32.75,13.35,43690
"Longueuil",0.2939886,32.76,13.36,43690
"Longueuil",0.2942886,32.76,13.39,43690
"Longueuil",0.2937368,32.76,13.38,43690
"Longueuil",0.2933222,32.78,13.38,43690
"Longueuil",0.2940826,32.78,13.33,43690
"Longueuil",0.2969513,32.8,13.34,43690
"Longueuil",0.2952728,32.82,13.42,43690
"Longueuil",0.2945302,32.63,13.39,43690
"Longueuil",0.2945429,32.83,13.37,43690
"Longueuil",0.2933502,32.85,13.41,43690
"Longueuil",0.2939504,32.86,13.39,43690
"Longueuil",0.2935537,32.88,13.41,43690
"Longueuil",0.2965876,32.88,13.4,43690
"Longueuil",0.2957586,32.89,13.39,43690
"Longueuil",0.2955678,32.9,13.42,43690
"Longueuil",0.2960612,32.92,13.42,43690
"Longueuil",0.296018,32.93,13.44,43690
"Longueuil",0.2952143,32.94,13.41,43690
"Longueuil",0.2946854,32.94,13.41,43690
"Longueuil",0.2921143,32.95,13.42,43690
"Longueuil",0.292216,32.95,13.39,43690
"Longueuil",0.2920583,32.96,13.37,43690
"Longueuil",0.2931722,32.95,13.34,43690
"Longueuil",0.2917658,32.95,13.36,43690
"Longueuil",0.2937622,32.94,13.36,43690
"Longueuil",0.2918091,32.92,13.33,43690
"Longueuil",0.2909698,32.92,13.35,43690
"Longueuil",0.2919846,32.91,13.36,43690
"Longueuil",0.2910334,32.9,13.35,43690
"Longueuil",0.2913157,32.89,13.35,43690
"Longueuil",0.2911555,32.88,13.34,43690
"Longueuil",0.2932612,32.84,13.32,43690
"Longueuil",0.2919057,32.83,13.32,43690
"Longueuil",0.2953466,32.79,13.33,43690
"Longueuil",0.2925288,32.79,13.33,43690
"Longueuil",0.2942937,32.78,13.31,43690
"Longueuil",0.2953466,32.77,13.34,43690
"Longueuil",0.2948583,32.77,13.34,43690
"Longueuil",0.2941284,32.75,13.32,43690
"Longueuil",0.2955907,32.77,13.31,43690
"Longueuil",0.2957713,32.75,13.36,43690
"Longueuil",0.2942963,32.73,13.34,43690
"Longueuil",0.2956416,32.72,13.33,43690
"Longueuil",0.2946676,32.72,13.32,43690
"Longueuil",0.2934189,32.71,13.3,43690
"Longueuil",0.2971929,32.72,13.34,43690
"Longueuil",0.2939657,32.72,13.35,43690
"Longueuil",0.2973785,32.72,13.31,43690
"Longueuil",0.2956136,32.73,13.34,43690
"Longueuil",0.2975947,32.74,13.34,43690
"Longueuil",0.295016,32.79,13.33,43690
"Longueuil",0.2949829,32.76,13.35,43690
"Longueuil",0.2968063,32.77,13.36,43690
"Longueuil",0.2987493,32.79,13.39,43690
"Longueuil",0.2965368,32.79,13.41,43690
"Longueuil",0.3003947,32.79,13.39,43690
"Longueuil",0.2983195,32.78,13.36,43690
"Longueuil",0.2961222,32.79,13.33,43690
"Longueuil",0.2959467,32.78,13.34,43690
"Longueuil",0.2979609,32.78,13.35,43690
"Longueuil",0.29732,32.8,13.34,43690
"Longueuil",0.2952576,32.82,13.32,43690
"Longueuil",0.2985153,32.84,13.3,43690
"Longueuil",0.2974803,32.84,13.34,43690
"Longueuil",0.2942123,32.86,13.31,43690
"Longueuil",0.2951126,32.87,13.32,43690
"Longueuil",0.2949168,32.87,13.31,43690
"Longueuil",0.2950719,32.89,13.33,43690
"Longueuil",0.2959137,32.69,13.34,43690
"Longueuil",0.2946167,32.88,13.37,43690
"Longueuil",0.2935995,32.89,13.34,43690
"Longueuil",0.2938283,32.88,13.32,43690
"Longueuil",0.2920202,32.86,13.34,43690
"Longueuil",0.2890142,32.85,13.36,43690
"Longueuil",0.2911504,32.85,13.33,43690
"Longueuil",0.2919006,32.83,13.34,43690
"Longueuil",0.2921931,32.8,13.34,43690
"Longueuil",0.2939199,32.8,13.37,43690
"Longueuil",0.2928085,32.77,13.33,43690
"Longueuil",0.2946142,32.76,13.34,43690
"Longueuil",0.2957713,32.74,13.33,43690
"Longueuil",0.294459,32.73,13.36,43690
"Longueuil",0.2960459,32.72,13.32,43690
"Longueuil",0.2940343,32.7,13.32,43690
"Longueuil",0.2992757,32.69,13.31,43690
"Longueuil",0.294515,32.68,13.29,43690
"Longueuil",0.2957509,32.66,13.29,43690
"Longueuil",0.2968648,32.67,13.29,43690
"Longueuil",0.2973785,32.66,13.31,43690
"Longueuil",0.297109,32.67,13.31,43690
"Longueuil",0.2945302,32.32,13.32,43690
"Longueuil",0.2960052,32.69,13.35,43690
"Longueuil",0.2965368,32.7,13.35,43690
"Longueuil",0.2953517,32.69,13.37,43690
"Longueuil",0.2970734,32.7,13.38,43690
"Longueuil",0.297994,32.71,13.42,43690
"Longueuil",0.2953771,32.73,13.45,43690
"Longueuil",0.2950236,32.73,13.41,43690
"Longueuil",0.2957331,32.76,13.39,43690
"Longueuil",0.2956696,32.73,13.41,43690
"Longueuil",0.2962494,32.73,13.4,43690
"Longueuil",0.2962189,32.74,13.4,43690
"Longueuil",0.2972794,32.76,13.39,43690
"Longueuil",0.2952525,32.76,13.44,43690
"Longueuil",0.2957942,32.77,13.4,43690
"Longueuil",0.2952093,32.77,13.39,43690
"Longueuil",0.2921804,32.77,13.36,43690
"Longueuil",0.2955729,32.77,13.39,43690
"Longueuil",0.2929281,32.77,13.37,43690
"Longueuil",0.2950897,32.75,13.4,43690
"Longueuil",0.2932714,32.75,13.37,43690
"Longueuil",0.2934672,32.73,13.35,43690
"Longueuil",0.292544,32.72,13.33,43690
"Longueuil",0.2904663,32.73,13.4,43690
"Longueuil",0.2925542,32.71,13.36,43690
"Longueuil",0.2937571,32.69,13.34,43690
"Longueuil",0.2935867,32.67,13.36,43690
"Longueuil",0.2934672,32.65,13.39,43690
"Longueuil",0.2959061,32.65,13.36,43690
"Longueuil",0.2944361,32.63,13.35,43690
"Longueuil",0.2920456,32.62,13.36,43690
"Longueuil",0.2942251,32.63,13.38,43690
"Longueuil",0.2934545,32.61,13.38,43690
"Longueuil",0.2940852,32.6,13.38,43690
"Longueuil",0.2943853,32.62,13.39,43690
"Longueuil",0.2950719,32.63,13.4,43690
"Longueuil",0.2943141,32.68,13.36,43690
"Longueuil",0.2953669,32.6,13.36,43690
"Longueuil",0.2946752,32.61,13.36,43690
"Longueuil",0.2953822,32.6,13.35,43690
"Longueuil",0.2956314,32.61,13.36,43690
"Longueuil",0.2975413,32.62,13.36,43690
"Longueuil",0.2973251,32.63,13.37,43690
"Longueuil",0.2990799,32.62,13.37,43690
"Longueuil",0.2945735,32.62,13.33,43690
"Longueuil",0.2974955,32.7,13.34,43690
"Longueuil",0.2967657,32.64,13.37,43690
"Longueuil",0.2949549,32.65,13.37,43690
"Longueuil",0.2975464,32.66,13.33,43690
"Longueuil",0.2975362,32.66,13.3,43690
"Longueuil",0.2978745,32.67,13.33,43690
"Longueuil",0.2973531,32.7,13.31,43690
"Longueuil",0.2961985,32.73,13.33,43690
"Longueuil",0.2987035,32.74,13.31,43690
"Longueuil",0.2968623,32.75,13.3,43690
"Longueuil",0.2994283,32.77,13.31,43690
"Longueuil",0.2956747,32.77,13.3,43690
"Longueuil",0.2971395,32.78,13.33,43690
"Longueuil",0.2967046,32.8,13.34,43690
"Longueuil",0.2947794,32.81,13.34,43690
"Longueuil",0.2964605,32.81,13.33,43690
"Longueuil",0.2964478,32.82,13.38,43690
"Longueuil",0.2935613,32.8,13.39,43690
"Longueuil",0.2946625,32.81,13.38,43690
"Longueuil",0.2920863,32.8,13.43,43690
"Longueuil",0.2939987,32.79,13.36,43690
"Longueuil",0.2922312,32.77,13.34,43690
"Longueuil",0.293836,32.75,13.35,43690
"Longueuil",0.2943573,32.74,13.37,43690
"Longueuil",0.2941411,32.72,13.38,43690
"Longueuil",0.2946879,32.71,13.37,43690
"Longueuil",0.2945582,32.69,13.34,43690
"Longueuil",0.2977091,32.66,13.31,43690
"Longueuil",0.2947489,32.65,13.3,43690
"Longueuil",0.2975362,32.64,13.33,43690
"Longueuil",0.2951787,32.73,13.34,43690
"Longueuil",0.296346,32.65,13.36,43690
"Longueuil",0.2966487,32.62,13.35,43690
"Longueuil",0.2964376,32.62,13.32,43690
"Longueuil",0.2964986,32.61,13.34,43690
"Longueuil",0.2953262,32.61,13.31,43690
"Longueuil",0.2954992,32.6,13.31,43690
"Longueuil",0.2993215,32.62,13.31,43690
"Longueuil",0.2979558,32.63,13.33,43690
"Longueuil",0.2974676,32.67,13.31,43690
"Longueuil",0.2987595,32.62,13.32,43690
"Longueuil",0.2999674,32.63,13.32,43690
"Longueuil",0.2992274,32.68,13.37,43690
"Longueuil",0.2978795,32.65,13.33,43690
"Longueuil",0.3014374,32.72,13.33,43690
"Longueuil",0.2987391,32.66,13.33,43690
"Longueuil",0.2993698,32.66,13.31,43690
"Longueuil",0.3001429,32.67,13.35,43690
"Longueuil",0.2977346,32.68,13.35,43690
"Longueuil",0.3021698,32.69,13.34,43690
"Longueuil",0.2986323,32.71,13.4,43690
"Longueuil",0.2995275,32.73,13.39,43690
"Longueuil",0.3001505,32.72,13.37,43690
"Longueuil",0.2999903,32.74,13.42,43690
"Longueuil",0.3018519,32.75,13.39,43690
"Longueuil",0.3010254,32.75,13.37,43690
"Longueuil",0.2984085,32.76,13.37,43690
"Longueuil",0.2991587,32.77,13.38,43690
"Longueuil",0.3009644,32.78,13.42,43690
"Longueuil",0.2989578,32.8,13.47,43690
"Longueuil",0.2991409,32.8,13.48,43690
"Longueuil",0.2988485,32.81,13.42,43690
"Longueuil",0.2972768,32.82,13.39,43690
"Longueuil",0.2969488,32.84,13.38,43690
"Longueuil",0.295812,32.84,13.39,43690
"Longueuil",0.2974625,32.82,13.37,43690
"Longueuil",0.2969106,32.83,13.41,43690
"Longueuil",0.2958501,32.84,13.37,43690
"Longueuil",0.2942886,32.82,13.35,43690
"Longueuil",0.2919769,32.79,13.33,43690
"Longueuil",0.294515,32.8,13.32,43690
"Longueuil",0.2963409,32.78,13.35,43690
"Longueuil",0.2951024,32.77,13.37,43690
"Longueuil",0.2956848,32.76,13.38,43690
"Longueuil",0.294047,32.74,13.33,43690
"Longueuil",0.297081,32.73,13.38,43690
"Longueuil",0.2946828,32.71,13.33,43690
"Longueuil",0.2968038,32.69,13.31,43690
"Longueuil",0.2965851,32.69,13.32,43690
"Longueuil",0.2957408,32.67,13.3,43690
"Longueuil",0.295283,32.66,13.33,43690
"Longueuil",0.2963003,32.66,13.37,43690
"Longueuil",0.2982101,32.65,13.36,43690
"Longueuil",0.2982381,32.65,13.33,43690
"Longueuil",0.2980042,32.69,13.34,43690
"Longueuil",0.2958857,32.63,13.33,43690
"Longueuil",0.2963003,32.63,13.37,43690
"Longueuil",0.298823,32.64,13.35,43690
"Longueuil",0.2982915,32.65,13.37,43690
"Longueuil",0.2989629,32.64,13.38,43690
"Longueuil",0.2981873,32.65,13.42,43690
"Longueuil",0.2987112,32.66,13.39,43690
"Longueuil",0.2996546,32.67,13.4,43690
"Longueuil",0.29894,32.67,13.39,43690
"Longueuil",0.2995783,32.67,13.36,43690
"Longueuil",0.2974319,32.69,13.41,43690
"Longueuil",0.2982661,32.68,13.41,43690
"Longueuil",0.298851,32.69,13.38,43690
"Longueuil",0.296641,32.68,13.34,43690
"Longueuil",0.2954,32.68,13.35,43690
"Longueuil",0.296435,32.71,13.38,43690
"Longueuil",0.2943344,32.72,13.34,43690
"Longueuil",0.2945124,32.74,13.33,43690
"Longueuil",0.2953084,32.74,13.31,43690
"Longueuil",0.2971471,32.75,13.35,43690
"Longueuil",0.2961731,32.77,13.3,43690
"Longueuil",0.2993571,32.77,13.3,43690
"Longueuil",0.2963384,32.79,13.34,43690
"Longueuil",0.2963969,32.8,13.32,43690
"Longueuil",0.2991943,32.8,13.33,43690
"Longueuil",0.2956212,32.81,13.35,43690
"Longueuil",0.2995071,32.83,13.35,43690
"Longueuil",0.2952627,32.85,13.37,43690
"Longueuil",0.2943319,32.84,13.34,43690
"Longueuil",0.2961375,32.85,13.35,43690
"Longueuil",0.2968318,32.85,13.33,43690
"Longueuil",0.2950719,32.84,13.34,43690
"Longueuil",0.292951,32.86,13.36,43690
"Longueuil",0.2942072,32.85,13.37,43690
"Longueuil",0.2939809,32.85,13.39,43690
"Longueuil",0.2955576,32.85,13.38,43690
"Longueuil",0.2928187,32.83,13.41,43690
"Longueuil",0.2933935,32.81,13.45,43690
"Longueuil",0.2929535,32.8,13.39,43690
"Longueuil",0.2924169,32.78,13.43,43690
"Longueuil",0.2934214,32.76,13.36,43690
"Longueuil",0.2921295,32.75,13.34,43690
"Longueuil",0.2939911,32.73,13.35,43690
"Longueuil",0.2946548,32.73,13.37,43690
"Longueuil",0.2930807,32.7,13.34,43690
"Longueuil",0.2966131,32.68,13.42,43690
"Longueuil",0.2945557,32.69,13.37,43690
"Longueuil",0.296636,32.68,13.36,43690
"Longueuil",0.2955551,32.67,13.36,43690
"Longueuil",0.2956365,32.67,13.38,43690
"Longueuil",0.2971548,32.67,13.39,43690
"Longueuil",0.2979991,32.65,13.36,43690
"Longueuil",0.2969767,32.66,13.34,43690
"Longueuil",0.2954153,32.66,13.35,43690
"Longueuil",0.2968928,32.65,13.37,43690
"Longueuil",0.2976608,32.65,13.34,43690
"Longueuil",0.2958552,32.42,13.36,43690
"Longueuil",0.2955399,32.67,13.42,43690
"Longueuil",0.2958145,32.68,13.38,43690
"Longueuil",0.2973022,32.68,13.35,43690
"Longueuil",0.2966105,32.68,13.34,43690
"Longueuil",0.295639,32.69,13.32,43690
"Longueuil",0.2956899,32.69,13.32,43690
"Longueuil",0.2953237,32.7,13.38,43690
"Longueuil",0.2968191,32.71,13.31,43690
"Longueuil",0.2960815,32.71,13.32,43690
"Longueuil",0.2977753,32.72,13.3,43690
"Longueuil",0.2955322,32.73,13.34,43690
"Longueuil",0.2958221,32.75,13.34,43690
"Longueuil",0.2943598,32.78,13.34,43690
"Longueuil",0.2955805,32.79,13.36,43690
"Longueuil",0.2956823,32.81,13.36,43690
"Longueuil",0.2968012,32.81,13.39,43690
"Longueuil",0.2958755,32.82,13.39,43690
"Longueuil",0.2944082,32.83,13.41,43690
"Longueuil",0.2945557,32.84,13.4,43690
"Longueuil",0.2970734,32.85,13.42,43690
"Longueuil",0.295166,32.86,13.41,43690
"Longueuil",0.2942047,32.87,13.45,43690
"Longueuil",0.293663,32.85,13.45,43690
"Longueuil",0.2936579,32.86,13.44,43690
"Longueuil",0.2939199,32.87,13.47,43690
"Longueuil",0.2925771,32.86,13.45,43690
"Longueuil",0.2918574,32.86,13.42,43690
"Longueuil",0.2914022,32.85,13.39,43690
"Longueuil",0.2906698,32.83,13.4,43690
"Longueuil",0.2918981,32.82,13.38,43690
"Longueuil",0.2940623,32.82,13.37,43690
"Longueuil",0.2922567,32.8,13.38,43690
"Longueuil",0.2935689,32.79,13.43,43690
"Longueuil",0.2909673,32.78,13.43,43690
"Longueuil",0.2921778,32.76,13.42,43690
"Longueuil",0.2940852,32.75,13.39,43690
"Longueuil",0.2922617,32.7,13.38,43690
"Longueuil",0.2942556,32.7,13.4,43690
"Longueuil",0.2936783,32.72,13.38,43690
"Longueuil",0.2935715,32.69,13.43,43690
"Longueuil",0.2926508,32.69,13.44,43690
"Longueuil",0.2956696,32.68,13.41,43690
"Longueuil",0.2959976,32.67,13.44,43690
"Longueuil",0.2973862,32.67,13.42,43690
"Longueuil",0.2935918,32.72,13.47,43690
"Longueuil",0.2971751,32.69,13.44,43690
"Longueuil",0.295194,32.66,13.43,43690
"Longueuil",0.2967351,32.66,13.42,43690
"Longueuil",0.2980881,32.66,13.4,43690
"Longueuil",0.2973429,32.67,13.38,43690
"Longueuil",0.2968089,32.67,13.39,43690
"Longueuil",0.2976023,32.68,13.4,43690
"Longueuil",0.2975337,32.69,13.4,43690
"Longueuil",0.2961833,32.7,13.4,43690
"Longueuil",0.2988968,32.69,13.44,43690
"Longueuil",0.2983373,32.7,13.4,43690
"Longueuil",0.2962418,32.71,13.4,43690
"Longueuil",0.2963689,32.72,13.39,43690
"Longueuil",0.297226,32.73,13.39,43690
"Longueuil",0.2970149,32.74,13.39,43690
"Longueuil",0.2966487,32.75,13.32,43690
"Longueuil",0.2966843,32.75,13.33,43690
"Longueuil",0.29761,32.76,13.37,43690
"Longueuil",0.2990748,32.78,13.39,43690
"Longueuil",0.2947337,32.79,13.36,43690
"Longueuil",0.294899,32.8,13.4,43690
"Longueuil",0.2969386,32.81,13.48,43690
"Longueuil",0.2955017,32.83,13.4,43690
"Longueuil",0.2964834,32.83,13.41,43690
"Longueuil",0.2954814,32.83,13.41,43690
"Longueuil",0.2940521,32.83,13.39,43690
"Longueuil",0.2925644,32.83,13.37,43690
"Longueuil",0.2946243,32.82,13.39,43690
"Longueuil",0.2931035,32.81,13.43,43690
"Longueuil",0.292455,32.81,13.4,43690
"Longueuil",0.2938181,32.8,13.41,43690
"Longueuil",0.2932002,32.79,13.41,43690
"Longueuil",0.2930044,32.77,13.42,43690
"Longueuil",0.2919489,32.75,13.4,43690
"Longueuil",0.2938766,32.72,13.37,43690
"Longueuil",0.2936707,32.71,13.39,43690
"Longueuil",0.2939275,32.68,13.36,43690
"Longueuil",0.2973302,32.68,13.36,43690
"Longueuil",0.2945175,32.68,13.36,43690
"Longueuil",0.2960764,32.67,13.36,43690
"Longueuil",0.2961299,32.65,13.32,43690
"Longueuil",0.2936147,32.62,13.34,43690
"Longueuil",0.2949575,32.62,13.32,43690
"Longueuil",0.2961782,32.61,13.31,43690
"Longueuil",0.2948914,32.61,13.31,43690
"Longueuil",0.2938589,32.62,13.31,43690
"Longueuil",0.294838,32.61,13.33,43690
"Longueuil",0.2968445,32.62,13.33,43690
"Longueuil",0.2941767,32.62,13.32,43690
"Longueuil",0.2948965,32.66,13.32,43690
"Longueuil",0.2959671,32.66,13.35,43690
"Longueuil",0.2953262,32.73,13.35,43690
"Longueuil",0.2958552,32.66,13.33,43690
"Longueuil",0.2970327,32.72,13.37,43690
"Longueuil",0.3002625,32.66,13.3,43690
"Longueuil",0.2960943,32.67,13.32,43690
"Longueuil",0.30012,32.69,13.31,43690
"Longueuil",0.2961553,32.69,13.33,43690
"Longueuil",0.2965546,32.71,13.31,43690
"Longueuil",0.294426,32.72,13.32,43690
"Longueuil",0.2978897,32.73,13.32,43690
"Longueuil",0.2977091,32.73,13.34,43690
"Longueuil",0.2964757,32.75,13.34,43690
"Longueuil",0.297287,32.78,13.35,43690
"Longueuil",0.2964401,32.78,13.34,43690
"Longueuil",0.2940648,32.79,13.34,43690
"Longueuil",0.2961146,32.8,13.36,43690
"Longueuil",0.2950541,32.81,13.33,43690
"Longueuil",0.2948965,32.82,13.36,43690
"Longueuil",0.295639,32.83,13.32,43690
"Longueuil",0.294342,32.84,13.34,43690
"Longueuil",0.2966258,32.84,13.33,43690
"Longueuil",0.2947871,32.86,13.33,43690
"Longueuil",0.2948049,32.88,13.37,43690
"Longueuil",0.2932231,32.87,13.39,43690
"Longueuil",0.2939377,32.87,13.36,43690
"Longueuil",0.2911809,32.89,13.36,43690
"Longueuil",0.2919973,32.88,13.35,43690
"Longueuil",0.292689,32.87,13.38,43690
"Longueuil",0.2907537,32.86,13.34,43690
"Longueuil",0.2932561,32.85,13.35,43690
"Longueuil",0.2920939,32.85,13.38,43690
"Longueuil",0.2906469,32.84,13.34,43690
"Longueuil",0.2915497,32.82,13.35,43690
"Longueuil",0.2898178,32.8,13.38,43690
"Longueuil",0.2903925,32.8,13.38,43690
"Longueuil",0.2904638,32.78,13.39,43690
"Longueuil",0.2911352,32.77,13.38,43690
"Longueuil",0.2932154,32.74,13.43,43690
"Longueuil",0.2916794,32.73,13.4,43690
"Longueuil",0.2916667,32.71,13.37,43690
"Longueuil",0.2915929,32.7,13.35,43690
"Longueuil",0.2937215,32.69,13.38,43690
"Longueuil",0.2922414,32.68,13.32,43690
"Longueuil",0.2907562,32.67,13.31,43690
"Longueuil",0.294927,32.67,13.31,43690
"Longueuil",0.2919083,32.67,13.32,43690
"Longueuil",0.2940089,32.66,13.31,43690
"Longueuil",0.294515,32.67,13.34,43690
"Longueuil",0.2961909,32.68,13.32,43690
"Longueuil",0.2952347,32.68,13.31,43690
"Longueuil",0.2955856,32.68,13.31,43690
"Longueuil",0.2949117,32.7,13.36,43690
"Longueuil",0.2934698,32.71,13.36,43690
"Longueuil",0.2925517,32.7,13.34,43690
"Longueuil",0.2936223,32.73,13.34,43690
"Longueuil",0.2954661,32.73,13.36,43690
"Longueuil",0.2955271,32.73,13.37,43690
"Longueuil",0.2944717,32.73,13.39,43690
"Longueuil",0.2944183,32.74,13.37,43690
"Longueuil",0.294014,32.74,13.34,43690
"Longueuil",0.2950338,32.75,13.31,43690
"Longueuil",0.294871,32.74,13.31,43690
"Longueuil",0.2940674,32.76,13.3,43690
"Longueuil",0.2949854,32.77,13.35,43690
"Longueuil",0.2938487,32.8,13.37,43690
"Longueuil",0.2938232,32.8,13.33,43690
"Longueuil",0.2930679,32.82,13.32,43690
"Longueuil",0.2950541,32.83,13.33,43690
"Longueuil",0.2945048,32.84,13.36,43690
"Longueuil",0.2941183,32.85,13.35,43690
"Longueuil",0.2895355,32.85,13.36,43690
"Longueuil",0.2911758,32.86,13.35,43690
"Longueuil",0.2909266,32.87,13.33,43690
"Longueuil",0.2917531,32.87,13.36,43690
"Longueuil",0.2919897,32.86,13.37,43690
"Longueuil",0.2898076,32.86,13.33,43690
"Longueuil",0.2904714,32.85,13.32,43690
"Longueuil",0.2907359,32.84,13.32,43690
"Longueuil",0.2901586,32.83,13.33,43690
"Longueuil",0.2908351,32.84,13.38,43690
"Longueuil",0.2879232,32.81,13.36,43690
"Longueuil",0.2901866,32.8,13.39,43690
"Longueuil",0.2897466,32.79,13.36,43690
"Longueuil",0.2899373,32.78,13.35,43690
"Longueuil",0.2886429,32.76,13.4,43690
"Longueuil",0.2914658,32.74,13.43,43690
"Longueuil",0.2919286,32.72,13.43,43690
"Longueuil",0.2917303,32.7,13.41,43690
"Longueuil",0.2890829,32.69,13.42,43690
"Longueuil",0.2933477,32.69,13.39,43690
"Longueuil",0.293073,32.67,13.37,43690
"Longueuil",0.2936758,32.66,13.4,43690
"Longueuil",0.2933782,32.69,13.4,43690
"Longueuil",0.2929128,32.67,13.39,43690
"Longueuil",0.2922491,32.67,13.38,43690
"Longueuil",0.2939199,32.66,13.38,43690
"Longueuil",0.2920252,32.67,13.37,43690
"Longueuil",0.2904867,32.67,13.37,43690
"Longueuil",0.2957357,32.68,13.42,43690
"Longueuil",0.2944005,32.69,13.4,43690
"Longueuil",0.2907893,32.69,13.4,43690
"Longueuil",0.2924627,32.7,13.41,43690
"Longueuil",0.2922897,32.69,13.35,43690
"Longueuil",0.2910665,32.7,13.36,43690
"Longueuil",0.294398,32.7,13.33,43690
"Longueuil",0.2913361,32.72,13.35,43690
"Longueuil",0.2912013,32.72,13.38,43690
"Longueuil",0.2924983,32.73,13.38,43690
"Longueuil",0.2916718,32.74,13.44,43690
"Longueuil",0.2911352,32.77,13.39,43690
"Longueuil",0.2924576,32.78,13.39,43690
"Longueuil",0.2920939,32.78,13.39,43690
"Longueuil",0.2909546,32.79,13.43,43690
"Longueuil",0.2928034,32.8,13.35,43690
"Longueuil",0.2932765,32.8,13.36,43690
"Longueuil",0.2914276,32.81,13.36,43690
"Longueuil",0.2927195,32.82,13.36,43690
"Longueuil",0.2941666,32.85,13.35,43690
"Longueuil",0.2909978,32.85,13.35,43690
"Longueuil",0.2920761,32.86,13.39,43690
"Longueuil",0.2927297,32.87,13.37,43690
"Longueuil",0.2930654,32.89,13.37,43690
"Longueuil",0.2936071,32.91,13.34,43690
"Longueuil",0.2915726,32.91,13.34,43690
"Longueuil",0.2907028,32.9,13.3,43690
"Longueuil",0.2897619,32.91,13.33,43690
"Longueuil",0.2903163,32.94,13.35,43690
"Longueuil",0.290184,32.92,13.33,43690
"Longueuil",0.2910512,32.94,13.36,43690
"Longueuil",0.2881088,32.93,13.34,43690
"Longueuil",0.289917,32.91,13.31,43690
"Longueuil",0.2872518,32.91,13.31,43690
"Longueuil",0.2898458,32.91,13.31,43690
"Longueuil",0.2893015,32.88,13.33,43690
"Longueuil",0.2881393,32.88,13.29,43690
"Longueuil",0.2874349,32.87,13.32,43690
"Longueuil",0.2900085,32.86,13.36,43690
"Longueuil",0.2880478,32.84,13.35,43690
"Longueuil",0.2916209,32.81,13.37,43690
"Longueuil",0.2913106,32.79,13.31,43690
"Longueuil",0.290451,32.78,13.32,43690
"Longueuil",0.290657,32.77,13.31,43690
"Longueuil",0.2918905,32.76,13.32,43690
"Longueuil",0.2930247,32.74,13.35,43690
"Longueuil",0.2926153,32.74,13.34,43690
"Longueuil",0.2921855,32.71,13.3,43690
"Longueuil",0.2929942,32.71,13.3,43690
"Longueuil",0.2913233,32.72,13.35,43690
"Longueuil",0.2920558,32.71,13.32,43690
"Longueuil",0.2911097,32.72,13.36,43690
"Longueuil",0.2960358,32.72,13.34,43690
"Longueuil",0.2933299,32.71,13.33,43690
"Longueuil",0.2913818,32.72,13.36,43690
"Longueuil",0.2972692,32.73,13.34,43690
"Longueuil",0.2937495,32.72,13.32,43690
"Longueuil",0.2933401,32.72,13.32,43690
"Longueuil",0.2938538,32.74,13.3,43690
"Longueuil",0.2959086,32.8,13.32,43690
"Longueuil",0.2938385,32.74,13.33,43690
"Longueuil",0.2940928,32.77,13.35,43690
"Longueuil",0.2972565,32.76,13.35,43690
"Longueuil",0.2942403,32.78,13.4,43690
"Longueuil",0.2938817,32.79,13.42,43690
"Longueuil",0.2944539,32.8,13.44,43690
"Longueuil",0.2947032,32.81,13.42,43690
"Longueuil",0.2947668,32.82,13.43,43690
"Longueuil",0.2955348,32.83,13.43,43690
"Longueuil",0.2963384,32.84,13.41,43690
"Longueuil",0.2981059,32.84,13.38,43690
"Longueuil",0.2949091,32.84,13.37,43690
"Longueuil",0.297554,32.86,13.37,43690
"Longueuil",0.2938639,32.87,13.39,43690
"Longueuil",0.2943827,32.87,13.4,43690
"Longueuil",0.2936884,32.9,13.44,43690
"Longueuil",0.2926814,32.9,13.43,43690
"Longueuil",0.2937292,32.9,13.46,43690
"Longueuil",0.2934519,32.9,13.44,43690
"Longueuil",0.294136,32.9,13.44,43690
"Longueuil",0.2941691,32.9,13.44,43690
"Longueuil",0.2898407,32.9,13.43,43690
"Longueuil",0.2898153,32.9,13.43,43690
"Longueuil",0.2909012,32.88,13.43,43690
"Longueuil",0.2913361,32.88,13.44,43690
"Longueuil",0.2921855,32.84,13.38,43690
"Longueuil",0.2901637,32.82,13.35,43690
"Longueuil",0.2923914,32.8,13.34,43690
"Longueuil",0.2898687,32.78,13.34,43690
"Longueuil",0.2907028,32.76,13.3,43690
"Longueuil",0.2919922,32.74,13.32,43690
"Longueuil",0.2916997,32.75,13.36,43690
"Longueuil",0.2944972,32.74,13.35,43690
"Longueuil",0.2930578,32.71,13.31,43690
"Longueuil",0.2910258,32.69,13.31,43690
"Longueuil",0.292628,32.69,13.33,43690
"Longueuil",0.295255,32.68,13.35,43690
"Longueuil",0.2965647,32.68,13.38,43690
"Longueuil",0.2959315,32.69,13.34,43690
"Longueuil",0.2964071,32.69,13.34,43690
"Longueuil",0.2933884,32.68,13.34,43690
"Longueuil",0.2955271,32.69,13.36,43690
"Longueuil",0.2949448,32.7,13.39,43690
"Longueuil",0.2956823,32.7,13.4,43690
"Longueuil",0.2941564,32.7,13.38,43690
"Longueuil",0.2957255,32.7,13.37,43690
"Longueuil",0.2976837,32.69,13.34,43690
"Longueuil",0.2955856,32.69,13.37,43690
"Longueuil",0.2967936,32.7,13.38,43690
"Longueuil",0.2973226,32.68,13.38,43690
"Longueuil",0.2972463,32.72,13.39,43690
"Longueuil",0.2963435,32.73,13.38,43690
"Longueuil",0.2951787,32.72,13.39,43690
"Longueuil",0.2967733,32.73,13.37,43690
"Longueuil",0.2954687,32.74,13.39,43690
"Longueuil",0.2960841,32.75,13.36,43690
"Longueuil",0.2947159,32.75,13.36,43690
"Longueuil",0.2969793,32.76,13.37,43690
"Longueuil",0.2991257,32.78,13.39,43690
"Longueuil",0.297526,32.79,13.39,43690
"Longueuil",0.2972946,32.79,13.36,43690
"Longueuil",0.2979279,32.8,13.35,43690
"Longueuil",0.2992477,32.78,13.33,43690
"Longueuil",0.2970352,32.82,13.34,43690
"Longueuil",0.2987035,32.82,13.31,43690
"Longueuil",0.2988535,32.82,13.29,43690
"Longueuil",0.2964834,32.85,13.32,43690
"Longueuil",0.2976939,32.84,13.31,43690
"Longueuil",0.2979889,32.87,13.31,43690
"Longueuil",0.2970785,32.9,13.33,43690
"Longueuil",0.296669,32.91,13.34,43690
"Longueuil",0.2955805,32.92,13.38,43690
"Longueuil",0.2976125,32.91,13.37,43690
"Longueuil",0.2979787,32.92,13.37,43690
"Longueuil",0.2945608,32.93,13.36,43690
"Longueuil",0.2935715,32.92,13.37,43690
"Longueuil",0.2951482,32.93,13.36,43690
"Longueuil",0.2944031,32.92,13.34,43690
"Longueuil",0.2942657,32.91,13.32,43690
"Longueuil",0.2935537,32.91,13.31,43690
"Longueuil",0.293162,32.89,13.31,43690
"Longueuil",0.2930756,32.87,13.31,43690
"Longueuil",0.2925135,32.86,13.31,43690
"Longueuil",0.2934596,32.85,13.3,43690
"Longueuil",0.2933985,32.84,13.31,43690
"Longueuil",0.295756,32.82,13.32,43690
"Longueuil",0.2950974,32.81,13.33,43690
"Longueuil",0.2965469,32.79,13.33,43690
"Longueuil",0.2938716,32.77,13.31,43690
"Longueuil",0.2940394,32.76,13.34,43690
"Longueuil",0.2978567,32.72,13.32,43690
"Longueuil",0.2966181,32.73,13.34,43690
"Longueuil",0.2998022,32.72,13.34,43690
"Longueuil",0.2965851,32.72,13.3,43690
"Longueuil",0.2967021,32.71,13.33,43690
"Longueuil",0.2973582,32.76,13.35,43690
"Longueuil",0.298673,32.71,13.33,43690
"Longueuil",0.3015137,32.72,13.34,43690
"Longueuil",0.2978236,32.71,13.4,43690
"Longueuil",0.2991892,32.7,13.35,43690
"Longueuil",0.3003794,32.69,13.32,43690
"Longueuil",0.3000031,32.7,13.31,43690
"Longueuil",0.3024648,32.7,13.32,43690
"Longueuil",0.2984187,32.71,13.31,43690
"Longueuil",0.300059,32.73,13.34,43690
"Longueuil",0.2985713,32.75,13.38,43690
"Longueuil",0.3004125,32.76,13.36,43690
"Longueuil",0.2987086,32.76,13.38,43690
"Longueuil",0.2999522,32.77,13.43,43690
"Longueuil",0.2998861,32.77,13.44,43690
"Longueuil",0.300827,32.77,13.4,43690
"Longueuil",0.2988815,32.77,13.4,43690
"Longueuil",0.2997742,32.8,13.37,43690
"Longueuil",0.301712,32.78,13.36,43690
"Longueuil",0.3013255,32.78,13.41,43690
"Longueuil",0.3027115,32.8,13.36,43690
"Longueuil",0.3025564,32.81,13.39,43690
"Longueuil",0.3041204,32.82,13.33,43690
"Longueuil",0.3051198,32.83,13.33,43690
"Longueuil",0.3021139,32.84,13.34,43690
"Longueuil",0.3009821,32.85,13.39,43690
"Longueuil",0.3060786,32.86,13.4,43690
"Longueuil",0.3034617,32.86,13.38,43690
"Longueuil",0.3044179,32.87,13.39,43690
"Longueuil",0.3052699,32.88,13.36,43690
"Longueuil",0.3058497,32.89,13.34,43690
"Longueuil",0.3061218,32.91,13.34,43690
"Longueuil",0.3039322,32.91,13.38,43690
"Longueuil",0.3037643,32.93,13.39,43690
"Longueuil",0.3044662,32.93,13.34,43690
"Longueuil",0.3069153,32.94,13.34,43690
"Longueuil",0.3043798,32.94,13.34,43690
"Longueuil",0.3032964,32.94,13.34,43690
"Longueuil",0.3035126,32.94,13.37,43690
"Longueuil",0.3019053,32.94,13.41,43690
"Longueuil",0.3018723,32.94,13.42,43690
"Longueuil",0.301384,32.93,13.39,43690
"Longueuil",0.302564,32.91,13.36,43690
"Longueuil",0.3044001,32.9,13.36,43690
"Longueuil",0.301946,32.89,13.38,43690
"Longueuil",0.3027267,32.86,13.36,43690
"Longueuil",0.3036524,32.83,13.34,43690
"Longueuil",0.3013712,32.81,13.31,43690
"Longueuil",0.3039551,32.78,13.33,43690
"Longueuil",0.3045909,32.77,13.33,43690
"Longueuil",0.3035609,32.77,13.32,43690
"Longueuil",0.3069712,32.74,13.33,43690
"Longueuil",0.3061905,32.73,13.31,43690
"Longueuil",0.3088709,32.72,13.33,43690
"Longueuil",0.3057912,32.73,13.35,43690
"Longueuil",0.3078384,32.73,13.36,43690
"Longueuil",0.3090973,32.74,13.41,43690
"Longueuil",0.3079351,32.72,13.4,43690
"Longueuil",0.3113022,32.72,13.41,43690
"Longueuil",0.3109995,32.73,13.36,43690
"Longueuil",0.3101781,32.7,13.33,43690
"Longueuil",0.3111064,32.71,13.36,43690
"Longueuil",0.3114522,32.71,13.37,43690
"Longueuil",0.3093262,32.72,13.38,43690
"Longueuil",0.3120117,32.73,13.42,43690
"Longueuil",0.3124924,32.74,13.4,43690
"Longueuil",0.3120143,32.74,13.39,43690
"Longueuil",0.3139852,32.74,13.38,43690
"Longueuil",0.3139445,32.75,13.36,43690
"Longueuil",0.3114395,32.75,13.4,43690
"Longueuil",0.3126068,32.76,13.38,43690
"Longueuil",0.3123245,32.77,13.38,43690
"Longueuil",0.3158315,32.77,13.34,43690
"Longueuil",0.3162257,32.78,13.41,43690
"Longueuil",0.3141276,32.78,13.36,43690
"Longueuil",0.3157018,32.8,13.37,43690
"Longueuil",0.3154933,32.8,13.36,43690
"Longueuil",0.3144633,32.81,13.38,43690
"Longueuil",0.3137309,32.84,13.42,43690
"Longueuil",0.3135045,32.85,13.39,43690
"Longueuil",0.3150889,32.85,13.37,43690
"Longueuil",0.3164648,32.84,13.35,43690
"Longueuil",0.3173828,32.85,13.32,43690
"Longueuil",0.31574,32.86,13.33,43690
"Longueuil",0.3175252,32.87,13.33,43690
"Longueuil",0.3184026,32.89,13.32,43690
"Longueuil",0.3185298,32.91,13.37,43690
"Longueuil",0.316508,32.91,13.39,43690
"Longueuil",0.3175227,32.93,13.36,43690
"Longueuil",0.3198929,32.94,13.39,43690
"Longueuil",0.3191757,32.91,13.39,43690
"Longueuil",0.3198115,32.96,13.43,43690
"Longueuil",0.3171463,32.97,13.38,43690
"Longueuil",0.3161011,32.98,13.39,43690
"Longueuil",0.3156662,32.98,13.4,43690
"Longueuil",0.3159663,32.97,13.42,43690
"Longueuil",0.3170751,33,13.42,43690
"Longueuil",0.3180084,32.98,13.46,43690
"Longueuil",0.3161316,32.97,13.42,43690
"Longueuil",0.3154297,32.95,13.39,43690
"Longueuil",0.3149745,32.94,13.4,43690
"Longueuil",0.3139063,32.93,13.4,43690
"Longueuil",0.3154195,32.91,13.37,43690
"Longueuil",0.3158493,32.89,13.38,43690
"Longueuil",0.3146032,32.86,13.36,43690
"Longueuil",0.3141988,32.76,13.36,43690
"Longueuil",0.3156408,32.83,13.34,43690
"Longueuil",0.3178609,32.81,13.36,43690
"Longueuil",0.3160121,32.79,13.33,43690
"Longueuil",0.3182271,32.78,13.34,43690
"Longueuil",0.31766,32.76,13.35,43690
"Longueuil",0.3178152,32.76,13.41,43690
"Longueuil",0.316541,32.75,13.36,43690
"Longueuil",0.3179169,32.73,13.36,43690
"Longueuil",0.3176219,32.73,13.33,43690
"Longueuil",0.3178914,32.73,13.35,43690
"Longueuil",0.3166733,32.72,13.35,43690
"Longueuil",0.3180415,32.74,13.36,43690
"Longueuil",0.3193029,32.74,13.35,43690
"Longueuil",0.3187357,32.73,13.34,43690
"Longueuil",0.3191198,32.75,13.37,43690
"Longueuil",0.3184586,32.74,13.39,43690
"Longueuil",0.3200862,32.74,13.39,43690
"Longueuil",0.3200506,32.74,13.39,43690
"Longueuil",0.3175964,32.74,13.39,43690
"Longueuil",0.3211187,32.74,13.4,43690
"Longueuil",0.3195979,32.75,13.35,43690
"Longueuil",0.3188731,32.74,13.31,43690
"Longueuil",0.3184891,32.74,13.33,43690
"Longueuil",0.3214976,32.77,13.37,43690
"Longueuil",0.3191096,32.82,13.34,43690
"Longueuil",0.3183924,32.84,13.31,43690
"Longueuil",0.3182704,32.84,13.31,43690
"Longueuil",0.3189163,32.86,13.34,43690
"Longueuil",0.3174108,32.87,13.33,43690
"Longueuil",0.3193741,32.88,13.39,43690
"Longueuil",0.3170217,32.89,13.37,43690
"Longueuil",0.3167496,32.88,13.36,43690
"Longueuil",0.3181178,32.88,13.33,43690
"Longueuil",0.3186137,32.9,13.36,43690
"Longueuil",0.3177287,32.9,13.34,43690
"Longueuil",0.3150279,32.91,13.34,43690
"Longueuil",0.315712,32.91,13.31,43690
"Longueuil",0.315684,32.92,13.35,43690
"Longueuil",0.3161977,32.93,13.32,43690
"Longueuil",0.3134181,32.95,13.32,43690
"Longueuil",0.3170242,32.97,13.39,43690
"Longueuil",0.3153992,32.98,13.41,43690
"Longueuil",0.3168131,32.98,13.37,43690
"Longueuil",0.3172302,33,13.39,43690
"Longueuil",0.3158086,33.01,13.38,43690
"Longueuil",0.3150457,33.02,13.36,43690
"Longueuil",0.3125585,33.01,13.36,43690
"Longueuil",0.3143997,33.03,13.31,43690
"Longueuil",0.3101552,33.01,13.31,43690
"Longueuil",0.3111165,33.02,13.31,43690
"Longueuil",0.3109868,33.03,13.34,43690
"Longueuil",0.3110606,33.02,13.33,43690
"Longueuil",0.3138453,33.03,13.34,43690
"Longueuil",0.3091888,33.02,13.35,43690
"Longueuil",0.3084081,33.01,13.3,43690
"Longueuil",0.3078588,32.99,13.32,43690
"Longueuil",0.3071543,32.85,13.31,43690
"Longueuil",0.309049,32.96,13.31,43690
"Longueuil",0.3083293,32.94,13.33,43690
"Longueuil",0.3102366,32.92,13.35,43690
"Longueuil",0.3095347,32.91,13.36,43690
"Longueuil",0.3082962,32.69,13.35,43690
"Longueuil",0.3085938,32.88,13.38,43690
"Longueuil",0.3101629,32.86,13.38,43690
"Longueuil",0.3096771,32.85,13.41,43690
"Longueuil",0.3095194,32.83,13.41,43690
"Longueuil",0.310173,32.84,13.43,43690
"Longueuil",0.3109411,32.84,13.42,43690
"Longueuil",0.3107809,32.81,13.43,43690
"Longueuil",0.3106486,32.8,13.41,43690
"Longueuil",0.3137461,32.8,13.4,43690
"Longueuil",0.3113912,32.78,13.38,43690
"Longueuil",0.3125458,32.8,13.41,43690
"Longueuil",0.3105927,32.8,13.4,43690
"Longueuil",0.3109741,32.79,13.37,43690
"Longueuil",3.231092,32.77,13.35,43690
"Longueuil",1.81677,32.78,13.34,43690
"Longueuil",0.3374201,32.78,13.33,43690
"Longueuil",0.3134155,32.78,13.34,43690
"Longueuil",0.3136241,32.8,13.38,43690
"Longueuil",0.3091253,32.83,13.4,43690
"Longueuil",0.3108266,32.81,13.43,43690
"Longueuil",0.3109792,32.81,13.4,43690
"Longueuil",0.3119125,32.81,13.39,43690
"Longueuil",0.3076935,32.81,13.36,43690
"Longueuil",0.3085581,32.81,13.38,43690
"Longueuil",0.3115616,32.82,13.38,43690
"Longueuil",0.3116506,32.83,13.4,43690
"Longueuil",0.3081411,32.84,13.42,43690
"Longueuil",0.3094915,32.83,13.4,43690
"Longueuil",0.3105113,32.85,13.41,43690
"Longueuil",0.3097153,32.84,13.4,43690
"Longueuil",0.3081589,32.86,13.42,43690
"Longueuil",0.3087438,32.87,13.42,43690
"Longueuil",0.3073145,32.88,13.42,43690
"Longueuil",0.3101044,32.87,13.44,43690
"Longueuil",0.3095983,32.88,13.41,43690
"Longueuil",0.3108241,32.89,13.43,43690
"Longueuil",0.3083547,32.88,13.42,43690
"Longueuil",0.3098094,32.9,13.41,43690
"Longueuil",0.3089218,32.9,13.41,43690
"Longueuil",0.3101451,32.92,13.39,43690
"Longueuil",0.3095678,32.92,13.44,43690
"Longueuil",0.3114929,32.93,13.39,43690
"Longueuil",0.311175,32.94,13.37,43690
"Longueuil",0.3115082,32.93,13.34,43690
"Longueuil",0.3129221,32.94,13.36,43690
"Longueuil",0.3101018,32.95,13.37,43690
"Longueuil",0.3113454,32.97,13.41,43690
"Longueuil",0.3149414,32.98,13.41,43690
"Longueuil",0.3131434,32.99,13.43,43690
"Longueuil",0.3116125,33,13.39,43690
"Longueuil",0.3144582,33.01,13.42,43690
"Longueuil",0.3141149,33.02,13.41,43690
"Longueuil",0.3142751,33.03,13.41,43690
"Longueuil",0.3116201,33.03,13.42,43690
"Longueuil",0.3122304,33.04,13.37,43690
"Longueuil",0.3122559,33.02,13.33,43690
"Longueuil",0.3137766,33.01,13.33,43690
"Longueuil",0.3136749,33.01,13.32,43690
"Longueuil",0.3145879,33,13.33,43690
"Longueuil",0.3158315,32.99,13.31,43690
"Longueuil",0.3147074,32.98,13.36,43690
"Longueuil",0.3133698,32.98,13.34,43690
"Longueuil",0.3145956,32.96,13.42,43690
"Longueuil",0.3141123,32.96,13.4,43690
"Longueuil",0.3148193,32.95,13.38,43690
"Longueuil",0.3136597,32.91,13.38,43690
"Longueuil",0.3148422,32.89,13.38,43690
"Longueuil",0.3168818,32.87,13.37,43690
"Longueuil",0.3170268,32.86,13.39,43690
"Longueuil",0.3186289,32.83,13.39,43690
"Longueuil",0.3182475,32.83,13.38,43690
"Longueuil",0.3196971,32.83,13.37,43690
"Longueuil",0.3195521,32.86,13.39,43690
"Longueuil",0.318924,32.82,13.38,43690
"Longueuil",0.3192215,32.79,13.34,43690
"Longueuil",0.3213628,32.77,13.31,43690
"Longueuil",0.3218638,32.77,13.31,43690
"Longueuil",0.3222885,32.77,13.33,43690
"Longueuil",0.3221995,32.79,13.35,43690
"Longueuil",0.3222148,32.51,13.34,43690
"Longueuil",0.3226293,32.77,13.33,43690
"Longueuil",0.3232727,32.78,13.31,43690
"Longueuil",0.3259989,32.79,13.3,43690
"Longueuil",0.3242493,32.79,13.31,43690
"Longueuil",0.3263906,32.8,13.32,43690
"Longueuil",0.3266068,32.8,13.32,43690
"Longueuil",0.3268305,32.8,13.36,43690
"Longueuil",0.3252335,32.8,13.33,43690
"Longueuil",0.3250504,32.82,13.35,43690
"Longueuil",0.3272247,32.82,13.34,43690
"Longueuil",0.3268382,32.84,13.36,43690
"Longueuil",0.326355,32.86,13.35,43690
"Longueuil",0.3274307,32.87,13.4,43690
"Longueuil",0.3273773,32.88,13.37,43690
"Longueuil",0.3298569,32.86,13.36,43690
"Longueuil",0.3294042,32.88,13.34,43690
"Longueuil",0.3280284,32.89,13.35,43690
"Longueuil",0.328949,32.89,13.38,43690
"Longueuil",0.3277613,32.93,13.36,43690
"Longueuil",0.3322423,32.93,13.33,43690
"Longueuil",0.3296712,32.94,13.37,43690
"Longueuil",0.3300095,32.95,13.35,43690
"Longueuil",0.3299332,32.96,13.35,43690
"Longueuil",0.3291067,32.96,13.33,43690
"Longueuil",0.3293711,32.96,13.39,43690
"Longueuil",0.3307851,32.98,13.33,43690
"Longueuil",0.3280055,32.98,13.35,43690
"Longueuil",0.3276113,32.98,13.35,43690
"Longueuil",0.3284963,32.97,13.32,43690
"Longueuil",0.3287557,32.97,13.32,43690
"Longueuil",0.327446,32.97,13.33,43690
"Longueuil",0.3285624,32.96,13.34,43690
"Longueuil",0.3280996,32.93,13.31,43690
"Longueuil",0.3297831,32.92,13.32,43690
"Longueuil",0.3283259,32.92,13.33,43690
"Longueuil",0.3288447,32.9,13.33,43690
"Longueuil",0.3315481,32.89,13.47,43690
"Longueuil",0.328921,32.88,13.37,43690
"Longueuil",0.3289693,32.85,13.43,43690
"Longueuil",0.3309123,32.64,13.39,43690
"Longueuil",0.3322525,32.83,13.38,43690
"Longueuil",0.3294373,32.8,13.36,43690
"Longueuil",0.3313853,32.78,13.34,43690
"Longueuil",0.330836,32.79,13.34,43690
"Longueuil",0.3320084,32.78,13.4,43690
"Longueuil",0.3327052,32.8,13.42,43690
"Longueuil",0.3323822,32.78,13.42,43690
"Longueuil",0.334259,32.76,13.4,43690
"Longueuil",0.3350321,32.75,13.36,43690
"Longueuil",0.3324076,32.74,13.35,43690
"Longueuil",0.334671,32.73,13.37,43690
"Longueuil",0.3354492,32.74,13.39,43690
"Longueuil",0.3371201,32.75,13.36,43690
"Longueuil",0.3370514,32.74,13.33,43690
"Longueuil",0.3339182,32.74,13.32,43690
"Longueuil",0.3363062,32.73,13.33,43690
"Longueuil",0.3359528,32.75,13.34,43690
"Longueuil",0.3367437,32.76,13.35,43690
"Longueuil",0.3369802,32.77,13.3,43690
"Longueuil",0.3354238,32.78,13.3,43690
"Longueuil",0.3352407,32.8,13.32,43690
"Longueuil",0.3376414,32.8,13.31,43690
"Longueuil",0.3358154,32.82,13.31,43690
"Longueuil",0.3381729,32.8,13.31,43690
"Longueuil",0.337499,32.84,13.34,43690
"Longueuil",0.3354721,32.86,13.36,43690
"Longueuil",0.3365758,32.87,13.37,43690
"Longueuil",0.3365351,32.89,13.43,43690
"Longueuil",0.3357264,32.9,13.42,43690
"Longueuil",0.3361231,32.92,13.43,43690
"Longueuil",0.3366699,32.91,13.43,43690
"Longueuil",0.3363113,32.92,13.41,43690
"Longueuil",0.3355891,32.9,13.37,43690
"Longueuil",0.3343989,32.92,13.38,43690
"Longueuil",0.3349915,32.9,13.39,43690
"Longueuil",0.3347855,32.91,13.36,43690
"Longueuil",0.3350881,32.91,13.38,43690
"Longueuil",0.3339691,32.9,13.34,43690
"Longueuil",0.3347804,32.87,13.34,43690
"Longueuil",0.3358816,32.88,13.37,43690
"Longueuil",0.3360748,32.88,13.4,43690
"Longueuil",0.3356654,32.87,13.38,43690
"Longueuil",0.3361944,32.85,13.33,43690
"Longueuil",0.3377787,32.81,13.31,43690
"Longueuil",0.3373286,32.8,13.35,43690
"Longueuil",0.3380992,32.8,13.35,43690
"Longueuil",0.3373083,32.78,13.38,43690
"Longueuil",0.3395309,32.75,13.37,43690
"Longueuil",0.3397497,32.74,13.35,43690
"Longueuil",0.3424454,32.74,13.37,43690
"Longueuil",0.3425725,32.73,13.38,43690
"Longueuil",0.3437653,32.72,13.37,43690
"Longueuil",0.3433151,32.71,13.33,43690
"Longueuil",0.344251,32.7,13.33,43690
"Longueuil",0.3428523,32.7,13.34,43690
"Longueuil",0.3438517,32.72,13.39,43690
"Longueuil",0.3466009,32.7,13.35,43690
"Longueuil",0.3437042,32.7,13.33,43690
"Longueuil",0.3454641,32.7,13.32,43690
"Longueuil",0.3446579,32.7,13.32,43690
"Longueuil",0.3446655,32.72,13.36,43690
"Longueuil",0.3455683,32.71,13.39,43690
"Longueuil",0.3477682,32.73,13.42,43690
"Longueuil",0.346817,32.74,13.39,43690
"Longueuil",0.348025,32.74,13.42,43690
"Longueuil",0.3455785,32.72,13.4,43690
"Longueuil",0.3447291,32.74,13.37,43690
"Longueuil",0.3455633,32.75,13.34,43690
"Longueuil",0.3482742,32.74,13.31,43690
"Longueuil",0.3479284,32.76,13.31,43690
"Longueuil",0.347641,32.77,13.32,43690
"Longueuil",0.3502019,32.78,13.31,43690
"Longueuil",0.3488871,32.8,13.34,43690
"Longueuil",0.3482386,32.81,13.36,43690
"Longueuil",0.3473816,32.82,13.38,43690
"Longueuil",0.3492177,32.82,13.37,43690
"Longueuil",0.3514582,32.84,13.32,43690
"Longueuil",0.3526026,32.83,13.29,43690
"Longueuil",0.3507639,32.83,13.29,43690
"Longueuil",0.3513184,32.84,13.28,43690
"Longueuil",0.3524119,32.87,13.33,43690
"Longueuil",0.3519897,32.87,13.31,43690
"Longueuil",0.3527451,32.89,13.34,43690
"Longueuil",0.3548126,32.9,13.32,43690
"Longueuil",0.35466,32.9,13.31,43690
"Longueuil",0.3547999,32.92,13.34,43690
"Longueuil",0.3539378,32.94,13.34,43690
"Longueuil",0.3546524,32.93,13.34,43690
"Longueuil",0.3534292,32.94,13.33,43690
"Longueuil",0.3563665,32.94,13.3,43690
"Longueuil",0.3547796,32.94,13.37,43690
"Longueuil",0.3539988,32.94,13.33,43690
"Longueuil",0.3549296,32.93,13.32,43690
"Longueuil",0.3569056,32.92,13.31,43690
"Longueuil",0.3554255,32.91,13.32,43690
"Longueuil",0.3544261,32.9,13.32,43690
"Longueuil",0.3542633,32.88,13.3,43690
"Longueuil",0.3549754,32.85,13.3,43690
"Longueuil",0.3540904,32.84,13.3,43690
"Longueuil",0.356842,32.83,13.32,43690
"Longueuil",0.3574193,32.82,13.35,43690
"Longueuil",0.3597641,32.8,13.39,43690
"Longueuil",0.3581645,32.79,13.39,43690
"Longueuil",0.3576482,32.79,13.39,43690
"Longueuil",0.3601481,32.77,13.42,43690
"Longueuil",0.3624954,32.75,13.42,43690
"Longueuil",0.3629633,32.74,13.44,43690
"Longueuil",0.3636576,32.74,13.4,43690
"Longueuil",0.3635432,32.73,13.4,43690
"Longueuil",0.3638255,32.71,13.38,43690
"Longueuil",0.3666636,32.71,13.35,43690
"Longueuil",0.3669637,32.69,13.31,43690
"Longueuil",0.366778,32.73,13.34,43690
"Longueuil",0.3656769,32.71,13.36,43690
"Longueuil",0.3654429,32.72,13.35,43690
"Longueuil",0.3670502,32.72,13.35,43690
"Longueuil",0.368721,32.74,13.36,43690
"Longueuil",0.3677699,32.75,13.39,43690
"Longueuil",0.3694585,32.75,13.43,43690
"Longueuil",0.3705877,32.76,13.41,43690
"Longueuil",0.368866,32.77,13.4,43690
"Longueuil",0.3734589,32.76,13.36,43690
"Longueuil",0.3715515,32.76,13.38,43690
"Longueuil",0.3692296,32.79,13.4,43690
"Longueuil",0.3725154,32.8,13.41,43690
"Longueuil",0.3692856,32.8,13.36,43690
"Longueuil",0.3705877,32.81,13.37,43690
"Longueuil",0.3702952,32.83,13.36,43690
"Longueuil",0.3710124,32.83,13.37,43690
"Longueuil",0.3713531,32.84,13.39,43690
"Longueuil",0.3726298,32.87,13.39,43690
"Longueuil",0.3726222,32.87,13.42,43690
"Longueuil",0.3746745,32.88,13.4,43690
"Longueuil",0.3754552,32.87,13.37,43690
"Longueuil",0.3744837,32.9,13.36,43690
"Longueuil",0.3763758,32.9,13.34,43690
"Longueuil",0.3779602,32.91,13.35,43690
"Longueuil",0.37456,32.62,13.36,43690
"Longueuil",0.3760605,32.94,13.42,43690
"Longueuil",0.3753764,32.94,13.4,43690
"Longueuil",0.375412,32.93,13.37,43690
"Longueuil",0.3761495,32.94,13.41,43690
"Longueuil",0.3780797,32.93,13.4,43690
"Longueuil",0.376859,32.93,13.37,43690
"Longueuil",0.3741455,32.93,13.35,43690
"Longueuil",0.3757858,32.92,13.34,43690
"Longueuil",0.3774694,32.91,13.35,43690
"Longueuil",0.3753306,32.9,13.4,43690
"Longueuil",0.3756561,32.89,13.37,43690
"Longueuil",0.3781128,32.86,13.34,43690
"Longueuil",0.3794836,32.84,13.35,43690
"Longueuil",0.3774745,32.83,13.36,43690
"Longueuil",0.3789291,32.82,13.37,43690
"Longueuil",0.3813934,32.79,13.31,43690
"Longueuil",0.382281,32.79,13.33,43690
"Longueuil",0.3859126,32.76,13.34,43690
"Longueuil",0.3853811,32.75,13.37,43690
"Longueuil",0.3874664,32.73,13.31,43690
"Longueuil",0.3883718,32.73,13.31,43690
"Longueuil",0.3900426,32.72,13.31,43690
"Longueuil",0.3895645,32.72,13.3,43690
"Longueuil",0.3930969,32.73,13.3,43690
"Longueuil",0.3924917,32.71,13.31,43690
"Longueuil",0.3950195,32.72,13.33,43690
"Longueuil",0.3935852,32.71,13.35,43690
"Longueuil",0.3921229,32.72,13.31,43690
"Longueuil",0.3937785,32.72,13.31,43690
"Longueuil",0.3940353,32.72,13.34,43690
"Longueuil",0.3933741,32.78,13.37,43690
"Longueuil",0.3940862,32.73,13.33,43690
"Longueuil",0.3936488,32.74,13.35,43690
"Longueuil",0.3928223,32.76,13.34,43690
"Longueuil",0.3916346,32.77,13.38,43690
"Longueuil",0.3936971,32.77,13.4,43690
"Longueuil",0.3952128,32.79,13.41,43690
"Longueuil",0.3953425,32.81,13.45,43690
"Longueuil",0.393219,32.82,13.42,43690
"Longueuil",0.3930257,32.82,13.44,43690
"Longueuil",0.3954976,32.83,13.43,43690
"Longueuil",0.3959173,32.83,13.41,43690
"Longueuil",0.3955943,32.84,13.41,43690
"Longueuil",0.3957876,32.85,13.37,43690
"Longueuil",0.3963598,32.85,13.39,43690
"Longueuil",0.3998896,32.86,13.39,43690
"Longueuil",0.3978068,32.87,13.42,43690
"Longueuil",0.4011841,32.89,13.38,43690
"Longueuil",0.4006602,32.89,13.37,43690
"Longueuil",0.4015732,32.9,13.38,43690
"Longueuil",0.4028829,32.92,13.39,43690
"Longueuil",0.3993429,32.94,13.4,43690
"Longueuil",0.399264,32.94,13.43,43690
"Longueuil",0.4009323,32.95,13.41,43690
"Longueuil",0.3998667,32.95,13.35,43690
"Longueuil",0.4014944,32.95,13.34,43690
"Longueuil",0.3998667,32.96,13.36,43690
"Longueuil",0.4017843,32.95,13.35,43690
"Longueuil",0.3998464,32.93,13.31,43690
"Longueuil",0.3998896,32.91,13.31,43690
"Longueuil",0.4011993,32.92,13.33,43690
"Longueuil",0.3990097,32.92,13.34,43690
"Longueuil",0.4048945,32.9,13.33,43690
"Longueuil",0.4029643,32.89,13.35,43690
"Longueuil",0.402298,32.87,13.36,43690
"Longueuil",0.4001745,32.86,13.33,43690
"Longueuil",0.4030914,32.84,13.34,43690
"Longueuil",0.4040578,32.82,13.35,43690
"Longueuil",0.4039993,32.8,13.36,43690
"Longueuil",0.4060694,32.81,13.39,43690
"Longueuil",0.4056396,32.78,13.44,43690
"Longueuil",0.4066823,32.77,13.41,43690
"Longueuil",0.4072876,32.75,13.39,43690
"Longueuil",0.4077555,32.76,13.42,43690
"Longueuil",0.4081421,32.75,13.43,43690
"Longueuil",0.4086838,32.73,13.42,43690
"Longueuil",0.4074936,32.73,13.42,43690
"Longueuil",0.4105657,32.73,13.39,43690
"Longueuil",0.4104462,32.72,13.36,43690
"Longueuil",0.4092534,32.71,13.36,43690
"Longueuil",0.4136887,32.71,13.33,43690
"Longueuil",0.4112829,32.72,13.36,43690
"Longueuil",0.4106165,32.72,13.37,43690
"Longueuil",0.4122086,32.73,13.33,43690
"Longueuil",0.4107386,32.73,13.33,43690
"Longueuil",0.4090856,32.72,13.32,43690
"Longueuil",0.4085897,32.73,13.31,43690
"Longueuil",0.4100138,32.74,13.31,43690
"Longueuil",0.4113719,32.73,13.33,43690
"Longueuil",0.4122442,32.75,13.3,43690
"Longueuil",0.4086151,32.77,13.3,43690
"Longueuil",0.412028,32.78,13.38,43690
"Longueuil",0.4137319,32.79,13.36,43690
"Longueuil",0.4127426,32.8,13.34,43690
"Longueuil",0.4134699,32.82,13.34,43690
"Longueuil",0.4146169,32.83,13.39,43690
"Longueuil",0.4153799,32.83,13.42,43690
"Longueuil",0.4167684,32.86,13.4,43690
"Longueuil",0.4178721,32.86,13.41,43690
"Longueuil",0.4209951,32.86,13.41,43690
"Longueuil",0.4191971,32.88,13.4,43690
"Longueuil",0.4187393,32.87,13.38,43690
"Longueuil",0.4205475,32.89,13.37,43690
"Longueuil",0.4210281,32.91,13.35,43690
"Longueuil",0.4199982,32.9,13.31,43690
"Longueuil",0.4180552,32.9,13.31,43690
"Longueuil",0.4294459,32.92,13.35,43690
"Longueuil",0.4293467,32.92,13.37,43690
"Longueuil",0.4292831,32.93,13.34,43690
"Longueuil",0.428187,32.92,13.37,43690
"Longueuil",0.4251048,32.9,13.31,43690
"Longueuil",0.4267044,32.9,13.33,43690
"Longueuil",0.4273275,32.88,13.32,43690
"Longueuil",0.4260788,32.89,13.33,43690
"Longueuil",0.4264679,32.87,13.33,43690
"Longueuil",0.4261042,32.85,13.37,43690
"Longueuil",0.4282506,32.84,13.36,43690
"Longueuil",0.4257711,32.83,13.38,43690
"Longueuil",0.4300359,32.82,13.41,43690
"Longueuil",0.4296951,32.8,13.4,43690
"Longueuil",0.4322917,32.77,13.42,43690
"Longueuil",0.4336141,32.76,13.41,43690
"Longueuil",0.4348907,32.79,13.37,43690
"Longueuil",0.4368998,32.73,13.34,43690
"Longueuil",0.4324442,32.71,13.36,43690
"Longueuil",0.4354807,32.72,13.37,43690
"Longueuil",0.4363174,32.71,13.41,43690
"Longueuil",0.4340363,32.7,13.37,43690
"Longueuil",0.4357071,32.7,13.33,43690
"Longueuil",0.4351908,32.7,13.36,43690
"Longueuil",0.4351222,32.71,13.38,43690
"Longueuil",0.4356817,32.73,13.42,43690
"Longueuil",0.4357274,32.7,13.45,43690
"Longueuil",0.4348068,32.71,13.42,43690
"Longueuil",0.4366888,32.72,13.4,43690
"Longueuil",0.4382146,32.72,13.42,43690
"Longueuil",0.435763,32.73,13.42,43690
"Longueuil",0.4376704,32.75,13.39,43690
"Longueuil",0.4376195,32.75,13.42,43690
"Longueuil",0.4360631,32.75,13.4,43690
"Longueuil",0.4388224,32.76,13.37,43690
"Longueuil",0.4398956,32.77,13.34,43690
"Longueuil",0.4400736,32.77,13.35,43690
"Longueuil",0.4393082,32.8,13.35,43690
"Longueuil",0.4395142,32.8,13.36,43690
"Longueuil",0.4412282,32.82,13.39,43690
"Longueuil",0.4409765,32.84,13.42,43690
"Longueuil",0.4420522,32.85,13.4,43690
"Longueuil",0.4421361,32.86,13.36,43690
"Longueuil",0.4385427,32.86,13.34,43690
"Longueuil",0.4412155,32.87,13.35,43690
"Longueuil",0.438385,32.88,13.39,43690
"Longueuil",0.4378179,32.88,13.4,43690
"Longueuil",0.4389521,32.88,13.42,43690
"Longueuil",0.4363505,32.88,13.4,43690
"Longueuil",0.4404297,32.88,13.38,43690
"Longueuil",0.4367549,32.86,13.38,43690
"Longueuil",0.4366023,32.85,13.33,43690
"Longueuil",0.4359945,32.85,13.37,43690
"Longueuil",0.4375814,32.84,13.39,43690
"Longueuil",0.4395447,32.82,13.39,43690
"Longueuil",0.4397939,32.81,13.43,43690
"Longueuil",0.4403585,32.78,13.36,43690
"Longueuil",0.4407705,32.77,13.36,43690
"Longueuil",0.4440638,32.75,13.34,43690
"Longueuil",0.4428736,32.74,13.37,43690
"Longueuil",0.4461416,32.73,13.42,43690
"Longueuil",0.445989,32.72,13.39,43690
"Longueuil",0.4467417,32.71,13.39,43690
"Longueuil",0.4493942,32.7,13.39,43690
"Longueuil",0.4477946,32.69,13.38,43690
"Longueuil",0.4493052,32.68,13.38,43690
"Longueuil",0.4495341,32.67,13.37,43690
"Longueuil",0.4512354,32.67,13.37,43690
"Longueuil",0.4532089,32.7,13.39,43690
"Longueuil",0.4503504,32.67,13.39,43690
"Longueuil",0.4537226,32.67,13.42,43690
"Longueuil",0.4523519,32.69,13.41,43690
"Longueuil",0.4516703,32.68,13.4,43690
"Longueuil",0.4530029,32.68,13.36,43690
"Longueuil",0.4518763,32.68,13.36,43690
"Longueuil",0.4496104,32.68,13.34,43690
"Longueuil",0.4525553,32.69,13.31,43690
"Longueuil",0.4513524,32.67,13.31,43690
"Longueuil",0.4524994,32.68,13.35,43690
"Longueuil",0.4528122,32.7,13.35,43690
"Longueuil",0.4544449,32.71,13.35,43690
"Longueuil",0.4560522,32.73,13.35,43690
"Longueuil",0.4525172,32.74,13.32,43690
"Longueuil",0.4541728,32.74,13.34,43690
"Longueuil",0.451388,32.75,13.31,43690
"Longueuil",0.455752,32.76,13.32,43690
"Longueuil",0.4564641,32.78,13.34,43690
"Longueuil",0.4553121,32.8,13.34,43690
"Longueuil",0.4544373,32.82,13.35,43690
"Longueuil",0.4547729,32.86,13.37,43690
"Longueuil",0.4569016,32.85,13.37,43690
"Longueuil",0.4536438,32.85,13.39,43690
"Longueuil",0.4530818,32.86,13.37,43690
"Longueuil",0.4526672,32.85,13.39,43690
"Longueuil",0.4536438,32.86,13.34,43690
"Longueuil",0.4545492,32.86,13.31,43690
"Longueuil",0.454305,32.84,13.34,43690
"Longueuil",0.4523341,32.85,13.35,43690
"Longueuil",0.4525503,32.84,13.34,43690
"Longueuil",0.4515152,32.82,13.34,43690
"Longueuil",0.4527155,32.81,13.39,43690
"Longueuil",0.4516347,32.79,13.33,43690
"Longueuil",0.451299,32.78,13.38,43690
"Longueuil",0.4505692,32.76,13.34,43690
"Longueuil",0.4530055,32.73,13.33,43690
"Longueuil",0.4542567,32.74,13.34,43690
"Longueuil",0.4538371,32.71,13.33,43690
"Longueuil",0.4531555,32.69,13.32,43690
"Longueuil",0.4558283,32.68,13.31,43690
"Longueuil",0.4565455,32.67,13.32,43690
"Longueuil",0.4549815,32.65,13.31,43690
"Longueuil",0.4550323,32.64,13.29,43690
"Longueuil",0.4580892,32.64,13.3,43690
"Longueuil",0.4603831,32.64,13.31,43690
"Longueuil",0.4598618,32.65,13.31,43690
"Longueuil",0.4602127,32.63,13.31,43690
"Longueuil",0.4603882,32.65,13.31,43690
"Longueuil",0.4627126,32.72,13.32,43690
"Longueuil",0.4597575,32.66,13.35,43690
"Longueuil",0.4601898,32.66,13.39,43690
"Longueuil",0.460818,32.68,13.41,43690
"Longueuil",0.460818,32.69,13.42,43690
"Longueuil",0.4613876,32.69,13.37,43690
"Longueuil",0.4606018,32.52,13.36,43690
"Longueuil",0.4588064,32.7,13.35,43690
"Longueuil",0.4594778,32.69,13.32,43690
"Longueuil",0.458992,32.71,13.3,43690
"Longueuil",0.4583359,32.72,13.36,43690
"Longueuil",0.4591242,32.73,13.32,43690
"Longueuil",0.4587555,32.75,13.32,43690
"Longueuil",0.4588064,32.76,13.3,43690
"Longueuil",0.4598795,32.77,13.34,43690
"Longueuil",0.4588827,32.78,13.33,43690
"Longueuil",0.4597956,32.8,13.38,43690
"Longueuil",0.4616292,32.8,13.38,43690
"Longueuil",0.4633662,32.82,13.39,43690
"Longueuil",0.4608485,32.82,13.35,43690
"Longueuil",0.4623438,32.84,13.38,43690
"Longueuil",0.4613927,32.86,13.42,43690
"Longueuil",0.4603857,32.87,13.38,43690
"Longueuil",0.4620336,32.88,13.4,43690
"Longueuil",0.4620387,32.86,13.41,43690
"Longueuil",0.4604772,32.88,13.39,43690
"Longueuil",0.459493,32.85,13.37,43690
"Longueuil",0.4622243,32.85,13.37,43690
"Longueuil",0.4584376,32.85,13.37,43690
"Longueuil",0.4596125,32.85,13.34,43690
"Longueuil",0.4596329,32.83,13.39,43690
"Longueuil",0.4573746,32.82,13.39,43690
"Longueuil",0.4567769,32.81,13.38,43690
"Longueuil",0.4575297,32.79,13.33,43690
"Longueuil",0.4595388,32.78,13.4,43690
"Longueuil",0.4583384,32.76,13.34,43690
"Longueuil",0.4583588,32.75,13.31,43690
"Longueuil",0.4605713,32.73,13.33,43690
"Longueuil",0.4593404,32.71,13.35,43690
"Longueuil",0.4608968,32.7,13.3,43690
"Longueuil",0.4628271,32.67,13.32,43690
"Longueuil",0.4612401,32.66,13.32,43690
"Longueuil",0.4645691,32.65,13.32,43690
"Longueuil",0.4646912,32.65,13.36,43690
"Longueuil",0.465304,32.66,13.35,43690
"Longueuil",0.4658712,32.5,13.38,43690
"Longueuil",0.4669698,32.66,13.4,43690
"Longueuil",0.4663366,32.66,13.39,43690
"Longueuil",0.4681295,32.66,13.39,43690
"Longueuil",0.4688085,32.66,13.36,43690
"Longueuil",0.4698792,32.66,13.38,43690
"Longueuil",0.4680837,32.67,13.35,43690
"Longueuil",0.4670817,32.67,13.3,43690
"Longueuil",0.4664205,32.66,13.3,43690
"Longueuil",0.4674988,32.64,13.3,43690
"Longueuil",0.4673208,32.66,13.3,43690
"Longueuil",0.4672318,32.68,13.28,43690
"Longueuil",0.4682922,32.7,13.29,43690
"Longueuil",0.4675344,32.71,13.28,43690
"Longueuil",0.4664129,32.72,13.28,43690
"Longueuil",0.4688746,32.74,13.31,43690
"Longueuil",0.4674886,32.76,13.33,43690
"Longueuil",0.4641215,32.78,13.36,43690
"Longueuil",0.4657542,32.81,13.36,43690
"Longueuil",0.4667536,32.8,13.36,43690
"Longueuil",0.4651718,32.79,13.32,43690
"Longueuil",0.4641953,32.8,13.35,43690
"Longueuil",0.4619115,32.82,13.31,43690
"Longueuil",0.4628271,32.8,13.29,43690
"Longueuil",0.463122,32.81,13.29,43690
"Longueuil",0.4624685,32.81,13.28,43690
"Longueuil",0.4627584,32.8,13.29,43690
"Longueuil",0.4621302,32.8,13.28,43690
"Longueuil",0.463445,32.8,13.3,43690
"Longueuil",0.4609451,32.83,13.32,43690
"Longueuil",0.4609604,32.77,13.29,43690
"Longueuil",0.4600092,32.78,13.29,43690
"Longueuil",0.4603399,32.74,13.34,43690
"Longueuil",0.4610113,32.73,13.38,43690
"Longueuil",0.4598669,32.73,13.38,43690
"Longueuil",0.4617742,32.72,13.4,43690
"Longueuil",0.4579722,32.69,13.37,43690
"Longueuil",0.4634501,32.67,13.34,43690
"Longueuil",0.4603068,32.67,13.35,43690
"Longueuil",0.459259,32.65,13.4,43690
"Longueuil",0.4595006,32.64,13.38,43690
"Longueuil",0.4608714,32.63,13.38,43690
"Longueuil",0.4582926,32.63,13.42,43690
"Longueuil",0.4616369,32.63,13.4,43690
"Longueuil",0.4639587,32.64,13.39,43690
"Longueuil",0.4611537,32.63,13.37,43690
"Longueuil",0.4598846,32.64,13.4,43690
"Longueuil",0.4575933,32.48,13.42,43690
"Longueuil",0.4578883,32.63,13.43,43690
"Longueuil",0.4598719,32.63,13.43,43690
"Longueuil",0.4576238,32.64,13.4,43690
"Longueuil",0.46064,32.65,13.42,43690
"Longueuil",0.4604899,32.66,13.41,43690
"Longueuil",0.4574839,32.7,13.41,43690
"Longueuil",0.4594167,32.67,13.38,43690
"Longueuil",0.458224,32.69,13.39,43690
"Longueuil",0.4589666,32.72,13.4,43690
"Longueuil",0.4587224,32.69,13.38,43690
"Longueuil",0.4571253,32.72,13.38,43690
"Longueuil",0.458463,32.71,13.4,43690
"Longueuil",0.4558716,32.72,13.39,43690
"Longueuil",0.4561132,32.73,13.34,43690
"Longueuil",0.4543279,32.75,13.35,43690
"Longueuil",0.449679,32.77,13.35,43690
"Longueuil",0.4508184,32.77,13.36,43690
"Longueuil",0.4482956,32.78,13.4,43690
"Longueuil",0.4495061,32.79,13.38,43690
"Longueuil",0.4476598,32.78,13.37,43690
"Longueuil",0.4473699,32.79,13.4,43690
"Longueuil",0.4496384,32.78,13.37,43690
"Longueuil",0.4471817,32.79,13.39,43690
"Longueuil",0.4451472,32.78,13.4,43690
"Longueuil",0.4437866,32.77,13.4,43690
"Longueuil",0.4444656,32.81,13.39,43690
"Longueuil",0.4421056,32.74,13.33,43690
"Longueuil",0.4427567,32.74,13.31,43690
"Longueuil",0.442276,32.71,13.34,43690
"Longueuil",0.4407552,32.68,13.33,43690
"Longueuil",0.4424133,32.69,13.37,43690
"Longueuil",0.4411443,32.66,13.36,43690
"Longueuil",0.4388555,32.64,13.32,43690
"Longueuil",0.4375483,32.64,13.35,43690
"Longueuil",0.437261,32.64,13.37,43690
"Longueuil",0.4366811,32.63,13.34,43690
"Longueuil",0.4392014,32.61,13.34,43690
"Longueuil",0.437294,32.61,13.36,43690
"Longueuil",0.4370244,32.62,13.37,43690
"Longueuil",0.4332682,32.61,13.38,43690
"Longueuil",0.4328639,32.62,13.38,43690
"Longueuil",0.4309286,32.63,13.37,43690
"Longueuil",0.4297714,32.6,13.33,43690
"Longueuil",0.4297028,32.59,13.34,43690
"Longueuil",0.4291941,32.6,13.36,43690
"Longueuil",0.4278742,32.62,13.35,43690
"Longueuil",0.4264221,32.61,13.31,43690
"Longueuil",0.4265238,32.62,13.33,43690
"Longueuil",0.4261449,32.64,13.4,43690
"Longueuil",0.4265874,32.63,13.38,43690
"Longueuil",0.4245224,32.64,13.32,43690
"Longueuil",0.4240901,32.65,13.31,43690
"Longueuil",0.4233704,32.66,13.3,43690
"Longueuil",0.4227956,32.72,13.32,43690
"Longueuil",0.4214605,32.72,13.32,43690
"Longueuil",0.4220301,32.75,13.37,43690
"Longueuil",0.4235102,32.76,13.38,43690
"Longueuil",0.4248454,32.79,13.42,43690
"Longueuil",0.4227498,32.82,13.4,43690
"Longueuil",0.4213562,32.81,13.39,43690
"Longueuil",0.4243876,32.81,13.39,43690
"Longueuil",0.4204737,32.81,13.39,43690
"Longueuil",0.4190038,32.81,13.39,43690
"Longueuil",0.4194539,32.83,13.39,43690
"Longueuil",0.4157715,32.83,13.36,43690
"Longueuil",0.416776,32.83,13.34,43690
"Longueuil",0.4136988,32.83,13.31,43690
"Longueuil",0.4133657,32.81,13.33,43690
"Longueuil",0.4112295,32.83,13.36,43690
"Longueuil",0.4089483,32.82,13.41,43690
"Longueuil",0.4089788,32.81,13.37,43690
"Longueuil",0.4058558,32.82,13.4,43690
"Longueuil",0.406489,32.8,13.41,43690
"Longueuil",0.4053446,32.78,13.4,43690
"Longueuil",0.4028905,32.76,13.37,43690
"Longueuil",0.4047674,32.75,13.35,43690
"Longueuil",0.4038442,32.73,13.42,43690
"Longueuil",0.4019419,32.71,13.35,43690
"Longueuil",0.4006882,32.68,13.31,43690
"Longueuil",0.4006933,32.66,13.3,43690
"Longueuil",0.4000219,32.64,13.31,43690
"Longueuil",0.3986765,32.62,13.31,43690
"Longueuil",0.3987554,32.64,13.36,43690
"Longueuil",0.3963954,32.63,13.32,43690
"Longueuil",0.3970439,32.63,13.35,43690
"Longueuil",0.3944117,32.67,13.35,43690
"Longueuil",0.3934682,32.61,13.3,43690
"Longueuil",0.3929418,32.6,13.35,43690
"Longueuil",0.3911209,32.62,13.33,43690
"Longueuil",0.3907649,32.61,13.35,43690
"Longueuil",0.391477,32.62,13.39,43690
"Longueuil",0.3889923,32.63,13.34,43690
"Longueuil",0.3882955,32.63,13.37,43690
"Longueuil",0.3857193,32.63,13.37,43690
"Longueuil",0.3858566,32.63,13.34,43690
"Longueuil",0.3847529,32.63,13.31,43690
"Longueuil",0.3838959,32.64,13.33,43690
"Longueuil",0.3842392,32.66,13.37,43690
"Longueuil",0.3812688,32.67,13.37,43690
"Longueuil",0.383316,32.67,13.36,43690
"Longueuil",0.3795853,32.68,13.35,43690
"Longueuil",0.377182,32.7,13.34,43690
"Longueuil",0.3785833,32.71,13.39,43690
"Longueuil",0.3798294,32.76,13.37,43690
"Longueuil",0.3763835,32.73,13.33,43690
"Longueuil",0.3768819,32.74,13.34,43690
"Longueuil",0.3765157,32.75,13.34,43690
"Longueuil",0.3747711,32.75,13.38,43690
"Longueuil",0.3742193,32.76,13.32,43690
"Longueuil",0.3719305,32.76,13.35,43690
"Longueuil",0.3684413,32.79,13.39,43690
"Longueuil",0.3696086,32.79,13.39,43690
"Longueuil",0.3660024,32.78,13.39,43690
"Longueuil",0.3680369,32.79,13.4,43690
"Longueuil",0.3652039,32.77,13.41,43690
"Longueuil",0.3633601,32.77,13.41,43690
"Longueuil",0.3632431,32.76,13.42,43690
"Longueuil",0.3605398,32.74,13.42,43690
"Longueuil",0.3618952,32.73,13.37,43690
"Longueuil",0.3601939,32.71,13.38,43690
"Longueuil",0.3608627,32.68,13.37,43690
"Longueuil",0.3589249,32.67,13.36,43690
"Longueuil",0.3597845,32.65,13.38,43690
"Longueuil",0.361702,32.64,13.4,43690
"Longueuil",0.3608576,32.63,13.39,43690
"Longueuil",0.3603465,32.63,13.43,43690
"Longueuil",0.3604635,32.6,13.41,43690
"Longueuil",0.360171,32.59,13.4,43690
"Longueuil",0.3604584,32.67,13.38,43690
"Longueuil",0.3622055,32.58,13.36,43690
"Longueuil",0.3602549,32.59,13.4,43690
"Longueuil",0.3584061,32.6,13.4,43690
"Longueuil",0.3596624,32.61,13.41,43690
"Longueuil",0.358523,32.59,13.38,43690
"Longueuil",0.3593343,32.59,13.42,43690
"Longueuil",0.3553289,32.62,13.38,43690
"Longueuil",0.3565979,32.65,13.38,43690
"Longueuil",0.354627,32.61,13.39,43690
"Longueuil",0.3560104,32.62,13.4,43690
"Longueuil",0.3533656,32.63,13.4,43690
"Longueuil",0.3539403,32.64,13.37,43690
"Longueuil",0.3545685,32.65,13.37,43690
"Longueuil",0.3532359,32.68,13.39,43690
"Longueuil",0.3505402,32.68,13.37,43690
"Longueuil",0.3535207,32.69,13.37,43690
"Longueuil",0.3528086,32.72,13.4,43690
"Longueuil",0.3518372,32.71,13.42,43690
"Longueuil",0.3512115,32.78,13.39,43690
"Longueuil",0.349378,32.73,13.39,43690
"Longueuil",0.3486837,32.73,13.36,43690
"Longueuil",0.3480326,32.75,13.45,43690
"Longueuil",0.3480631,32.77,13.39,43690
"Longueuil",0.3479843,32.77,13.41,43690
"Longueuil",0.3482819,32.8,13.42,43690
"Longueuil",0.3463338,32.8,13.39,43690
"Longueuil",0.3444748,32.8,13.43,43690
"Longueuil",0.3463109,32.82,13.39,43690
"Longueuil",0.3440704,32.8,13.37,43690
"Longueuil",0.3440145,32.81,13.36,43690
"Longueuil",0.3428853,32.82,13.38,43690
"Longueuil",0.3400574,32.81,13.39,43690
"Longueuil",0.3389969,32.81,13.46,43690
"Longueuil",0.3376923,32.79,13.44,43690
"Longueuil",0.33594,32.78,13.42,43690
"Longueuil",0.336085,32.77,13.4,43690
"Longueuil",0.3357773,32.76,13.37,43690
"Longueuil",0.3336512,32.74,13.34,43690
"Longueuil",0.3334223,32.74,13.41,43690
"Longueuil",0.3342794,32.55,13.36,43690
"Longueuil",0.3363342,32.73,13.34,43690
"Longueuil",0.3352458,32.69,13.36,43690
"Longueuil",0.3370056,32.68,13.38,43690
"Longueuil",0.3343811,32.67,13.35,43690
"Longueuil",0.3348923,32.66,13.33,43690
"Longueuil",0.3349838,32.64,13.33,43690
"Longueuil",0.3332367,32.64,13.31,43690
"Longueuil",0.334788,32.63,13.33,43690
"Longueuil",0.3338419,32.63,13.36,43690
"Longueuil",0.336263,32.64,13.4,43690
"Longueuil",0.3338242,32.63,13.39,43690
"Longueuil",0.333552,32.64,13.39,43690
"Longueuil",0.3341853,32.64,13.35,43690
"Longueuil",0.3317795,32.63,13.34,43690
"Longueuil",0.3319906,32.63,13.37,43690
"Longueuil",0.3313522,32.63,13.36,43690
"Longueuil",0.3316218,32.64,13.34,43690
"Longueuil",0.3285345,32.64,13.32,43690
"Longueuil",0.3318481,32.64,13.32,43690
"Longueuil",0.3290456,32.66,13.32,43690
"Longueuil",0.3285192,32.67,13.32,43690
"Longueuil",0.327268,32.68,13.31,43690
"Longueuil",0.3277715,32.69,13.35,43690
"Longueuil",0.3259532,32.71,13.37,43690
"Longueuil",0.3282318,32.74,13.41,43690
"Longueuil",0.3267034,32.76,13.42,43690
"Longueuil",0.3260269,32.79,13.4,43690
"Longueuil",0.3289668,32.77,13.36,43690
"Longueuil",0.3260625,32.77,13.37,43690
"Longueuil",0.3243637,32.78,13.32,43690
"Longueuil",0.3245036,32.79,13.35,43690
"Longueuil",0.324173,32.79,13.37,43690
"Longueuil",0.3218714,32.79,13.33,43690
"Longueuil",0.3222097,32.79,13.37,43690
"Longueuil",0.3239822,32.78,13.34,43690
"Longueuil",0.3237076,32.78,13.3,43690
"Longueuil",0.3218333,32.77,13.3,43690
"Longueuil",0.3211085,32.77,13.34,43690
"Longueuil",0.3219655,32.77,13.38,43690
"Longueuil",0.3206863,32.76,13.39,43690
"Longueuil",0.3222122,32.75,13.36,43690
"Longueuil",0.3214696,32.74,13.38,43690
"Longueuil",0.3191961,32.71,13.36,43690
"Longueuil",0.32046,32.67,13.35,43690
"Longueuil",0.3202845,32.67,13.4,43690
"Longueuil",0.3210602,32.65,13.35,43690
"Longueuil",0.3225479,32.63,13.37,43690
"Longueuil",0.3195623,32.64,13.39,43690
"Longueuil",0.3204041,32.62,13.37,43690
"Longueuil",0.3210195,32.63,13.38,43690
"Longueuil",0.3187357,32.63,13.4,43690
"Longueuil",0.3197072,32.62,13.42,43690
"Longueuil",0.3192011,32.62,13.39,43690
"Longueuil",0.3212077,32.6,13.36,43690
"Longueuil",0.3184687,32.6,13.4,43690
"Longueuil",0.3179855,32.6,13.37,43690
"Longueuil",0.3162486,32.6,13.4,43690
"Longueuil",0.3169861,32.61,13.39,43690
"Longueuil",0.3203634,32.61,13.37,43690
"Longueuil",0.3193029,32.61,13.36,43690
"Longueuil",0.3195699,32.63,13.36,43690
"Longueuil",0.3181992,32.63,13.37,43690
"Longueuil",0.3171819,32.64,13.38,43690
"Longueuil",0.3193359,32.65,13.42,43690
"Longueuil",0.3214366,32.66,13.39,43690
"Longueuil",0.3198471,32.66,13.39,43690
"Longueuil",0.3197327,32.67,13.42,43690
"Longueuil",0.3194199,32.68,13.35,43690
"Longueuil",0.3201828,32.67,13.35,43690
"Longueuil",0.320165,32.69,13.36,43690
"Longueuil",0.3194809,32.71,13.37,43690
"Longueuil",0.3186671,32.7,13.34,43690
"Longueuil",0.3178457,32.73,13.32,43690
"Longueuil",0.3162359,32.7,13.3,43690
"Longueuil",0.3173726,32.71,13.29,43690
"Longueuil",0.3166987,32.73,13.3,43690
"Longueuil",0.3159968,32.74,13.34,43690
"Longueuil",0.3143972,32.75,13.31,43690
"Longueuil",0.3136698,32.74,13.33,43690
"Longueuil",0.3140691,32.74,13.33,43690
"Longueuil",0.3153559,32.75,13.3,43690
"Longueuil",0.3124161,32.73,13.3,43690
"Longueuil",0.314153,32.72,13.36,43690
"Longueuil",0.3139089,32.72,13.31,43690
"Longueuil",0.3155212,32.72,13.33,43690
"Longueuil",0.3148549,32.7,13.33,43690
"Longueuil",0.3144099,32.68,13.33,43690
"Longueuil",0.3178126,32.65,13.32,43690
"Longueuil",0.3168691,32.65,13.39,43690
"Longueuil",0.3151372,32.63,13.32,43690
"Longueuil",0.3162104,32.61,13.3,43690
"Longueuil",0.3176422,32.65,13.37,43690
"Longueuil",0.3196386,32.59,13.36,43690
"Longueuil",0.3166809,32.59,13.39,43690
"Longueuil",0.318428,32.58,13.4,43690
"Longueuil",0.3184738,32.58,13.44,43690
"Longueuil",0.3188451,32.58,13.42,43690
"Longueuil",0.318367,32.57,13.39,43690
"Longueuil",0.3180822,32.58,13.42,43690
"Longueuil",0.3188553,32.66,13.39,43690
"Longueuil",0.3171234,32.56,13.37,43690
"Longueuil",0.3139674,32.57,13.35,43690
"Longueuil",0.31471,32.57,13.38,43690
"Longueuil",0.3164698,32.58,13.36,43690
"Longueuil",0.3155518,32.59,13.38,43690
"Longueuil",0.3145065,32.6,13.42,43690
"Longueuil",0.3141454,32.62,13.42,43690
"Longueuil",0.3155212,32.62,13.47,43690
"Longueuil",0.3168513,32.64,13.39,43690
"Longueuil",0.3132807,32.64,13.35,43690
"Longueuil",0.3141836,32.64,13.37,43690
"Longueuil",0.3164088,32.67,13.36,43690
"Longueuil",0.3155034,32.68,13.38,43690
"Longueuil",0.3151474,32.68,13.38,43690
"Longueuil",0.3150762,32.7,13.38,43690
"Longueuil",0.3139547,32.7,13.35,43690
"Longueuil",0.3141454,32.7,13.37,43690
"Longueuil",0.3138962,32.73,13.38,43690
"Longueuil",0.3129756,32.75,13.37,43690
"Longueuil",0.310023,32.74,13.36,43690
"Longueuil",0.3090134,32.73,13.39,43690
"Longueuil",0.3091583,32.74,13.43,43690
"Longueuil",0.3108927,32.73,13.37,43690
"Longueuil",0.3107401,32.71,13.33,43690
"Longueuil",0.3084869,32.71,13.33,43690
"Longueuil",0.3090922,32.7,13.33,43690
"Longueuil",0.3100052,32.71,13.34,43690
"Longueuil",0.3066889,32.68,13.31,43690
"Longueuil",0.3087514,32.65,13.33,43690
"Longueuil",0.3108749,32.64,13.3,43690
"Longueuil",0.3095271,32.63,13.3,43690
"Longueuil",0.3098602,32.61,13.32,43690
"Longueuil",0.309756,32.59,13.32,43690
"Longueuil",0.3095144,32.56,13.32,43690
"Longueuil",0.3082224,32.57,13.34,43690
"Longueuil",0.3093134,32.57,13.3,43690
"Longueuil",0.3102213,32.56,13.32,43690
"Longueuil",0.3086141,32.55,13.32,43690
"Longueuil",0.3117422,32.54,13.37,43690
"Longueuil",0.3112208,32.54,13.4,43690
"Longueuil",0.3103841,32.54,13.39,43690
"Longueuil",0.3076147,32.54,13.41,43690
"Longueuil",0.3094457,32.54,13.39,43690
"Longueuil",0.310557,32.54,13.37,43690
"Longueuil",0.3096593,32.53,13.37,43690
"Longueuil",0.3085556,32.53,13.35,43690
"Longueuil",0.3096848,32.53,13.31,43690
"Longueuil",0.3067474,32.54,13.36,43690
"Longueuil",0.3060557,32.55,13.32,43690
"Longueuil",0.3085251,32.55,13.32,43690
"Longueuil",0.3093618,32.66,13.34,43690
"Longueuil",0.3093134,32.6,13.3,43690
"Longueuil",0.3100332,32.59,13.32,43690
"Longueuil",0.3088608,32.6,13.32,43690
"Longueuil",0.3084361,32.6,13.33,43690
"Longueuil",0.3089193,32.63,13.32,43690
"Longueuil",0.3108978,32.64,13.34,43690
"Longueuil",0.3075587,32.65,13.38,43690
"Longueuil",0.309344,32.68,13.39,43690
"Longueuil",0.3056717,32.67,13.41,43690
"Longueuil",0.3100103,32.68,13.39,43690
"Longueuil",0.3069839,32.71,13.36,43690
"Longueuil",0.3075078,32.7,13.35,43690
"Longueuil",0.3080775,32.71,13.36,43690
"Longueuil",0.3059565,32.71,13.36,43690
"Longueuil",0.306043,32.73,13.37,43690
"Longueuil",0.3055369,32.73,13.36,43690
"Longueuil",0.305987,32.73,13.38,43690
"Longueuil",0.3039042,32.74,13.37,43690
"Longueuil",0.3027344,32.74,13.37,43690
"Longueuil",0.3025818,32.74,13.38,43690
"Longueuil",0.3024139,32.71,13.36,43690
"Longueuil",0.3053996,32.72,13.36,43690
"Longueuil",0.3009923,32.69,13.33,43690
"Longueuil",0.2994181,32.67,13.31,43690
"Longueuil",0.3011907,32.67,13.33,43690
"Longueuil",0.3016714,32.65,13.32,43690
"Longueuil",0.3012772,32.62,13.34,43690
"Longueuil",0.3014221,32.61,13.34,43690
"Longueuil",0.3004507,32.6,13.33,43690
"Longueuil",0.3010076,32.6,13.35,43690
"Longueuil",0.3000005,32.59,13.36,43690
"Longueuil",0.302124,32.57,13.33,43690
"Longueuil",0.3029963,32.57,13.34,43690
"Longueuil",0.303065,32.55,13.34,43690
"Longueuil",0.3023834,32.55,13.32,43690
"Longueuil",0.3043137,32.53,13.3,43690
"Longueuil",0.3027852,32.55,13.34,43690
"Longueuil",0.3024673,32.54,13.36,43690
"Longueuil",0.3023427,32.55,13.34,43690
"Longueuil",0.3036041,32.55,13.39,43690
"Longueuil",0.3031642,32.55,13.36,43690
"Longueuil",0.3025157,32.56,13.36,43690
"Longueuil",0.3021902,32.56,13.39,43690
"Longueuil",0.3049011,32.68,13.39,43690
"Longueuil",0.3025462,32.6,13.43,43690
"Longueuil",0.3035736,32.59,13.39,43690
"Longueuil",0.303716,32.6,13.41,43690
"Longueuil",0.3035049,32.65,13.39,43690
"Longueuil",0.3028641,32.62,13.39,43690
"Longueuil",0.3018214,32.62,13.36,43690
"Longueuil",0.3034286,32.64,13.39,43690
"Longueuil",0.3024317,32.65,13.39,43690
"Longueuil",0.3039424,32.65,13.37,43690
"Longueuil",0.3018188,32.66,13.39,43690
"Longueuil",0.3026682,32.68,13.39,43690
"Longueuil",0.3055623,32.69,13.41,43690
"Longueuil",0.3043442,32.72,13.39,43690
"Longueuil",0.300087,32.72,13.37,43690
"Longueuil",0.2996521,32.73,13.34,43690
"Longueuil",0.2996979,32.72,13.31,43690
"Longueuil",0.299736,32.73,13.31,43690
"Longueuil",0.3003159,32.73,13.3,43690
"Longueuil",0.2976405,32.74,13.29,43690
"Longueuil",0.2996063,32.73,13.28,43690
"Longueuil",0.297643,32.72,13.3,43690
"Longueuil",0.2966868,32.73,13.32,43690
"Longueuil",0.297226,32.74,13.3,43690
"Longueuil",0.2974065,32.74,13.32,43690
"Longueuil",0.2970098,32.74,13.33,43690
"Longueuil",0.2974955,32.72,13.35,43690
"Longueuil",0.2953339,32.69,13.37,43690
"Longueuil",0.2993062,32.69,13.4,43690
"Longueuil",0.2954534,32.66,13.42,43690
"Longueuil",0.2981924,32.65,13.39,43690
"Longueuil",0.2991053,32.63,13.37,43690
"Longueuil",0.2923864,32.6,13.36,43690
"Longueuil",0.2864634,32.59,13.34,43690
"Longueuil",0.2867915,32.58,13.33,43690
"Longueuil",0.2863668,32.64,13.36,43690
"Longueuil",0.2876714,32.57,13.37,43690
"Longueuil",0.2851817,32.57,13.4,43690
"Longueuil",0.2860896,32.58,13.38,43690
"Longueuil",0.285525,32.58,13.35,43690
"Longueuil",0.2842306,32.55,13.33,43690
"Longueuil",0.2840093,32.61,13.32,43690
"Longueuil",0.2857819,32.55,13.31,43690
"Longueuil",0.2864405,32.55,13.33,43690
"Longueuil",0.286794,32.57,13.32,43690
"Longueuil",0.2854156,32.57,13.29,43690
"Longueuil",0.2844137,32.58,13.31,43690
"Longueuil",0.2840144,32.58,13.34,43690
"Longueuil",0.2852732,32.6,13.33,43690
"Longueuil",0.2848053,32.61,13.33,43690
"Longueuil",0.2846069,32.62,13.36,43690
"Longueuil",0.2853343,32.69,13.39,43690
"Longueuil",0.2848689,32.64,13.39,43690
"Longueuil",0.2848485,32.65,13.37,43690
"Longueuil",0.2854334,32.66,13.37,43690
"Longueuil",0.2846502,32.68,13.37,43690
"Longueuil",0.2871831,32.68,13.39,43690
"Longueuil",0.2861303,32.7,13.39,43690
"Longueuil",0.2859955,32.71,13.37,43690
"Longueuil",0.2852173,32.71,13.38,43690
"Longueuil",0.2873434,32.73,13.37,43690
"Longueuil",0.2845942,32.73,13.33,43690
"Longueuil",0.2836914,32.74,13.37,43690
"Longueuil",0.2808965,32.74,13.33,43690
"Longueuil",0.28302,32.74,13.31,43690
"Longueuil",0.2806295,32.76,13.31,43690
"Longueuil",0.2834345,32.79,13.31,43690
"Longueuil",0.2804006,32.76,13.35,43690
"Longueuil",0.2787933,32.77,13.38,43690
"Longueuil",0.280276,32.76,13.36,43690
"Longueuil",0.2786916,32.76,13.37,43690
"Longueuil",0.2796732,32.75,13.39,43690
"Longueuil",0.2774251,32.74,13.4,43690
"Longueuil",0.2779516,32.73,13.33,43690
"Longueuil",0.277532,32.71,13.36,43690
"Longueuil",0.2783356,32.69,13.35,43690
"Longueuil",0.2780151,32.66,13.32,43690
"Longueuil",0.2784856,32.64,13.31,43690
"Longueuil",0.2778244,32.63,13.31,43690
"Longueuil",0.2794495,32.62,13.33,43690
"Longueuil",0.279686,32.61,13.37,43690
"Longueuil",0.2809118,32.59,13.34,43690
"Longueuil",0.2787959,32.6,13.38,43690
"Longueuil",0.2806803,32.58,13.35,43690
"Longueuil",0.2818298,32.57,13.35,43690
"Longueuil",0.2800598,32.57,13.38,43690
"Longueuil",0.2808914,32.57,13.44,43690
"Longueuil",0.2813441,32.56,13.4,43690
"Longueuil",0.2814763,32.66,13.38,43690
"Longueuil",0.2783941,32.61,13.33,43690
"Longueuil",0.2805303,32.57,13.36,43690
"Longueuil",0.2805277,32.56,13.38,43690
"Longueuil",0.2809041,32.58,13.42,43690
"Longueuil",0.2813212,32.66,13.4,43690
"Longueuil",0.2821452,32.58,13.4,43690
"Longueuil",0.282163,32.59,13.43,43690
"Longueuil",0.2825521,32.6,13.4,43690
"Longueuil",0.2800115,32.66,13.37,43690
"Longueuil",0.2845866,32.61,13.39,43690
"Longueuil",0.2807897,32.62,13.38,43690
"Longueuil",0.2826284,32.62,13.39,43690
"Longueuil",0.2826106,32.63,13.38,43690
"Longueuil",0.2808762,32.65,13.35,43690
"Longueuil",0.283666,32.66,13.37,43690
"Longueuil",0.2839254,32.68,13.36,43690
"Longueuil",0.2812932,32.7,13.4,43690
"Longueuil",0.2806524,32.71,13.37,43690
"Longueuil",0.2772624,32.71,13.38,43690
"Longueuil",0.279686,32.73,13.38,43690
"Longueuil",0.278923,32.73,13.36,43690
"Longueuil",0.277448,32.74,13.36,43690
"Longueuil",0.2775243,32.75,13.4,43690
"Longueuil",0.2752431,32.75,13.42,43690
"Longueuil",0.2758586,32.75,13.42,43690
"Longueuil",0.2764053,32.74,13.44,43690
"Longueuil",0.2756856,32.75,13.46,43690
"Longueuil",0.2739995,32.74,13.43,43690
"Longueuil",0.2750422,32.72,13.39,43690
"Longueuil",0.2774073,32.71,13.4,43690
"Longueuil",0.2759959,32.72,13.42,43690
"Longueuil",0.2756653,32.69,13.44,43690
"Longueuil",0.2739054,32.67,13.45,43690
"Longueuil",0.2778727,32.66,13.5,43690
"Longueuil",0.2775777,32.63,13.47,43690
"Longueuil",0.2768911,32.62,13.44,43690
"Longueuil",0.2773565,32.61,13.43,43690
"Longueuil",0.2788595,32.6,13.41,43690
"Longueuil",0.2784805,32.58,13.45,43690
"Longueuil",0.2761688,32.57,13.43,43690
"Longueuil",0.280454,32.57,13.42,43690
"Longueuil",0.276825,32.56,13.42,43690
"Longueuil",0.2788976,32.58,13.45,43690
"Longueuil",0.277799,32.56,13.43,43690
"Longueuil",0.279007,32.56,13.4,43690
"Longueuil",0.279953,32.57,13.42,43690
"Longueuil",0.278511,32.63,13.46,43690
"Longueuil",0.2777863,32.58,13.39,43690
"Longueuil",0.2784602,32.57,13.39,43690
"Longueuil",0.2804464,32.62,13.4,43690
"Longueuil",0.2795588,32.59,13.46,43690
"Longueuil",0.280398,32.6,13.43,43690
"Longueuil",0.2797368,32.6,13.43,43690
"Longueuil",0.2798869,32.61,13.4,43690
"Longueuil",0.2789993,32.63,13.4,43690
"Longueuil",0.2777481,32.64,13.42,43690
"Longueuil",0.2783737,32.65,13.42,43690
"Longueuil",0.2790731,32.65,13.39,43690
"Longueuil",0.2808533,32.67,13.37,43690
"Longueuil",0.2798538,32.67,13.38,43690
"Longueuil",0.2792384,32.7,13.38,43690
"Longueuil",0.2793503,32.69,13.36,43690
"Longueuil",0.2773081,32.7,13.35,43690
"Longueuil",0.279101,32.71,13.36,43690
"Longueuil",0.2771861,32.7,13.38,43690
"Longueuil",0.275828,32.7,13.4,43690
"Longueuil",0.2787501,32.7,13.37,43690
"Longueuil",0.2764587,32.7,13.37,43690
"Longueuil",0.2756068,32.7,13.36,43690
"Longueuil",0.2769292,32.69,13.4,43690
"Longueuil",0.2742818,32.68,13.39,43690
"Longueuil",0.2746378,32.67,13.37,43690
"Longueuil",0.2740784,32.65,13.36,43690
"Longueuil",0.275205,32.63,13.35,43690
"Longueuil",0.2759069,32.61,13.32,43690
"Longueuil",0.2774429,32.58,13.32,43690
"Longueuil",0.277593,32.57,13.34,43690
"Longueuil",0.277242,32.57,13.34,43690
"Longueuil",0.2785797,32.61,13.35,43690
"Longueuil",0.2780787,32.55,13.39,43690
"Longueuil",0.2779617,32.56,13.38,43690
"Longueuil",0.2786789,32.56,13.43,43690
"Longueuil",0.2781423,32.56,13.4,43690
"Longueuil",0.2790298,32.59,13.42,43690
"Longueuil",0.2781855,32.61,13.43,43690
"Longueuil",0.2785746,32.59,13.45,43690
"Longueuil",0.2783305,32.6,13.42,43690
"Longueuil",0.2797495,32.58,13.4,43690
"Longueuil",0.2836863,32.58,13.39,43690
"Longueuil",0.2791723,32.59,13.4,43690
"Longueuil",0.2789103,32.6,13.39,43690
"Longueuil",0.2806396,32.6,13.41,43690
"Longueuil",0.2801336,32.62,13.42,43690
"Longueuil",0.283109,32.63,13.41,43690
"Longueuil",0.2799047,32.63,13.38,43690
"Longueuil",0.2784856,32.63,13.38,43690
"Longueuil",0.2795563,32.66,13.43,43690
"Longueuil",0.2789408,32.67,13.42,43690
"Longueuil",0.2797216,32.68,13.39,43690
"Longueuil",0.2806142,32.67,13.4,43690
"Longueuil",0.281044,32.69,13.39,43690
"Longueuil",0.2778727,32.71,13.4,43690
"Longueuil",0.279101,32.72,13.42,43690
"Longueuil",0.2771225,32.76,13.39,43690
"Longueuil",0.2795893,32.74,13.39,43690
"Longueuil",0.2786611,32.75,13.36,43690
"Longueuil",0.2757187,32.75,13.37,43690
"Longueuil",0.2776998,32.72,13.32,43690
"Longueuil",0.2763977,32.72,13.35,43690
"Longueuil",0.2755915,32.77,13.35,43690
"Longueuil",0.2767512,32.71,13.4,43690
"Longueuil",0.2763545,32.74,13.38,43690
"Longueuil",0.2755407,32.7,13.35,43690
"Longueuil",0.2759501,32.68,13.34,43690
"Longueuil",0.2745768,32.65,13.33,43690
"Longueuil",0.2751872,32.64,13.31,43690
"Longueuil",0.2753474,32.62,13.31,43690
"Longueuil",0.2769521,32.6,13.32,43690
"Longueuil",0.2781067,32.67,13.35,43690
"Longueuil",0.2765376,32.59,13.36,43690
"Longueuil",0.2781931,32.59,13.37,43690
"Longueuil",0.2787781,32.6,13.42,43690
"Longueuil",0.2781652,32.6,13.41,43690
"Longueuil",0.2796606,32.57,13.43,43690
"Longueuil",0.279185,32.57,13.43,43690
"Longueuil",0.2789358,32.58,13.49,43690
"Longueuil",0.2807668,32.63,13.44,43690
"Longueuil",0.2823868,32.57,13.44,43690
"Longueuil",0.2833582,32.57,13.39,43690
"Longueuil",0.2806422,32.57,13.43,43690
"Longueuil",0.280571,32.57,13.36,43690
"Longueuil",0.2810771,32.58,13.39,43690
"Longueuil",0.2813339,32.6,13.42,43690
"Longueuil",0.2841543,32.61,13.39,43690
"Longueuil",0.2812602,32.7,13.39,43690
"Longueuil",0.2804031,32.61,13.36,43690
"Longueuil",0.2817408,32.66,13.36,43690
"Longueuil",0.2817357,32.63,13.37,43690
"Longueuil",0.2830887,32.64,13.35,43690
"Longueuil",0.2828929,32.65,13.36,43690
"Longueuil",0.2855962,32.65,13.33,43690
"Longueuil",0.2802175,32.67,13.36,43690
"Longueuil",0.2809448,32.69,13.38,43690
"Longueuil",2.784889,32.7,13.36,43690
"Longueuil",2.04793,32.71,13.37,43690
"Longueuil",0.3342514,32.73,13.36,43690
"Longueuil",0.2857564,32.73,13.38,43690
"Longueuil",0.2854716,32.76,13.37,43690
"Longueuil",0.2830836,32.75,13.34,43690
"Longueuil",0.281456,32.76,13.35,43690
"Longueuil",0.2810033,32.76,13.36,43690
"Longueuil",0.2843272,32.75,13.34,43690
"Longueuil",0.280721,32.76,13.37,43690
"Longueuil",0.2804972,32.76,13.39,43690
"Longueuil",0.2826971,32.76,13.38,43690
"Longueuil",0.2815628,32.76,13.42,43690
"Longueuil",0.2808126,32.75,13.38,43690
"Longueuil",0.2794724,32.75,13.37,43690
"Longueuil",0.2807312,32.75,13.38,43690
"Longueuil",0.2807439,32.75,13.37,43690
"Longueuil",0.2804438,32.74,13.37,43690
"Longueuil",0.2806778,32.72,13.33,43690
"Longueuil",0.2803472,32.73,13.36,43690
"Longueuil",0.2838821,32.73,13.34,43690
"Longueuil",0.2805735,32.72,13.34,43690
"Longueuil",0.2834829,32.71,13.31,43690
"Longueuil",0.2802938,32.68,13.31,43690
"Longueuil",0.2835185,32.69,13.35,43690
"Longueuil",0.2825953,32.7,13.36,43690
"Longueuil",0.2820587,32.7,13.34,43690
"Longueuil",0.2827225,32.69,13.36,43690
"Longueuil",0.281985,32.68,13.34,43690
"Longueuil",0.2819239,32.66,13.36,43690
"Longueuil",0.2831141,32.66,13.35,43690
"Longueuil",0.2837296,32.66,13.35,43690
"Longueuil",0.2840246,32.68,13.33,43690
"Longueuil",0.283666,32.66,13.35,43690
"Longueuil",0.2835719,32.67,13.33,43690
"Longueuil",0.2828166,32.66,13.31,43690
"Longueuil",0.2844213,32.68,13.32,43690
"Longueuil",0.2850164,32.67,13.36,43690
"Longueuil",0.2845103,32.69,13.36,43690
"Longueuil",0.2884344,32.71,13.38,43690
"Longueuil",0.2874857,32.71,13.39,43690
"Longueuil",0.2832591,32.71,13.39,43690
"Longueuil",0.2877833,32.71,13.38,43690
"Longueuil",0.2860718,32.75,13.38,43690
"Longueuil",0.2874247,32.73,13.34,43690
"Longueuil",0.2873434,32.74,13.34,43690
"Longueuil",0.2878291,32.73,13.36,43690
"Longueuil",0.2872849,32.75,13.34,43690
"Longueuil",0.2877401,32.77,13.33,43690
"Longueuil",0.2862701,32.78,13.33,43690
"Longueuil",0.2872543,32.78,13.35,43690
"Longueuil",0.2887217,32.8,13.35,43690
"Longueuil",0.2868372,32.82,13.33,43690
"Longueuil",0.2877045,32.83,13.36,43690
"Longueuil",0.2884852,32.84,13.4,43690
"Longueuil",0.2881826,32.86,13.37,43690
"Longueuil",0.2878011,32.88,13.33,43690
"Longueuil",0.2872238,32.56,13.34,43690
"Longueuil",0.2874018,32.91,13.38,43690
"Longueuil",0.289355,32.91,13.36,43690
"Longueuil",0.2874044,32.93,13.34,43690
"Longueuil",0.2900136,32.93,13.32,43690
"Longueuil",0.2884674,32.95,13.33,43690
"Longueuil",0.2869695,32.95,13.33,43690
"Longueuil",0.2902934,32.95,13.3,43690
"Longueuil",0.288709,32.95,13.35,43690
"Longueuil",0.2866313,32.96,13.37,43690
"Longueuil",0.2869771,32.97,13.38,43690
"Longueuil",0.2846934,32.99,13.41,43690
"Longueuil",0.2861074,32.98,13.4,43690
"Longueuil",0.2855352,32.96,13.38,43690
"Longueuil",0.2868246,32.94,13.4,43690
"Longueuil",0.2899043,32.93,13.37,43690
"Longueuil",0.2880707,32.92,13.37,43690
"Longueuil",0.2863744,32.9,13.35,43690
"Longueuil",0.2857666,32.87,13.38,43690
"Longueuil",0.28744,32.85,13.4,43690
"Longueuil",0.2874934,32.84,13.43,43690
"Longueuil",0.2880656,32.81,13.42,43690
"Longueuil",0.2916133,32.79,13.38,43690
"Longueuil",0.2902196,32.78,13.42,43690
"Longueuil",0.287768,32.78,13.48,43690
"Longueuil",0.289093,32.78,13.44,43690
"Longueuil",0.2883682,32.77,13.42,43690
"Longueuil",0.2923457,32.76,13.39,43690
"Longueuil",0.2928416,32.73,13.41,43690
"Longueuil",0.2928314,32.73,13.4,43690
"Longueuil",0.2915598,32.73,13.4,43690
"Longueuil",0.2919464,32.73,13.37,43690
"Longueuil",0.293162,32.72,13.38,43690
"Longueuil",0.2916616,32.74,13.39,43690
"Longueuil",0.2912954,32.74,13.46,43690
"Longueuil",0.293841,32.74,13.43,43690
"Longueuil",0.2955526,32.76,13.42,43690
"Longueuil",0.294342,32.76,13.42,43690
"Longueuil",0.2961095,32.75,13.4,43690
"Longueuil",0.2939123,32.76,13.42,43690
"Longueuil",0.295372,32.77,13.4,43690
"Longueuil",0.2971751,32.78,13.39,43690
"Longueuil",0.2983297,32.79,13.43,43690
"Longueuil",0.2952448,32.8,13.41,43690
"Longueuil",0.2980703,32.79,13.39,43690
"Longueuil",0.2953084,32.8,13.35,43690
"Longueuil",0.2961502,32.82,13.34,43690
"Longueuil",0.296018,32.8,13.31,43690
"Longueuil",0.2966232,32.81,13.34,43690
"Longueuil",0.2958628,32.83,13.31,43690
"Longueuil",0.2993902,32.83,13.31,43690
"Longueuil",0.2952499,32.85,13.33,43690
"Longueuil",0.2926229,32.85,13.34,43690
"Longueuil",0.2961197,32.87,13.4,43690
"Longueuil",0.2952042,32.86,13.33,43690
"Longueuil",0.2939478,32.86,13.33,43690
"Longueuil",0.294014,32.86,13.34,43690
"Longueuil",0.2947668,32.85,13.35,43690
"Longueuil",0.2934723,32.81,13.31,43690
"Longueuil",0.2945023,32.81,13.32,43690
"Longueuil",0.2957713,32.8,13.33,43690
"Longueuil",0.2954865,32.79,13.36,43690
"Longueuil",0.2951431,32.77,13.38,43690
"Longueuil",0.2951838,32.77,13.38,43690
"Longueuil",0.2959239,32.74,13.36,43690
"Longueuil",0.2973404,32.72,13.37,43690
"Longueuil",0.2989146,32.7,13.36,43690
"Longueuil",0.297142,32.68,13.34,43690
"Longueuil",0.2968241,32.67,13.36,43690
"Longueuil",0.2978134,32.68,13.37,43690
"Longueuil",0.2990723,32.67,13.41,43690
"Longueuil",0.3008041,32.67,13.41,43690
"Longueuil",0.2992274,32.67,13.44,43690
"Longueuil",0.3016815,32.7,13.48,43690
"Longueuil",0.2995987,32.67,13.45,43690
"Longueuil",0.3025284,32.67,13.42,43690
"Longueuil",0.3027725,32.68,13.4,43690
"Longueuil",0.303833,32.67,13.39,43690
"Longueuil",0.3015417,32.66,13.4,43690
"Longueuil",0.3027776,32.68,13.38,43690
"Longueuil",0.3031769,32.69,13.38,43690
"Longueuil",0.3037592,32.69,13.34,43690
"Longueuil",0.3048325,32.7,13.38,43690
"Longueuil",0.3037745,32.77,13.43,43690
"Longueuil",0.3040746,32.7,13.37,43690
"Longueuil",0.3052343,32.71,13.35,43690
"Longueuil",0.3045171,32.73,13.36,43690
"Longueuil",0.3045374,32.73,13.36,43690
"Longueuil",0.3049876,32.74,13.35,43690
"Longueuil",0.3037872,32.76,13.38,43690
"Longueuil",0.3056641,32.78,13.39,43690
"Longueuil",0.3090464,32.79,13.39,43690
"Longueuil",0.3057785,32.8,13.38,43690
"Longueuil",0.3072764,32.81,13.39,43690
"Longueuil",0.3075816,32.83,13.36,43690
"Longueuil",0.3058039,32.81,13.34,43690
"Longueuil",0.3052317,32.82,13.36,43690
"Longueuil",0.3056259,32.83,13.34,43690
"Longueuil",0.3048426,32.82,13.34,43690
"Longueuil",0.3048172,32.83,13.37,43690
"Longueuil",0.3045273,32.84,13.36,43690
"Longueuil",0.3053945,32.81,13.35,43690
"Longueuil",0.3061015,32.8,13.37,43690
"Longueuil",0.306455,32.8,13.4,43690
"Longueuil",0.3047943,32.79,13.41,43690
"Longueuil",0.307251,32.77,13.36,43690
"Longueuil",0.3047943,32.76,13.36,43690
"Longueuil",0.3074544,32.74,13.34,43690
"Longueuil",0.3067754,32.74,13.34,43690
"Longueuil",0.3106206,32.72,13.36,43690
"Longueuil",0.3098297,32.72,13.34,43690
"Longueuil",0.3086675,32.7,13.33,43690
"Longueuil",0.3093185,32.68,13.36,43690
"Longueuil",0.3099772,32.69,13.37,43690
"Longueuil",0.3117549,32.66,13.36,43690
"Longueuil",0.3089345,32.67,13.36,43690
"Longueuil",0.312027,32.67,13.36,43690
"Longueuil",0.3094381,32.66,13.35,43690
"Longueuil",0.3126297,32.66,13.38,43690
"Longueuil",0.3129501,32.66,13.36,43690
"Longueuil",0.31191,32.66,13.36,43690
"Longueuil",0.3131968,32.71,13.38,43690
"Longueuil",0.3115692,32.66,13.38,43690
"Longueuil",0.3138097,32.71,13.37,43690
"Longueuil",0.3147481,32.77,13.36,43690
"Longueuil",0.3154806,32.68,13.33,43690
"Longueuil",0.3138733,32.69,13.34,43690
"Longueuil",0.3150508,32.68,13.32,43690
"Longueuil",0.3142522,32.7,13.29,43690
"Longueuil",0.3164749,32.71,13.31,43690
"Longueuil",0.3141429,32.73,13.31,43690
"Longueuil",0.3151423,32.74,13.31,43690
"Longueuil",0.3153839,32.76,13.35,43690
"Longueuil",0.315122,32.78,13.32,43690
"Longueuil",0.3147761,32.79,13.31,43690
"Longueuil",0.3144455,32.8,13.32,43690
"Longueuil",0.3142878,32.82,13.35,43690
"Longueuil",0.3154093,32.83,13.36,43690
"Longueuil",0.316363,32.83,13.39,43690
"Longueuil",0.3132019,32.85,13.36,43690
"Longueuil",0.3174438,32.87,13.34,43690
"Longueuil",0.3143972,32.87,13.37,43690
"Longueuil",0.3138351,32.87,13.38,43690
"Longueuil",0.3131307,32.88,13.37,43690
"Longueuil",0.3159103,32.87,13.38,43690
"Longueuil",0.3122355,32.86,13.39,43690
"Longueuil",0.31663,32.86,13.34,43690
"Longueuil",0.3136775,32.84,13.32,43690
"Longueuil",0.3128866,32.82,13.31,43690
"Longueuil",0.3129959,32.81,13.3,43690
"Longueuil",0.3140284,32.81,13.28,43690
"Longueuil",0.3151093,32.79,13.29,43690
"Longueuil",0.3142446,32.77,13.33,43690
"Longueuil",0.3148397,32.77,13.34,43690
"Longueuil",0.315094,32.74,13.33,43690
"Longueuil",0.3163452,32.72,13.4,43690
"Longueuil",0.3178101,32.71,13.37,43690
"Longueuil",0.3178914,32.71,13.34,43690
"Longueuil",0.3189825,32.68,13.32,43690
"Longueuil",0.3217773,32.68,13.3,43690
"Longueuil",0.3212509,32.68,13.3,43690
"Longueuil",0.3231964,32.66,13.31,43690
"Longueuil",0.3211619,32.66,13.33,43690
"Longueuil",0.3218994,32.66,13.3,43690
"Longueuil",0.3216349,32.65,13.34,43690
"Longueuil",0.3223165,32.67,13.36,43690
"Longueuil",0.3223495,32.66,13.4,43690
"Longueuil",0.3214874,32.68,13.38,43690
"Longueuil",0.3240789,32.69,13.42,43690
"Longueuil",0.3221842,32.69,13.43,43690
"Longueuil",0.3223139,32.7,13.39,43690
"Longueuil",0.3237813,32.7,13.36,43690
"Longueuil",0.3217824,32.7,13.38,43690
"Longueuil",0.3221487,32.69,13.37,43690
"Longueuil",0.3241882,32.72,13.4,43690
"Longueuil",0.3210754,32.76,13.36,43690
"Longueuil",0.3206202,32.73,13.36,43690
"Longueuil",0.3210678,32.74,13.37,43690
"Longueuil",0.3207932,32.77,13.37,43690
"Longueuil",0.3205058,32.77,13.41,43690
"Longueuil",0.3179779,32.79,13.36,43690
"Longueuil",0.3183492,32.79,13.36,43690
"Longueuil",0.3188349,32.8,13.37,43690
"Longueuil",0.31663,32.78,13.36,43690
"Longueuil",0.3181915,32.79,13.36,43690
"Longueuil",0.3171844,32.78,13.34,43690
"Longueuil",0.321579,32.78,13.36,43690
"Longueuil",0.3189214,32.8,13.39,43690
"Longueuil",0.319397,32.78,13.37,43690
"Longueuil",0.3194936,32.76,13.37,43690
"Longueuil",0.3212484,32.74,13.39,43690
"Longueuil",0.3189723,32.73,13.38,43690
"Longueuil",0.3225861,32.69,13.38,43690
"Longueuil",0.3214849,32.66,13.32,43690
"Longueuil",0.3231532,32.65,13.3,43690
"Longueuil",0.3249029,32.64,13.31,43690
"Longueuil",0.3232625,32.63,13.32,43690
"Longueuil",0.3243815,32.63,13.33,43690
"Longueuil",0.3243357,32.62,13.32,43690
"Longueuil",0.3265737,32.6,13.33,43690
"Longueuil",0.3280919,32.61,13.3,43690
"Longueuil",0.3282445,32.59,13.32,43690
"Longueuil",0.3269831,32.59,13.3,43690
"Longueuil",0.3263651,32.58,13.34,43690
"Longueuil",0.327329,32.6,13.38,43690
"Longueuil",0.3282801,32.6,13.36,43690
"Longueuil",0.3257497,32.66,13.34,43690
"Longueuil",0.3293559,32.61,13.4,43690
"Longueuil",0.3281123,32.62,13.37,43690
"Longueuil",0.3281479,32.66,13.36,43690
"Longueuil",0.3274943,32.67,13.36,43690
"Longueuil",0.3296432,32.67,13.38,43690
"Longueuil",0.327067,32.67,13.36,43690
"Longueuil",0.3266958,32.66,13.34,43690
"Longueuil",0.3278046,32.67,13.3,43690
"Longueuil",0.3280589,32.68,13.34,43690
"Longueuil",0.3260244,32.69,13.33,43690
"Longueuil",0.326622,32.7,13.33,43690
"Longueuil",0.328364,32.71,13.32,43690
"Longueuil",0.3263677,32.72,13.31,43690
"Longueuil",0.3281835,32.73,13.31,43690
"Longueuil",0.3270035,32.74,13.32,43690
"Longueuil",0.3259252,32.75,13.33,43690
"Longueuil",0.3288956,32.75,13.33,43690
"Longueuil",0.324117,32.76,13.35,43690
"Longueuil",0.3246918,32.75,13.32,43690
"Longueuil",0.3245926,32.76,13.3,43690
"Longueuil",0.3226039,32.76,13.33,43690
"Longueuil",0.3229218,32.76,13.31,43690
"Longueuil",0.3234253,32.75,13.35,43690
"Longueuil",0.3212942,32.74,13.32,43690
"Longueuil",0.3220825,32.74,13.33,43690
"Longueuil",0.3227793,32.73,13.37,43690
"Longueuil",0.3238576,32.72,13.33,43690
"Longueuil",0.3212713,32.7,13.33,43690
"Longueuil",0.3221308,32.69,13.33,43690
"Longueuil",0.319308,32.68,13.37,43690
"Longueuil",0.3204702,32.67,13.36,43690
"Longueuil",0.3216299,32.64,13.35,43690
"Longueuil",0.3231455,32.64,13.33,43690
"Longueuil",0.3238551,32.63,13.32,43690
"Longueuil",0.3255844,32.61,13.35,43690
"Longueuil",0.3254878,32.61,13.4,43690
"Longueuil",0.325765,32.61,13.31,43690
"Longueuil",0.3250351,32.6,13.33,43690
"Longueuil",0.3261744,32.6,13.35,43690
"Longueuil",0.3264211,32.61,13.35,43690
"Longueuil",0.3243891,32.53,13.39,43690
"Longueuil",0.3268839,32.62,13.39,43690
"Longueuil",0.3256683,32.61,13.41,43690
"Longueuil",0.3273138,32.62,13.41,43690
"Longueuil",0.3278529,32.62,13.43,43690
"Longueuil",0.3270035,32.65,13.44,43690
"Longueuil",0.3245773,32.66,13.45,43690
"Longueuil",0.3260015,32.67,13.39,43690
"Longueuil",0.3244781,32.66,13.38,43690
"Longueuil",0.3248876,32.67,13.36,43690
"Longueuil",0.3253377,32.67,13.34,43690
"Longueuil",0.323115,32.68,13.34,43690
"Longueuil",0.3232447,32.68,13.37,43690
"Longueuil",0.3223038,32.7,13.37,43690
"Longueuil",0.3227946,32.7,13.34,43690
"Longueuil",0.3231684,32.71,13.33,43690
"Longueuil",0.3233159,32.71,13.42,43690
"Longueuil",0.3218536,32.71,13.37,43690
"Longueuil",0.3211136,32.71,13.38,43690
"Longueuil",0.3211466,32.7,13.33,43690
"Longueuil",0.3204981,32.7,13.37,43690
"Longueuil",0.3229955,32.71,13.37,43690
"Longueuil",0.3194427,32.71,13.4,43690
"Longueuil",0.3207448,32.68,13.38,43690
"Longueuil",0.321373,32.64,13.36,43690
"Longueuil",0.3218536,32.63,13.37,43690
"Longueuil",0.323171,32.63,13.39,43690
"Longueuil",0.3218536,32.62,13.37,43690
"Longueuil",0.3235372,32.6,13.36,43690
"Longueuil",0.3240891,32.58,13.36,43690
"Longueuil",0.3239416,32.58,13.38,43690
"Longueuil",0.3249334,32.58,13.39,43690
"Longueuil",0.3262304,32.58,13.36,43690
"Longueuil",0.3250732,32.56,13.33,43690
"Longueuil",0.3245901,32.56,13.35,43690
"Longueuil",0.3244629,32.55,13.34,43690
"Longueuil",0.3278097,32.55,13.37,43690
"Longueuil",0.3270976,32.56,13.35,43690
"Longueuil",0.3279368,32.57,13.35,43690
"Longueuil",0.3271255,32.55,13.34,43690
"Longueuil",0.3286768,32.56,13.38,43690
"Longueuil",0.3299052,32.56,13.36,43690
"Longueuil",0.3284988,32.57,13.39,43690
"Longueuil",0.3298925,32.59,13.37,43690
"Longueuil",0.3298416,32.6,13.32,43690
"Longueuil",0.3295034,32.6,13.36,43690
"Longueuil",0.3324127,32.6,13.37,43690
"Longueuil",0.3332011,32.62,13.4,43690
"Longueuil",0.3322983,32.63,13.34,43690
"Longueuil",0.3328756,32.64,13.34,43690
"Longueuil",0.3348083,32.67,13.43,43690
"Longueuil",0.3351389,32.7,13.41,43690
"Longueuil",0.3384806,32.7,13.42,43690
"Longueuil",0.3383153,32.69,13.38,43690
"Longueuil",0.338384,32.72,13.41,43690
"Longueuil",0.3369471,32.74,13.41,43690
"Longueuil",0.3369217,32.74,13.39,43690
"Longueuil",0.3366064,32.74,13.42,43690
"Longueuil",0.3400218,32.74,13.41,43690
"Longueuil",0.336825,32.73,13.41,43690
"Longueuil",0.3362503,32.74,13.39,43690
"Longueuil",0.3379593,32.74,13.38,43690
"Longueuil",0.3373667,32.73,13.42,43690
"Longueuil",0.3385162,32.73,13.44,43690
"Longueuil",0.339592,32.71,13.43,43690
"Longueuil",0.3381399,32.7,13.46,43690
"Longueuil",0.3375982,32.68,13.41,43690
"Longueuil",0.3406016,32.68,13.41,43690
"Longueuil",0.3403956,32.66,13.41,43690
"Longueuil",0.3416926,32.64,13.39,43690
"Longueuil",0.3410645,32.62,13.39,43690
"Longueuil",0.3431269,32.62,13.45,43690
"Longueuil",0.3439992,32.61,13.39,43690
"Longueuil",0.3454081,32.59,13.39,43690
"Longueuil",0.34788,32.59,13.41,43690
"Longueuil",0.3492966,32.57,13.41,43690
"Longueuil",0.349617,32.64,13.38,43690
"Longueuil",0.3496653,32.56,13.43,43690
"Longueuil",0.351827,32.57,13.38,43690
"Longueuil",0.3532181,32.56,13.34,43690
"Longueuil",0.3556925,32.57,13.4,43690
"Longueuil",0.3571803,32.58,13.39,43690
"Longueuil",0.3570404,32.57,13.38,43690
"Longueuil",0.3551432,32.58,13.39,43690
"Longueuil",0.3561605,32.59,13.37,43690
"Longueuil",0.356842,32.59,13.36,43690
"Longueuil",0.3566691,32.63,13.36,43690
"Longueuil",0.3573507,32.61,13.37,43690
"Longueuil",0.3578084,32.62,13.38,43690
"Longueuil",0.3587977,32.63,13.39,43690
"Longueuil",0.3586985,32.64,13.37,43690
"Longueuil",0.3587392,32.64,13.38,43690
"Longueuil",0.3605982,32.65,13.36,43690
"Longueuil",0.3594716,32.64,13.33,43690
"Longueuil",0.3646927,32.66,13.33,43690
"Longueuil",0.3640417,32.68,13.37,43690
"Longueuil",0.3644129,32.67,13.31,43690
"Longueuil",0.36542,32.69,13.3,43690
"Longueuil",0.3631109,32.7,13.31,43690
"Longueuil",0.3644104,32.71,13.34,43690
"Longueuil",0.3676427,32.73,13.35,43690
"Longueuil",0.3650385,32.76,13.38,43690
"Longueuil",0.3654836,32.76,13.42,43690
"Longueuil",0.3664424,32.77,13.43,43690
"Longueuil",0.3675054,32.77,13.44,43690
"Longueuil",0.367485,32.76,13.44,43690
"Longueuil",0.3662974,32.77,13.45,43690
"Longueuil",0.3681234,32.72,13.43,43690
"Longueuil",0.3704859,32.71,13.43,43690
"Longueuil",0.3684006,32.7,13.43,43690
"Longueuil",0.3717473,32.67,13.41,43690
"Longueuil",0.3724162,32.68,13.39,43690
"Longueuil",0.371727,32.66,13.42,43690
"Longueuil",0.3739726,32.64,13.42,43690
"Longueuil",0.3773778,32.64,13.39,43690
"Longueuil",0.3745041,32.62,13.42,43690
"Longueuil",0.3778534,32.61,13.4,43690
"Longueuil",0.3772558,32.6,13.4,43690
"Longueuil",0.3781916,32.62,13.36,43690
"Longueuil",0.3767191,32.58,13.34,43690
"Longueuil",0.3779043,32.62,13.35,43690
"Longueuil",0.3773422,32.59,13.36,43690
"Longueuil",0.3775533,32.59,13.4,43690
"Longueuil",0.3787842,32.61,13.4,43690
"Longueuil",0.3787054,32.61,13.43,43690
"Longueuil",0.379097,32.61,13.45,43690
"Longueuil",0.3805033,32.61,13.44,43690
"Longueuil",0.3802465,32.61,13.44,43690
"Longueuil",0.3800405,32.62,13.45,43690
"Longueuil",0.379687,32.62,13.45,43690
"Longueuil",0.379804,32.62,13.44,43690
"Longueuil",0.3827871,32.62,13.44,43690
"Longueuil",0.3817037,32.63,13.45,43690
"Longueuil",0.3807373,32.64,13.42,43690
"Longueuil",0.3820139,32.65,13.39,43690
"Longueuil",0.3845164,32.67,13.4,43690
"Longueuil",0.3837408,32.72,13.42,43690
"Longueuil",0.3832245,32.68,13.42,43690
"Longueuil",0.3849742,32.69,13.43,43690
"Longueuil",0.3837484,32.69,13.36,43690
"Longueuil",0.3827616,32.7,13.39,43690
"Longueuil",0.3806101,32.71,13.41,43690
"Longueuil",0.3798955,32.73,13.43,43690
"Longueuil",0.3816656,32.74,13.44,43690
"Longueuil",0.3800481,32.73,13.44,43690
"Longueuil",0.3798625,32.71,13.46,43690
"Longueuil",0.3788706,32.74,13.43,43690
"Longueuil",0.378657,32.7,13.39,43690
"Longueuil",0.3786697,32.69,13.37,43690
"Longueuil",0.3792521,32.68,13.38,43690
"Longueuil",0.3786443,32.67,13.41,43690
"Longueuil",0.3767675,32.67,13.4,43690
"Longueuil",0.3763224,32.65,13.38,43690
"Longueuil",0.3790817,32.62,13.37,43690
"Longueuil",0.3789774,32.61,13.34,43690
"Longueuil",0.3790436,32.59,13.36,43690
"Longueuil",0.3791453,32.6,13.4,43690
"Longueuil",0.3778814,32.59,13.4,43690
"Longueuil",0.3807678,32.6,13.38,43690
"Longueuil",0.3803558,32.59,13.39,43690
"Longueuil",0.3799896,32.58,13.39,43690
"Longueuil",0.3801066,32.57,13.35,43690
"Longueuil",0.3800176,32.57,13.33,43690
"Longueuil",0.3795217,32.55,13.32,43690
"Longueuil",0.3808441,32.56,13.33,43690
"Longueuil",0.3802414,32.55,13.33,43690
"Longueuil",0.3817011,32.56,13.37,43690
"Longueuil",0.3813222,32.56,13.37,43690
"Longueuil",0.3818766,32.61,13.37,43690
"Longueuil",0.3808517,32.6,13.32,43690
"Longueuil",0.3825022,32.57,13.31,43690
"Longueuil",0.3795827,32.56,13.31,43690
"Longueuil",0.3825099,32.58,13.31,43690
"Longueuil",0.3807068,32.59,13.31,43690
"Longueuil",0.3791733,32.6,13.35,43690
"Longueuil",0.3809738,32.63,13.35,43690
"Longueuil",0.3811264,32.64,13.36,43690
"Longueuil",0.3803329,32.67,13.43,43690
"Longueuil",0.3788172,32.68,13.39,43690
"Longueuil",0.3788834,32.69,13.39,43690
"Longueuil",0.379125,32.7,13.36,43690
"Longueuil",0.3804398,32.68,13.34,43690
"Longueuil",0.3819707,32.7,13.36,43690
"Longueuil",0.3778381,32.71,13.33,43690
"Longueuil",0.3765691,32.71,13.35,43690
"Longueuil",0.3759104,32.74,13.38,43690
"Longueuil",0.3748118,32.75,13.38,43690
"Longueuil",0.3752721,32.74,13.33,43690
"Longueuil",0.3754781,32.74,13.34,43690
"Longueuil",0.3763148,32.75,13.37,43690
"Longueuil",0.3741226,32.75,13.36,43690
"Longueuil",0.3725281,32.75,13.39,43690
"Longueuil",0.3705597,32.75,13.35,43690
"Longueuil",0.3731638,32.75,13.37,43690
"Longueuil",0.3699468,32.76,13.37,43690
"Longueuil",0.3690313,32.71,13.35,43690
"Longueuil",0.3718313,32.69,13.39,43690
"Longueuil",0.372228,32.67,13.43,43690
"Longueuil",0.3694382,32.65,13.4,43690
"Longueuil",0.3727213,32.63,13.37,43690
"Longueuil",0.3699951,32.6,13.33,43690
"Longueuil",0.3712692,32.65,13.31,43690
"Longueuil",0.3691203,32.6,13.32,43690
"Longueuil",0.3716787,32.59,13.34,43690
"Longueuil",0.3701274,32.59,13.35,43690
"Longueuil",0.3699875,32.58,13.4,43690
"Longueuil",0.3712616,32.59,13.38,43690
"Longueuil",0.3697535,32.59,13.42,43690
"Longueuil",0.3692881,32.59,13.44,43690
"Longueuil",0.3702596,32.58,13.44,43690
"Longueuil",0.3686905,32.58,13.39,43690
"Longueuil",0.3666357,32.58,13.4,43690
"Longueuil",0.3679326,32.58,13.37,43690
"Longueuil",0.3701808,32.59,13.4,43690
"Longueuil",0.3676504,32.59,13.41,43690
"Longueuil",0.3679148,32.6,13.39,43690
"Longueuil",0.3687871,32.6,13.38,43690
"Longueuil",0.3684006,32.62,13.36,43690
"Longueuil",0.3697154,32.59,13.34,43690
"Longueuil",0.3705953,32.62,13.35,43690
"Longueuil",0.3678182,32.63,13.37,43690
"Longueuil",0.3686498,32.64,13.35,43690
"Longueuil",0.3677699,32.65,13.37,43690
"Longueuil",0.369339,32.77,13.38,43690
"Longueuil",0.3678462,32.68,13.39,43690
"Longueuil",0.3664983,32.69,13.38,43690
"Longueuil",0.3665237,32.7,13.38,43690
"Longueuil",0.3645605,32.72,13.4,43690
"Longueuil",0.3661118,32.71,13.42,43690
"Longueuil",0.3637136,32.51,13.41,43690
"Longueuil",0.3650513,32.74,13.38,43690
"Longueuil",0.362559,32.73,13.36,43690
"Longueuil",0.3603312,32.74,13.4,43690
"Longueuil",0.3630422,32.77,13.37,43690
"Longueuil",0.3616358,32.73,13.38,43690
"Longueuil",0.3595301,32.71,13.35,43690
"Longueuil",0.3581111,32.72,13.38,43690
"Longueuil",0.3596344,32.72,13.41,43690
"Longueuil",0.3569438,32.71,13.38,43690
"Longueuil",0.3576864,32.69,13.33,43690
"Longueuil",0.3558985,32.68,13.36,43690
"Longueuil",0.3548991,32.66,13.4,43690
"Longueuil",0.3558121,32.67,13.42,43690
"Longueuil",0.3549856,32.65,13.4,43690
"Longueuil",0.3548991,32.63,13.41,43690
"Longueuil",0.3569819,32.6,13.42,43690
"Longueuil",0.3577881,32.63,13.37,43690
"Longueuil",0.3554637,32.6,13.38,43690
"Longueuil",0.3579178,32.59,13.41,43690
"Longueuil",0.3568192,32.58,13.38,43690
"Longueuil",0.3548737,32.57,13.37,43690
"Longueuil",0.3553518,32.57,13.38,43690
"Longueuil",0.3554967,32.57,13.38,43690
"Longueuil",0.3517939,32.57,13.37,43690
"Longueuil",0.3541921,32.56,13.38,43690
"Longueuil",0.3565241,32.58,13.38,43690
"Longueuil",0.3508428,32.58,13.38,43690
"Longueuil",0.3511302,32.58,13.38,43690
"Longueuil",0.3503367,32.62,13.37,43690
"Longueuil",0.3523407,32.58,13.36,43690
"Longueuil",0.3509801,32.61,13.37,43690
"Longueuil",0.347468,32.6,13.32,43690
"Longueuil",0.3466009,32.62,13.33,43690
"Longueuil",0.3460948,32.61,13.33,43690
"Longueuil",0.3443553,32.61,13.33,43690
"Longueuil",0.3434906,32.64,13.32,43690
"Longueuil",0.3462499,32.66,13.33,43690
"Longueuil",0.3410594,32.67,13.36,43690
"Longueuil",0.3423437,32.68,13.38,43690
"Longueuil",0.3404617,32.7,13.39,43690
"Longueuil",0.3403829,32.71,13.4,43690
"Longueuil",0.3399149,32.72,13.36,43690
"Longueuil",0.3360316,32.71,13.34,43690
"Longueuil",0.3380992,32.71,13.33,43690
"Longueuil",0.3344396,32.71,13.35,43690
"Longueuil",0.3341624,32.72,13.35,43690
"Longueuil",0.3319727,32.74,13.33,43690
"Longueuil",0.3334427,32.75,13.31,43690
"Longueuil",0.3285904,32.77,13.33,43690
"Longueuil",0.3276825,32.75,13.32,43690
"Longueuil",0.3261973,32.5,13.31,43690
"Longueuil",0.3248215,32.77,13.33,43690
"Longueuil",0.3230515,32.77,13.36,43690
"Longueuil",0.3209127,32.76,13.38,43690
"Longueuil",0.3192088,32.76,13.39,43690
"Longueuil",0.3186442,32.73,13.31,43690
"Longueuil",0.3192444,32.71,13.31,43690
"Longueuil",0.3157552,32.7,13.32,43690
"Longueuil",0.3159586,32.67,13.29,43690
"Longueuil",0.3168615,32.66,13.29,43690
"Longueuil",0.31427,32.65,13.31,43690
"Longueuil",0.3136648,32.64,13.3,43690
"Longueuil",0.3141098,32.63,13.31,43690
"Longueuil",0.3126907,32.62,13.31,43690
"Longueuil",0.312734,32.61,13.28,43690
"Longueuil",0.3110631,32.59,13.31,43690
"Longueuil",0.307485,32.59,13.33,43690
"Longueuil",0.3045069,32.6,13.34,43690
"Longueuil",0.3066483,32.59,13.32,43690
"Longueuil",0.3042374,32.59,13.33,43690
"Longueuil",0.3019155,32.6,13.34,43690
"Longueuil",0.3021571,32.62,13.4,43690
"Longueuil",0.3038635,32.6,13.39,43690
"Longueuil",0.3028056,32.6,13.39,43690
"Longueuil",0.3016714,32.6,13.36,43690
"Longueuil",0.2973429,32.61,13.35,43690
"Longueuil",0.2977473,32.44,13.32,43690
"Longueuil",0.2983907,32.62,13.38,43690
"Longueuil",0.2996852,32.61,13.38,43690
"Longueuil",0.2972031,32.62,13.4,43690
"Longueuil",0.2975388,32.63,13.38,43690
"Longueuil",0.2948837,32.62,13.34,43690
"Longueuil",0.2937647,32.63,13.35,43690
"Longueuil",0.2953161,32.65,13.38,43690
"Longueuil",0.2920074,32.67,13.37,43690
"Longueuil",0.2940521,32.68,13.34,43690
"Longueuil",0.2907054,32.65,13.31,43690
"Longueuil",0.2881241,32.67,13.35,43690
"Longueuil",0.291626,32.7,13.33,43690
"Longueuil",0.2876536,32.7,13.36,43690
"Longueuil",0.2852376,32.7,13.39,43690
"Longueuil",0.2860107,32.72,13.35,43690
"Longueuil",0.2849935,32.72,13.35,43690
"Longueuil",0.2850342,32.71,13.34,43690
"Longueuil",0.2811178,32.72,13.35,43690
"Longueuil",0.2811508,32.71,13.34,43690
"Longueuil",0.2838135,32.71,13.34,43690
"Longueuil",0.2812576,32.71,13.35,43690
"Longueuil",0.2814051,32.69,13.38,43690
"Longueuil",0.2823283,32.41,13.36,43690
"Longueuil",0.2804591,32.66,13.34,43690
"Longueuil",0.280688,32.66,13.36,43690
"Longueuil",0.2815145,32.63,13.34,43690
"Longueuil",0.2817179,32.62,13.37,43690
"Longueuil",0.2820257,32.61,13.31,43690
"Longueuil",0.2832159,32.58,13.34,43690
"Longueuil",0.2830073,32.57,13.33,43690
"Longueuil",0.2796961,32.57,13.33,43690
"Longueuil",0.2823308,32.57,13.36,43690
"Longueuil",0.2819087,32.56,13.34,43690
"Longueuil",0.2836126,32.56,13.35,43690
"Longueuil",0.2811203,32.55,13.37,43690
"Longueuil",0.2822622,32.55,13.39,43690
"Longueuil",0.2823283,32.57,13.45,43690
"Longueuil",0.2802226,32.56,13.45,43690
"Longueuil",0.2801158,32.57,13.44,43690
"Longueuil",0.2806778,32.57,13.42,43690
"Longueuil",0.2848002,32.58,13.4,43690
"Longueuil",0.2819138,32.62,13.39,43690
"Longueuil",0.2784195,32.65,13.39,43690
"Longueuil",0.2800318,32.58,13.36,43690
"Longueuil",0.2800318,32.58,13.37,43690
"Longueuil",0.2800674,32.6,13.33,43690
"Longueuil",0.2821808,32.61,13.33,43690
"Longueuil",0.2802175,32.69,13.32,43690
"Longueuil",0.2799301,32.64,13.36,43690
"Longueuil",0.2814865,32.64,13.36,43690
"Longueuil",0.2827759,32.66,13.35,43690
"Longueuil",0.2815399,32.65,13.3,43690
"Longueuil",0.280894,32.65,13.29,43690
"Longueuil",0.2820129,32.66,13.33,43690
"Longueuil",0.2823868,32.69,13.33,43690
"Longueuil",0.2792791,32.71,13.33,43690
"Longueuil",0.280604,32.73,13.35,43690
"Longueuil",0.2796402,32.76,13.34,43690
"Longueuil",0.2799174,32.75,13.33,43690
"Longueuil",0.2785034,32.75,13.31,43690
"Longueuil",0.2788518,32.74,13.34,43690
"Longueuil",0.2790095,32.74,13.34,43690
"Longueuil",0.2780609,32.74,13.32,43690
"Longueuil",0.2773463,32.74,13.34,43690
"Longueuil",0.2802429,32.76,13.36,43690
"Longueuil",0.2778473,32.74,13.45,43690
"Longueuil",0.27845,32.72,13.45,43690
"Longueuil",0.2765249,32.59,13.45,43690
"Longueuil",0.2771912,32.68,13.43,43690
"Longueuil",0.2790476,32.67,13.42,43690
"Longueuil",0.277977,32.65,13.4,43690
"Longueuil",0.2799708,32.64,13.38,43690
"Longueuil",0.2799988,32.61,13.39,43690
"Longueuil",0.2803141,32.61,13.36,43690
"Longueuil",0.2797826,32.59,13.34,43690
"Longueuil",0.2811864,32.59,13.35,43690
"Longueuil",0.2803294,32.6,13.39,43690
"Longueuil",0.2783432,32.59,13.36,43690
"Longueuil",0.2785492,32.58,13.38,43690
"Longueuil",0.2817815,32.59,13.39,43690
"Longueuil",0.2819443,32.58,13.39,43690
"Longueuil",0.2810771,32.59,13.39,43690
"Longueuil",0.2805456,32.59,13.46,43690
"Longueuil",0.2829285,32.59,13.42,43690
"Longueuil",0.2816595,32.68,13.39,43690
"Longueuil",0.2801895,32.59,13.39,43690
"Longueuil",0.2813238,32.6,13.35,43690
"Longueuil",0.2811813,32.61,13.35,43690
"Longueuil",0.2816111,32.6,13.34,43690
"Longueuil",0.280393,32.62,13.34,43690
"Longueuil",0.279892,32.62,13.34,43690
"Longueuil",0.2796911,32.64,13.33,43690
"Longueuil",0.2796656,32.67,13.34,43690
"Longueuil",0.2825623,32.66,13.32,43690
"Longueuil",0.2804845,32.68,13.35,43690
"Longueuil",0.2832464,32.69,13.32,43690
"Longueuil",0.2800089,32.69,13.33,43690
"Longueuil",0.2812398,32.71,13.32,43690
"Longueuil",0.282369,32.73,13.36,43690
"Longueuil",0.280571,32.73,13.35,43690
"Longueuil",0.280571,32.76,13.33,43690
"Longueuil",0.2826716,32.76,13.32,43690
"Longueuil",0.2804184,32.77,13.33,43690
"Longueuil",0.282135,32.78,13.33,43690
"Longueuil",0.2823029,32.8,13.35,43690
"Longueuil",0.2843043,32.8,13.4,43690
"Longueuil",0.2811686,32.82,13.4,43690
"Longueuil",0.2818247,32.59,13.39,43690
"Longueuil",0.2795614,32.84,13.36,43690
"Longueuil",0.2799784,32.84,13.39,43690
"Longueuil",0.2798233,32.81,13.39,43690
"Longueuil",0.2778371,32.82,13.4,43690
"Longueuil",0.275945,32.81,13.37,43690
"Longueuil",0.2804057,32.79,13.36,43690
"Longueuil",0.2811788,32.78,13.4,43690
"Longueuil",0.2785517,32.78,13.42,43690
"Longueuil",0.2806803,32.76,13.43,43690
"Longueuil",0.2785416,32.73,13.42,43690
"Longueuil",0.2795105,32.73,13.44,43690
"Longueuil",0.277092,32.71,13.44,43690
"Longueuil",0.2807388,32.68,13.42,43690
"Longueuil",0.2784093,32.68,13.44,43690
"Longueuil",0.2808507,32.65,13.4,43690
"Longueuil",0.2793833,32.64,13.42,43690
"Longueuil",0.2819519,32.64,13.45,43690
"Longueuil",0.2810059,32.64,13.43,43690
"Longueuil",0.2818578,32.62,13.39,43690
"Longueuil",0.2828445,32.6,13.37,43690
"Longueuil",0.2841466,32.3,13.34,43690
"Longueuil",0.2858683,32.58,13.32,43690
"Longueuil",0.2861074,32.58,13.34,43690
"Longueuil",0.2843933,32.58,13.35,43690
"Longueuil",0.2844442,32.59,13.36,43690
"Longueuil",0.2842102,32.61,13.37,43690
"Longueuil",0.2844289,32.62,13.4,43690
"Longueuil",0.2819163,32.63,13.33,43690
"Longueuil",0.2822189,32.64,13.35,43690
"Longueuil",0.2828878,32.65,13.34,43690
"Longueuil",0.282018,32.66,13.37,43690
"Longueuil",0.2826767,32.67,13.37,43690
"Longueuil",0.2845535,32.68,13.38,43690
"Longueuil",0.2850342,32.76,13.39,43690
"Longueuil",0.2808456,32.7,13.39,43690
"Longueuil",0.283549,32.71,13.39,43690
"Longueuil",0.285375,32.71,13.38,43690
"Longueuil",0.2841873,32.74,13.41,43690
"Longueuil",0.2839686,32.76,13.44,43690
"Longueuil",0.2838643,32.76,13.46,43690
"Longueuil",0.2818502,32.76,13.43,43690
"Longueuil",0.2822672,32.77,13.44,43690
"Longueuil",0.2817968,32.78,13.42,43690
"Longueuil",0.2806549,32.77,13.41,43690
"Longueuil",0.2807795,32.78,13.41,43690
"Longueuil",0.2792486,32.77,13.37,43690
"Longueuil",0.2806702,32.75,13.4,43690
"Longueuil",0.2788569,32.76,13.42,43690
"Longueuil",0.2778168,32.74,13.42,43690
"Longueuil",0.2767359,32.72,13.39,43690
"Longueuil",0.277298,32.71,13.41,43690
"Longueuil",0.278211,32.7,13.39,43690
"Longueuil",0.2766953,32.69,13.4,43690
"Longueuil",0.2799174,32.67,13.39,43690
"Longueuil",0.2808304,32.66,13.38,43690
"Longueuil",0.2797953,32.65,13.39,43690
"Longueuil",0.2793859,32.64,13.38,43690
"Longueuil",0.2812347,32.62,13.4,43690
"Longueuil",0.2798462,32.63,13.42,43690
"Longueuil",0.2816823,32.62,13.43,43690
"Longueuil",0.2804794,32.62,13.41,43690
"Longueuil",0.2821096,32.62,13.41,43690
"Longueuil",0.2810516,32.58,13.37,43690
"Longueuil",0.2810033,32.59,13.38,43690
"Longueuil",0.2803217,32.6,13.42,43690
"Longueuil",0.2785772,32.6,13.38,43690
"Longueuil",0.2819239,32.6,13.41,43690
"Longueuil",0.2804133,32.61,13.38,43690
"Longueuil",0.2821554,32.62,13.39,43690
"Longueuil",0.2799581,32.61,13.37,43690
"Longueuil",0.2821935,32.63,13.36,43690
"Longueuil",0.2808889,32.64,13.36,43690
"Longueuil",0.2833608,32.68,13.34,43690
"Longueuil",0.2813619,32.65,13.34,43690
"Longueuil",0.2832438,32.67,13.37,43690
"Longueuil",0.2840398,32.66,13.37,43690
"Longueuil",0.2815374,32.67,13.35,43690
"Longueuil",0.2812169,32.71,13.34,43690
"Longueuil",0.2836634,32.71,13.35,43690
"Longueuil",0.2847112,32.71,13.3,43690
"Longueuil",0.2799479,32.72,13.33,43690
"Longueuil",0.2834422,32.75,13.36,43690
"Longueuil",0.2838847,32.77,13.38,43690
"Longueuil",0.2823156,32.77,13.36,43690
"Longueuil",0.279981,32.77,13.37,43690
"Longueuil",0.2822469,32.79,13.35,43690
"Longueuil",0.2826589,32.81,13.36,43690
"Longueuil",0.2833582,32.81,13.35,43690
"Longueuil",0.2825724,32.81,13.31,43690
"Longueuil",0.2827555,32.81,13.32,43690
"Longueuil",0.2810745,32.8,13.31,43690
"Longueuil",0.2798386,32.82,13.29,43690
"Longueuil",0.2794724,32.83,13.34,43690
"Longueuil",0.2772115,32.83,13.31,43690
"Longueuil",0.278094,32.85,13.3,43690
"Longueuil",0.2788645,32.84,13.31,43690
"Longueuil",0.2766113,32.83,13.32,43690
"Longueuil",0.2775828,32.82,13.34,43690
"Longueuil",0.2787145,32.81,13.31,43690
"Longueuil",0.2772497,32.8,13.28,43690
"Longueuil",0.2767563,32.77,13.29,43690
"Longueuil",0.2762324,32.56,13.3,43690
"Longueuil",0.2781474,32.76,13.31,43690
"Longueuil",0.2755865,32.74,13.3,43690
"Longueuil",0.2798716,32.73,13.33,43690
"Longueuil",0.2779134,32.74,13.38,43690
"Longueuil",0.2798258,32.72,13.4,43690
"Longueuil",0.2786001,32.71,13.35,43690
"Longueuil",0.2793706,32.7,13.36,43690
"Longueuil",0.2829565,32.68,13.34,43690
"Longueuil",0.2850927,32.66,13.38,43690
"Longueuil",0.278511,32.67,13.37,43690
"Longueuil",0.2803625,32.66,13.33,43690
"Longueuil",0.2804388,32.66,13.35,43690
"Longueuil",0.2802633,32.64,13.34,43690
"Longueuil",0.281868,32.67,13.36,43690
"Longueuil",0.281779,32.67,13.34,43690
"Longueuil",0.2827352,32.66,13.33,43690
"Longueuil",0.2814941,32.67,13.37,43690
"Longueuil",0.2831167,32.68,13.37,43690
"Longueuil",0.28081,32.69,13.41,43690
"Longueuil",0.2837372,32.69,13.4,43690
"Longueuil",0.2800954,32.7,13.36,43690
"Longueuil",0.2812653,32.71,13.36,43690
"Longueuil",0.2807007,32.69,13.39,43690
"Longueuil",0.2806447,32.72,13.36,43690
"Longueuil",0.2815653,32.73,13.34,43690
"Longueuil",0.280838,32.73,13.33,43690
"Longueuil",0.2783686,32.74,13.34,43690
"Longueuil",0.2778702,32.73,13.33,43690
"Longueuil",0.2786814,32.7,13.31,43690
"Longueuil",0.2800954,32.71,13.32,43690
"Longueuil",0.2769012,32.71,13.36,43690
"Longueuil",0.2771835,32.7,13.32,43690
"Longueuil",0.2779745,32.69,13.32,43690
"Longueuil",0.2780558,32.68,13.37,43690
"Longueuil",0.2770742,32.66,13.34,43690
"Longueuil",0.2785416,32.66,13.33,43690
"Longueuil",0.2788239,32.64,13.35,43690
"Longueuil",0.2776591,32.66,13.35,43690
"Longueuil",0.2819519,32.6,13.4,43690
"Longueuil",0.2797597,32.64,13.33,43690
"Longueuil",0.2787577,32.6,13.35,43690
"Longueuil",0.2784958,32.59,13.33,43690
"Longueuil",0.2792435,32.57,13.3,43690
"Longueuil",0.2812449,32.57,13.3,43690
"Longueuil",0.2799326,32.57,13.32,43690
"Longueuil",0.2792206,32.59,13.34,43690
"Longueuil",0.278979,32.69,13.34,43690
"Longueuil",0.2821121,32.59,13.37,43690
"Longueuil",0.2820969,32.6,13.38,43690
"Longueuil",0.2820409,32.6,13.35,43690
"Longueuil",0.2819061,32.6,13.37,43690
"Longueuil",0.2816366,32.6,13.38,43690
"Longueuil",0.2819544,32.61,13.35,43690
"Longueuil",0.2812475,32.61,13.31,43690
"Longueuil",0.2820562,32.63,13.31,43690
"Longueuil",0.2821223,32.65,13.34,43690
"Longueuil",0.2822647,32.65,13.34,43690
"Longueuil",0.2805379,32.65,13.36,43690
"Longueuil",0.2795893,32.67,13.38,43690
"Longueuil",0.2793503,32.68,13.37,43690
"Longueuil",0.280894,32.68,13.37,43690
"Longueuil",0.2831446,32.68,13.33,43690
"Longueuil",0.284668,32.7,13.37,43690
"Longueuil",0.2819824,32.71,13.35,43690
"Longueuil",0.281517,32.72,13.35,43690
"Longueuil",0.2826309,32.74,13.37,43690
"Longueuil",0.2809677,32.74,13.37,43690
"Longueuil",0.2792918,32.75,13.36,43690
"Longueuil",0.2797318,32.75,13.35,43690
"Longueuil",0.2800039,32.76,13.35,43690
"Longueuil",0.2794113,32.77,13.35,43690
"Longueuil",0.2791697,32.79,13.39,43690
"Longueuil",0.2775675,32.78,13.41,43690
"Longueuil",0.2758357,32.78,13.41,43690
"Longueuil",0.2778269,32.76,13.37,43690
"Longueuil",0.2772954,32.75,13.39,43690
"Longueuil",0.2754695,32.75,13.36,43690
"Longueuil",0.2741267,32.78,13.4,43690
"Longueuil",0.2781067,32.71,13.4,43690
"Longueuil",0.2748693,32.69,13.37,43690
"Longueuil",0.2788239,32.68,13.34,43690
"Longueuil",0.2776159,32.65,13.35,43690
"Longueuil",0.277916,32.64,13.36,43690
"Longueuil",0.2773107,32.64,13.38,43690
"Longueuil",0.2783712,32.63,13.4,43690
"Longueuil",0.2784424,32.63,13.4,43690
"Longueuil",0.2785924,32.61,13.37,43690
"Longueuil",0.2799505,32.61,13.36,43690
"Longueuil",0.2796936,32.59,13.38,43690
"Longueuil",0.2814509,32.57,13.4,43690
"Longueuil",0.2793198,32.59,13.39,43690
"Longueuil",0.2825368,32.59,13.42,43690
"Longueuil",0.2793554,32.6,13.39,43690
"Longueuil",0.2801743,32.58,13.38,43690
"Longueuil",0.2813924,32.58,13.38,43690
"Longueuil",0.2794876,32.58,13.32,43690
"Longueuil",0.2820841,32.59,13.35,43690
"Longueuil",0.2812551,32.59,13.37,43690
"Longueuil",0.2821325,32.59,13.34,43690
"Longueuil",0.2820282,32.6,13.34,43690
"Longueuil",0.2825953,32.63,13.32,43690
"Longueuil",0.283287,32.64,13.3,43690
"Longueuil",0.2838135,32.61,13.34,43690
"Longueuil",0.2828293,32.64,13.38,43690
"Longueuil",0.2802633,32.64,13.38,43690
"Longueuil",0.2806524,32.66,13.36,43690
"Longueuil",0.2821706,32.66,13.34,43690
"Longueuil",0.2841059,32.68,13.35,43690
"Longueuil",0.2826792,32.7,13.36,43690
"Longueuil",0.2819239,32.7,13.36,43690
"Longueuil",0.2817027,32.73,13.42,43690
"Longueuil",0.2798411,32.74,13.42,43690
"Longueuil",0.2790298,32.74,13.39,43690
"Longueuil",0.2828954,32.75,13.36,43690
"Longueuil",0.2797165,32.56,13.38,43690
"Longueuil",0.2792282,32.75,13.36,43690
"Longueuil",0.2797216,32.74,13.41,43690
"Longueuil",0.2802505,32.74,13.4,43690
"Longueuil",0.2798767,32.73,13.38,43690
"Longueuil",0.2789892,32.72,13.38,43690
"Longueuil",0.2816849,32.75,13.4,43690
"Longueuil",0.2795232,32.69,13.43,43690
"Longueuil",0.280866,32.68,13.36,43690
"Longueuil",0.278834,32.65,13.37,43690
"Longueuil",0.2788188,32.64,13.34,43690
"Longueuil",0.2800903,32.63,13.37,43690
"Longueuil",0.2817179,32.61,13.39,43690
"Longueuil",0.2810186,32.62,13.41,43690
"Longueuil",0.2796046,32.6,13.36,43690
"Longueuil",0.280454,32.6,13.36,43690
"Longueuil",0.2833964,32.59,13.37,43690
"Longueuil",0.2837168,32.58,13.39,43690
"Longueuil",0.281723,32.64,13.37,43690
"Longueuil",0.2811228,32.58,13.36,43690
"Longueuil",0.2822113,32.58,13.33,43690
"Longueuil",0.2820409,32.57,13.31,43690
"Longueuil",0.2842484,32.55,13.28,43690
"Longueuil",0.281929,32.56,13.31,43690
"Longueuil",0.2833405,32.58,13.31,43690
"Longueuil",0.2842102,32.6,13.35,43690
"Longueuil",0.2861837,32.62,13.39,43690
"Longueuil",0.2836711,32.64,13.38,43690
"Longueuil",0.2857971,32.64,13.37,43690
"Longueuil",0.2861328,32.64,13.38,43690
"Longueuil",0.2835337,32.65,13.41,43690
"Longueuil",0.2841161,32.66,13.39,43690
"Longueuil",0.2854385,32.66,13.42,43690
"Longueuil",0.2838058,32.68,13.38,43690
"Longueuil",0.2833684,32.7,13.4,43690
"Longueuil",0.2866236,32.7,13.44,43690
"Longueuil",0.2815755,32.7,13.43,43690
"Longueuil",0.2843221,32.72,13.42,43690
"Longueuil",0.2824682,32.73,13.4,43690
"Longueuil",0.2800395,32.72,13.38,43690
"Longueuil",0.282842,32.72,13.37,43690
"Longueuil",0.2799606,32.72,13.37,43690
"Longueuil",0.2794851,32.76,13.36,43690
"Longueuil",0.2791824,32.71,13.33,43690
"Longueuil",0.2804362,32.7,13.34,43690
"Longueuil",0.2802073,32.69,13.38,43690
"Longueuil",0.2794673,32.67,13.35,43690
"Longueuil",0.2789129,32.66,13.34,43690
"Longueuil",0.2783941,32.65,13.37,43690
"Longueuil",0.2809118,32.66,13.37,43690
"Longueuil",0.2795029,32.64,13.41,43690
"Longueuil",0.279953,32.62,13.42,43690
"Longueuil",0.2813797,32.6,13.37,43690
"Longueuil",0.2816391,32.58,13.37,43690
"Longueuil",0.2815399,32.57,13.34,43690
"Longueuil",0.2805659,32.55,13.31,43690
"Longueuil",0.2829132,32.54,13.31,43690
"Longueuil",0.282074,32.54,13.32,43690
"Longueuil",0.2810999,32.53,13.33,43690
"Longueuil",0.2842814,32.53,13.33,43690
"Longueuil",0.28361,32.54,13.37,43690
"Longueuil",0.283399,32.54,13.38,43690
"Longueuil",0.2843984,32.55,13.36,43690
"Longueuil",0.2866745,32.56,13.38,43690
"Longueuil",0.2839533,32.57,13.39,43690
"Longueuil",0.2872874,32.57,13.41,43690
"Longueuil",0.2833608,32.59,13.39,43690
"Longueuil",0.2812983,32.58,13.41,43690
"Longueuil",0.2844798,32.56,13.38,43690
"Longueuil",0.2826513,32.64,13.37,43690
"Longueuil",0.2842534,32.59,13.36,43690
"Longueuil",0.2822723,32.63,13.34,43690
"Longueuil",0.2832489,32.67,13.37,43690
"Longueuil",0.2809016,32.62,13.37,43690
"Longueuil",0.2818298,32.66,13.39,43690
"Longueuil",0.282224,32.65,13.42,43690
"Longueuil",0.2847137,32.66,13.42,43690
"Longueuil",0.2866313,32.72,13.39,43690
"Longueuil",0.2837346,32.67,13.39,43690
"Longueuil",0.2828445,32.68,13.4,43690
"Longueuil",0.2859217,32.69,13.37,43690
"Longueuil",0.2865575,32.71,13.38,43690
"Longueuil",0.2819951,32.72,13.41,43690
"Longueuil",0.2794469,32.72,13.43,43690
"Longueuil",0.2803091,32.77,13.37,43690
"Longueuil",0.2816569,32.75,13.39,43690
"Longueuil",0.2799326,32.73,13.39,43690
"Longueuil",0.2798691,32.74,13.38,43690
"Longueuil",0.2788213,32.74,13.36,43690
"Longueuil",0.2804718,32.72,13.36,43690
"Longueuil",0.2785467,32.73,13.36,43690
"Longueuil",0.2776769,32.69,13.36,43690
"Longueuil",0.277682,32.68,13.36,43690
"Longueuil",0.2787933,32.66,13.31,43690
"Longueuil",0.2770869,32.65,13.31,43690
"Longueuil",0.2786916,32.63,13.31,43690
"Longueuil",0.2819672,32.62,13.32,43690
"Longueuil",0.2783101,32.61,13.32,43690
"Longueuil",0.2800166,32.38,13.4,43690
"Longueuil",0.2820206,32.6,13.35,43690
"Longueuil",0.2836889,32.59,13.37,43690
"Longueuil",0.2809626,32.6,13.36,43690
"Longueuil",0.2819875,32.58,13.39,43690
"Longueuil",0.2813517,32.58,13.36,43690
"Longueuil",0.2805685,32.58,13.4,43690
"Longueuil",0.2828217,32.58,13.37,43690
"Longueuil",0.2844289,32.65,13.39,43690
"Longueuil",0.2844238,32.58,13.4,43690
"Longueuil",0.2827682,32.58,13.42,43690
"Longueuil",0.2822571,32.62,13.42,43690
"Longueuil",0.2835617,32.59,13.4,43690
"Longueuil",0.283404,32.64,13.45,43690
"Longueuil",0.2837499,32.59,13.39,43690
"Longueuil",0.283933,32.59,13.36,43690
"Longueuil",0.2823919,32.61,13.36,43690
"Longueuil",0.2859497,32.62,13.35,43690
"Longueuil",0.282814,32.71,13.37,43690
"Longueuil",0.2833277,32.63,13.36,43690
"Longueuil",0.2850062,32.65,13.37,43690
"Longueuil",0.2847239,32.66,13.4,43690
"Longueuil",0.2830505,32.67,13.4,43690
"Longueuil",0.2850622,32.68,13.43,43690
"Longueuil",0.2832108,32.71,13.41,43690
"Longueuil",0.2836685,32.7,13.4,43690
"Longueuil",0.2822952,32.72,13.36,43690
"Longueuil",0.2831039,32.72,13.38,43690
"Longueuil",0.2823944,32.74,13.39,43690
"Longueuil",0.2819672,32.76,13.45,43690
"Longueuil",0.2829437,32.77,13.35,43690
"Longueuil",0.2842026,32.77,13.34,43690
"Longueuil",0.2843145,32.78,13.36,43690
"Longueuil",0.282018,32.8,13.36,43690
"Longueuil",0.2805277,32.82,13.37,43690
"Longueuil",0.2832362,32.83,13.37,43690
"Longueuil",0.2829844,32.84,13.36,43690
"Longueuil",0.2821783,32.84,13.38,43690
"Longueuil",0.2786738,32.62,13.38,43690
"Longueuil",0.280899,32.82,13.37,43690
"Longueuil",0.2813644,32.83,13.39,43690
"Longueuil",0.2809041,32.82,13.39,43690
"Longueuil",0.2806905,32.82,13.4,43690
"Longueuil",0.2772827,32.8,13.43,43690
"Longueuil",0.2765401,32.77,13.44,43690
"Longueuil",0.2780863,32.78,13.43,43690
"Longueuil",0.2777608,32.76,13.4,43690
"Longueuil",0.2762044,32.74,13.38,43690
"Longueuil",0.2779007,32.74,13.39,43690
"Longueuil",0.2784398,32.71,13.43,43690
"Longueuil",0.2784882,32.69,13.43,43690
"Longueuil",0.2798665,32.68,13.43,43690
"Longueuil",0.2801768,32.66,13.38,43690
"Longueuil",0.2801412,32.66,13.42,43690
"Longueuil",0.2817917,32.66,13.41,43690
"Longueuil",0.2808482,32.34,13.4,43690
"Longueuil",0.283666,32.63,13.44,43690
"Longueuil",0.2831802,32.65,13.49,43690
"Longueuil",0.2830811,32.6,13.34,43690
"Longueuil",0.2840703,32.59,13.39,43690
"Longueuil",0.2831904,32.6,13.33,43690
"Longueuil",0.2856216,32.6,13.38,43690
"Longueuil",0.2819366,32.62,13.34,43690
"Longueuil",0.2838491,32.62,13.36,43690
"Longueuil",0.2828217,32.61,13.32,43690
"Longueuil",0.2839406,32.61,13.35,43690
"Longueuil",0.2829336,32.63,13.31,43690
"Longueuil",0.2825317,32.64,13.34,43690
"Longueuil",0.2817841,32.66,13.32,43690
"Longueuil",0.2846451,32.66,13.31,43690
"Longueuil",0.2859014,32.68,13.34,43690
"Longueuil",0.2833252,32.68,13.34,43690
"Longueuil",0.2825521,32.68,13.35,43690
"Longueuil",0.2855225,32.71,13.35,43690
"Longueuil",0.2832209,32.75,13.38,43690
"Longueuil",0.2819926,32.72,13.36,43690
"Longueuil",0.2780177,32.77,13.35,43690
"Longueuil",0.2804565,32.74,13.37,43690
"Longueuil",0.2801107,32.76,13.35,43690
"Longueuil",0.2814407,32.7,13.35,43690
"Longueuil",0.2786204,32.71,13.33,43690
"Longueuil",0.2771784,32.72,13.36,43690
"Longueuil",0.279508,32.7,13.35,43690
"Longueuil",0.2793655,32.69,13.34,43690
"Longueuil",0.2775904,32.67,13.31,43690
"Longueuil",0.2794749,32.65,13.31,43690
"Longueuil",0.27948,32.63,13.33,43690
"Longueuil",0.2781016,32.63,13.39,43690
"Longueuil",0.2791418,32.7,13.41,43690
"Longueuil",0.2815145,32.6,13.37,43690
"Longueuil",0.2801844,32.64,13.34,43690
"Longueuil",0.2812373,32.57,13.36,43690
"Longueuil",0.2789001,32.56,13.34,43690
"Longueuil",0.281105,32.63,13.34,43690
"Longueuil",0.2814484,32.56,13.37,43690
"Longueuil",0.2821477,32.56,13.4,43690
"Longueuil",0.2805049,32.55,13.38,43690
"Longueuil",0.2831726,32.57,13.39,43690
"Longueuil",0.281606,32.57,13.38,43690
"Longueuil",0.2822088,32.56,13.4,43690
"Longueuil",0.283254,32.57,13.37,43690
"Longueuil",0.2834015,32.57,13.37,43690
"Longueuil",0.2825266,32.58,13.37,43690
"Longueuil",0.2831141,32.59,13.38,43690
"Longueuil",0.280426,32.6,13.39,43690
"Longueuil",0.2853241,32.6,13.37,43690
"Longueuil",0.2829768,32.6,13.33,43690
"Longueuil",0.2843348,32.61,13.31,43690
"Longueuil",0.2819646,32.61,13.32,43690
"Longueuil",0.283404,32.62,13.33,43690
"Longueuil",0.2832209,32.67,13.37,43690
"Longueuil",0.2810415,32.65,13.4,43690
"Longueuil",0.2809601,32.7,13.38,43690
"Longueuil",0.280365,32.66,13.35,43690
"Longueuil",0.2777354,32.67,13.35,43690
"Longueuil",0.2797597,32.67,13.36,43690
"Longueuil",0.2781652,32.68,13.36,43690
"Longueuil",0.2810287,32.68,13.36,43690
"Longueuil",0.2783991,32.67,13.33,43690
"Longueuil",0.2808075,32.59,13.34,43690
"Longueuil",0.2778625,32.64,13.35,43690
"Longueuil",0.2767003,32.66,13.31,43690
"Longueuil",0.2787755,32.61,13.31,43690
"Longueuil",0.2802862,32.6,13.31,43690
"Longueuil",0.2823435,32.63,13.36,43690
"Longueuil",0.2788086,32.61,13.37,43690
"Longueuil",0.2779643,32.59,13.36,43690
"Longueuil",0.2807261,32.58,13.37,43690
"Longueuil",0.2776159,32.64,13.37,43690
"Longueuil",0.2807185,32.55,13.37,43690
"Longueuil",0.2814865,32.56,13.36,43690
"Longueuil",0.2819621,32.54,13.37,43690
"Longueuil",0.281601,32.54,13.34,43690
"Longueuil",0.2843984,32.53,13.32,43690
"Longueuil",0.2829437,32.52,13.32,43690
"Longueuil",0.2797775,32.52,13.35,43690
"Longueuil",0.2846731,32.53,13.36,43690
"Longueuil",0.2837346,32.54,13.35,43690
"Longueuil",0.2821503,32.55,13.39,43690
"Longueuil",0.2830404,32.56,13.38,43690
"Longueuil",0.2797928,32.57,13.37,43690
"Longueuil",0.2828623,32.56,13.39,43690
"Longueuil",0.2793249,32.6,13.34,43690
"Longueuil",0.2807948,32.58,13.34,43690
"Longueuil",0.2819265,32.59,13.33,43690
"Longueuil",0.2814382,32.6,13.3,43690
"Longueuil",0.2831904,32.6,13.35,43690
"Longueuil",0.2827097,32.63,13.33,43690
"Longueuil",0.28405,32.65,13.36,43690
"Longueuil",0.2819366,32.73,13.43,43690
"Longueuil",0.2816721,32.68,13.4,43690
"Longueuil",0.2800471,32.67,13.38,43690
"Longueuil",0.2813975,32.68,13.37,43690
"Longueuil",0.2789179,32.67,13.42,43690
"Longueuil",0.2795741,32.69,13.44,43690
"Longueuil",0.2761993,32.69,13.46,43690
"Longueuil",0.2787399,32.7,13.45,43690
"Longueuil",0.2803091,32.67,13.43,43690
"Longueuil",0.2771861,32.67,13.42,43690
"Longueuil",0.2761434,32.65,13.42,43690
"Longueuil",0.2762553,32.63,13.39,43690
"Longueuil",0.2781703,32.62,13.38,43690
"Longueuil",0.2794495,32.61,13.38,43690
"Longueuil",0.280571,32.6,13.36,43690
"Longueuil",0.2796809,32.59,13.38,43690
"Longueuil",0.2776896,32.56,13.39,43690
"Longueuil",0.2781092,32.54,13.41,43690
"Longueuil",0.2816035,32.52,13.36,43690
"Longueuil",0.2812704,32.53,13.4,43690
"Longueuil",0.2812373,32.53,13.37,43690
"Longueuil",0.280688,32.55,13.39,43690
"Longueuil",0.283198,32.53,13.38,43690
"Longueuil",0.2820104,32.52,13.42,43690
"Longueuil",0.281812,32.51,13.39,43690
"Longueuil",0.2817764,32.51,13.41,43690
"Longueuil",0.2800573,32.51,13.39,43690
"Longueuil",0.281985,32.52,13.37,43690
"Longueuil",0.2817815,32.52,13.33,43690
"Longueuil",0.2823461,32.58,13.34,43690
"Longueuil",0.2847468,32.54,13.34,43690
"Longueuil",0.2839864,32.53,13.33,43690
"Longueuil",0.2804922,32.55,13.35,43690
"Longueuil",0.2827784,32.56,13.35,43690
"Longueuil",0.281456,32.56,13.32,43690
"Longueuil",0.2818298,32.57,13.3,43690
"Longueuil",0.2827505,32.57,13.31,43690
"Longueuil",0.2825114,32.58,13.31,43690
"Longueuil",0.2837168,32.61,13.33,43690
"Longueuil",0.2827937,32.63,13.37,43690
"Longueuil",0.283816,32.5,13.35,43690
"Longueuil",0.2836914,32.66,13.4,43690
"Longueuil",0.2836711,32.41,13.4,43690
"Longueuil",0.281311,32.69,13.38,43690
"Longueuil",0.2823257,32.67,13.4,43690
"Longueuil",0.2816798,32.68,13.37,43690
"Longueuil",0.2813822,32.76,13.4,43690
"Longueuil",0.281222,32.7,13.36,43690
"Longueuil",0.2799657,32.69,13.36,43690
"Longueuil",0.2805456,32.7,13.38,43690
"Longueuil",0.2795792,32.69,13.37,43690
"Longueuil",0.2812475,32.69,13.38,43690
"Longueuil",0.2781474,32.68,13.37,43690
"Longueuil",0.2801031,32.67,13.39,43690
"Longueuil",0.278979,32.66,13.41,43690
"Longueuil",0.2799683,32.65,13.44,43690
"Longueuil",0.2792028,32.65,13.43,43690
"Longueuil",0.2791901,32.63,13.42,43690
"Longueuil",0.2795334,32.6,13.42,43690
"Longueuil",0.2774455,32.6,13.4,43690
"Longueuil",0.2797903,32.57,13.45,43690
"Longueuil",0.2821706,32.56,13.4,43690
"Longueuil",0.2812093,32.52,13.4,43690
"Longueuil",0.2833099,32.35,13.36,43690
"Longueuil",0.2788391,32.61,13.36,43690
"Longueuil",0.2799479,32.53,13.34,43690
"Longueuil",0.2816289,32.52,13.33,43690
"Longueuil",0.2825699,32.61,13.35,43690
"Longueuil",0.2796656,32.57,13.37,43690
"Longueuil",0.2826233,32.54,13.34,43690
"Longueuil",0.2813822,32.52,13.37,43690
"Longueuil",0.2799098,32.53,13.4,43690
"Longueuil",0.2822723,32.55,13.45,43690
"Longueuil",0.2823334,32.56,13.43,43690
"Longueuil",0.2839915,32.56,13.43,43690
"Longueuil",0.2827301,32.56,13.41,43690
"Longueuil",0.2829488,32.58,13.41,43690
"Longueuil",0.2800649,32.57,13.39,43690
"Longueuil",0.2819723,32.58,13.37,43690
"Longueuil",0.2850138,32.58,13.35,43690
"Longueuil",0.2837448,32.6,13.34,43690
"Longueuil",0.2832438,32.6,13.34,43690
"Longueuil",0.2817459,32.61,13.34,43690
"Longueuil",0.2804209,32.64,13.34,43690
"Longueuil",0.2817993,32.65,13.33,43690
"Longueuil",0.282692,32.66,13.3,43690
"Longueuil",0.2817205,32.32,13.34,43690
"Longueuil",0.2800217,32.66,13.3,43690
"Longueuil",0.2790451,32.69,13.32,43690
"Longueuil",0.2798513,32.7,13.33,43690
"Longueuil",0.2788264,32.69,13.38,43690
"Longueuil",0.2782084,32.7,13.36,43690
"Longueuil",0.2791926,32.69,13.36,43690
"Longueuil",0.2772497,32.68,13.39,43690
"Longueuil",0.2798869,32.68,13.42,43690
"Longueuil",0.2770132,32.67,13.42,43690
"Longueuil",0.2781855,32.65,13.42,43690
"Longueuil",0.2784907,32.64,13.39,43690
"Longueuil",0.2783432,32.61,13.37,43690
"Longueuil",0.2760264,32.59,13.35,43690
"Longueuil",0.2783407,32.59,13.33,43690
"Longueuil",0.277916,32.56,13.33,43690
"Longueuil",0.2813238,32.56,13.33,43690
"Longueuil",0.2797572,32.57,13.33,43690
"Longueuil",0.279864,32.52,13.34,43690
"Longueuil",0.2800318,32.62,13.35,43690
"Longueuil",0.2835134,32.51,13.32,43690
"Longueuil",0.2817052,32.67,13.34,43690
"Longueuil",0.2799123,32.5,13.33,43690
"Longueuil",0.2828903,32.49,13.31,43690
"Longueuil",0.2835007,32.5,13.31,43690
"Longueuil",0.2841746,32.38,13.33,43690
"Longueuil",0.2814128,32.52,13.36,43690
"Longueuil",0.2810059,32.52,13.35,43690
"Longueuil",0.282636,32.52,13.35,43690
"Longueuil",0.282107,32.53,13.36,43690
"Longueuil",0.2825724,32.53,13.33,43690
"Longueuil",0.2835795,32.61,13.41,43690
"Longueuil",0.2819494,32.54,13.36,43690
"Longueuil",0.2809931,32.54,13.31,43690
"Longueuil",0.2816315,32.56,13.34,43690
"Longueuil",0.2822164,32.58,13.35,43690
"Longueuil",0.2815781,32.59,13.36,43690
"Longueuil",0.282018,32.59,13.35,43690
"Longueuil",0.2834473,32.61,13.37,43690
"Longueuil",0.281606,32.62,13.4,43690
"Longueuil",0.2819697,32.64,13.39,43690
"Longueuil",0.2843628,32.65,13.42,43690
"Longueuil",0.2839457,32.65,13.47,43690
"Longueuil",0.2830251,32.66,13.45,43690
"Longueuil",0.2801692,32.67,13.42,43690
"Longueuil",0.2810059,32.67,13.4,43690
"Longueuil",0.2824198,32.66,13.39,43690
"Longueuil",0.282547,32.68,13.36,43690
"Longueuil",0.2789256,32.75,13.4,43690
"Longueuil",0.2793223,32.7,13.42,43690
"Longueuil",0.2817942,32.69,13.38,43690
"Longueuil",0.2818349,32.71,13.36,43690
"Longueuil",0.2806473,32.68,13.37,43690
"Longueuil",0.2793198,32.7,13.34,43690
"Longueuil",0.277832,32.66,13.36,43690
"Longueuil",0.2766647,32.67,13.36,43690
"Longueuil",0.277209,32.64,13.37,43690
"Longueuil",0.2776031,32.62,13.36,43690
"Longueuil",0.2792689,32.61,13.35,43690
"Longueuil",0.277359,32.6,13.41,43690
"Longueuil",0.2776133,32.59,13.38,43690
"Longueuil",0.2784627,32.57,13.39,43690
"Longueuil",0.278422,32.57,13.41,43690
"Longueuil",0.2790502,32.55,13.39,43690
"Longueuil",0.277092,32.54,13.4,43690
"Longueuil",0.2799123,32.52,13.37,43690
"Longueuil",0.2802633,32.52,13.37,43690
"Longueuil",0.2786026,32.51,13.33,43690
"Longueuil",0.2800929,32.51,13.33,43690
"Longueuil",0.2800369,32.51,13.32,43690
"Longueuil",0.2818654,32.5,13.35,43690
"Longueuil",0.280571,32.5,13.31,43690
"Longueuil",0.281222,32.51,13.31,43690
"Longueuil",0.2815018,32.52,13.35,43690
"Longueuil",0.2844416,32.54,13.36,43690
"Longueuil",0.2794444,32.54,13.36,43690
"Longueuil",0.2796682,32.55,13.36,43690
"Longueuil",0.2823842,32.56,13.33,43690
"Longueuil",0.2832413,32.57,13.34,43690
"Longueuil",0.2828954,32.55,13.32,43690
"Longueuil",0.2825394,32.57,13.32,43690
"Longueuil",0.2825724,32.59,13.33,43690
"Longueuil",0.2818705,32.6,13.33,43690
"Longueuil",0.2835515,32.61,13.33,43690
"Longueuil",0.2854894,32.61,13.31,43690
"Longueuil",0.2833964,32.64,13.34,43690
"Longueuil",0.2835058,32.65,13.32,43690
"Longueuil",0.2821604,32.65,13.3,43690
"Longueuil",0.2809702,32.67,13.32,43690
"Longueuil",0.2835032,32.7,13.31,43690
"Longueuil",0.2849655,32.72,13.29,43690
"Longueuil",0.2813899,32.71,13.29,43690
"Longueuil",0.2817408,32.72,13.31,43690
"Longueuil",0.2791773,32.73,13.35,43690
"Longueuil",0.2796402,32.75,13.34,43690
"Longueuil",0.2764053,32.79,13.36,43690
"Longueuil",0.280688,32.77,13.33,43690
"Longueuil",0.2774073,32.77,13.35,43690
"Longueuil",0.2781016,32.77,13.39,43690
"Longueuil",0.2776947,32.78,13.39,43690
"Longueuil",0.2801208,32.76,13.39,43690
"Longueuil",0.2776388,32.75,13.4,43690
"Longueuil",0.2777735,32.75,13.39,43690
"Longueuil",0.2781881,32.72,13.39,43690
"Longueuil",0.2788773,32.71,13.39,43690
"Longueuil",0.2772497,32.7,13.4,43690
"Longueuil",0.279185,32.69,13.41,43690
"Longueuil",0.2802531,32.65,13.4,43690
"Longueuil",0.2760773,32.64,13.38,43690
"Longueuil",0.2781805,32.62,13.34,43690
"Longueuil",0.2791494,32.61,13.36,43690
"Longueuil",0.2797165,32.6,13.33,43690
"Longueuil",0.2811661,32.6,13.37,43690
"Longueuil",0.2796606,32.6,13.38,43690
"Longueuil",0.2822876,32.61,13.39,43690
"Longueuil",0.2796987,32.61,13.41,43690
"Longueuil",0.2808609,32.59,13.36,43690
"Longueuil",0.2827454,32.6,13.39,43690
"Longueuil",0.2806854,32.6,13.4,43690
"Longueuil",0.2819087,32.6,13.36,43690
"Longueuil",0.2826767,32.61,13.39,43690
"Longueuil",0.2810364,32.61,13.41,43690
"Longueuil",0.2844518,32.6,13.36,43690
"Longueuil",0.2821604,32.6,13.35,43690
"Longueuil",0.2821833,32.6,13.37,43690
"Longueuil",0.2813644,32.62,13.34,43690
"Longueuil",0.2797546,32.62,13.32,43690
"Longueuil",0.2815323,32.6,13.31,43690
"Longueuil",0.2804082,32.62,13.3,43690
"Longueuil",0.2804591,32.63,13.31,43690
"Longueuil",0.282692,32.49,13.32,43690
"Longueuil",0.2794342,32.63,13.31,43690
"Longueuil",0.2810796,32.64,13.31,43690
"Longueuil",0.2798767,32.64,13.3,43690
"Longueuil",0.280688,32.64,13.31,43690
"Longueuil",0.2821579,32.64,13.31,43690
"Longueuil",0.2791875,32.65,13.33,43690
"Longueuil",0.2816391,32.64,13.35,43690
"Longueuil",0.2792587,32.65,13.36,43690
"Longueuil",0.2800674,32.64,13.38,43690
"Longueuil",0.2791418,32.64,13.38,43690
"Longueuil",0.2811305,32.63,13.37,43690
"Longueuil",0.2813695,32.63,13.36,43690
"Longueuil",0.280276,32.62,13.39,43690
"Longueuil",0.2801743,32.62,13.39,43690
"Longueuil",0.2834574,32.62,13.41,43690
"Longueuil",0.2831217,32.64,13.43,43690
"Longueuil",0.2837931,32.62,13.44,43690
"Longueuil",0.2828852,32.62,13.42,43690
"Longueuil",0.2824402,32.62,13.45,43690
"Longueuil",0.2824911,32.62,13.44,43690
"Longueuil",0.2844798,32.63,13.44,43690
"Longueuil",0.2852809,32.72,13.39,43690
"Longueuil",0.2852173,32.66,13.39,43690
"Longueuil",0.2867762,32.62,13.34,43690
"Longueuil",0.2859446,32.64,13.34,43690
"Longueuil",0.2869619,32.66,13.36,43690
"Longueuil",0.2854716,32.68,13.35,43690
"Longueuil",0.285675,32.68,13.36,43690
"Longueuil",0.2856954,32.71,13.37,43690
"Longueuil",0.2828344,32.72,13.34,43690
"Longueuil",0.2863134,32.73,13.37,43690
"Longueuil",0.2848791,32.75,13.38,43690
"Longueuil",0.2844391,32.76,13.36,43690
"Longueuil",0.2870382,32.76,13.33,43690
"Longueuil",0.2864558,32.77,13.34,43690
"Longueuil",0.2819468,32.81,13.35,43690
"Longueuil",0.2824351,32.78,13.31,43690
"Longueuil",0.2831955,32.77,13.31,43690
"Longueuil",0.2831192,32.77,13.34,43690
"Longueuil",0.2822952,32.79,13.41,43690
"Longueuil",0.283399,32.79,13.33,43690
"Longueuil",0.2821579,32.77,13.34,43690
"Longueuil",0.3052953,32.77,13.35,43690
"Longueuil",0.2963206,32.74,13.39,43690
"Longueuil",0.294398,32.74,13.39,43690
"Longueuil",0.2886047,32.72,13.36,43690
"Longueuil",0.2847061,32.72,13.34,43690
"Longueuil",0.2865957,32.69,13.34,43690
"Longueuil",0.2867508,32.68,13.39,43690
"Longueuil",0.2878927,32.67,13.37,43690
"Longueuil",0.2896423,32.66,13.36,43690
"Longueuil",0.2935359,32.65,13.34,43690
"Longueuil",0.299441,32.65,13.41,43690
"Longueuil",0.3015315,32.64,13.33,43690
"Longueuil",0.3063253,32.65,13.36,43690
"Longueuil",0.3118362,32.66,13.36,43690
"Longueuil",0.3128408,32.66,13.36,43690
"Longueuil",0.3154755,32.66,13.34,43690
"Longueuil",0.3172277,32.67,13.37,43690
"Longueuil",0.3178024,32.68,13.39,43690
"Longueuil",0.3198624,32.69,13.37,43690
"Longueuil",0.3159994,32.69,13.4,43690
"Longueuil",0.3126882,32.71,13.41,43690
"Longueuil",0.3114726,32.71,13.4,43690
"Longueuil",0.3099823,32.71,13.36,43690
"Longueuil",0.3102773,32.73,13.34,43690
"Longueuil",0.3098602,32.71,13.37,43690
"Longueuil",0.3110174,32.74,13.42,43690
"Longueuil",0.3071543,32.75,13.37,43690
"Longueuil",0.3048731,32.75,13.39,43690
"Longueuil",0.3013509,32.75,13.4,43690
"Longueuil",0.300443,32.76,13.36,43690
"Longueuil",0.2973302,32.78,13.34,43690
"Longueuil",0.3000412,32.76,13.31,43690
"Longueuil",0.2980016,32.77,13.33,43690
"Longueuil",0.2950974,32.77,13.34,43690
"Longueuil",0.3052241,32.78,13.33,43690
"Longueuil",0.2960154,32.79,13.34,43690
"Longueuil",0.2958552,32.79,13.34,43690
"Longueuil",0.2916514,32.79,13.34,43690
"Longueuil",0.2930578,32.81,13.36,43690
"Longueuil",0.2927856,32.81,13.36,43690
"Longueuil",0.2917506,32.82,13.36,43690
"Longueuil",0.2925822,32.82,13.33,43690
"Longueuil",0.2937139,32.82,13.34,43690
"Longueuil",0.2949549,32.83,13.31,43690
"Longueuil",0.2944489,32.83,13.33,43690
"Longueuil",0.2941742,32.84,13.32,43690
"Longueuil",0.2924754,32.87,13.33,43690
"Longueuil",0.2948278,32.88,13.34,43690
"Longueuil",0.295962,32.88,13.35,43690
"Longueuil",0.2918294,32.89,13.36,43690
"Longueuil",0.2932663,32.91,13.35,43690
"Longueuil",0.2951838,32.91,13.35,43690
"Longueuil",0.293129,32.92,13.38,43690
"Longueuil",0.2977829,32.93,13.41,43690
"Longueuil",0.2971217,32.94,13.45,43690
"Longueuil",0.295639,32.95,13.41,43690
"Longueuil",0.2937342,32.93,13.39,43690
"Longueuil",0.2950134,32.95,13.4,43690
"Longueuil",0.2929102,32.95,13.39,43690
"Longueuil",0.2953542,32.95,13.41,43690
"Longueuil",0.2963715,32.96,13.4,43690
"Longueuil",0.3710378,32.97,13.4,43690
"Longueuil",0.3611094,32.96,13.42,43690
"Longueuil",0.3237966,32.96,13.39,43690
"Longueuil",0.3041255,32.97,13.4,43690
"Longueuil",0.3009898,32.96,13.38,43690
"Longueuil",0.298996,32.98,13.39,43690
"Longueuil",0.2974879,32.99,13.39,43690
"Longueuil",0.2987773,32.98,13.41,43690
"Longueuil",0.2980016,32.99,13.37,43690
"Longueuil",0.2992198,32.99,13.41,43690
"Longueuil",0.2986603,33,13.39,43690
"Longueuil",0.298912,33.01,13.41,43690
"Longueuil",0.2978795,33.01,13.4,43690
"Longueuil",0.2985916,33.04,13.42,43690
"Longueuil",0.2994283,33.03,13.38,43690
"Longueuil",0.2987238,33.04,13.39,43690
"Longueuil",0.2992223,33.06,13.41,43690
"Longueuil",0.2975311,33.06,13.39,43690
"Longueuil",0.2986501,33.07,13.4,43690
"Longueuil",0.2971369,33.08,13.37,43690
"Longueuil",0.2969945,33.08,13.35,43690
"Longueuil",0.2962011,33.1,13.37,43690
"Longueuil",0.2990621,33.1,13.39,43690
"Longueuil",0.2944997,33.12,13.39,43690
"Longueuil",0.2969182,33.11,13.39,43690
"Longueuil",0.2961527,33.1,13.41,43690
"Longueuil",0.2942174,33.11,13.41,43690
"Longueuil",0.2936884,33.11,13.43,43690
"Longueuil",0.2933909,33.08,13.43,43690
"Longueuil",0.2955933,33.06,13.45,43690
"Longueuil",0.2933019,32.81,13.46,43690
"Longueuil",0.2953618,33.04,13.4,43690
"Longueuil",0.2975413,33.02,13.39,43690
"Longueuil",0.3042094,33.01,13.39,43690
"Longueuil",0.3010508,32.98,13.42,43690
"Longueuil",0.2939682,32.96,13.4,43690
"Longueuil",0.2935689,32.95,13.38,43690
"Longueuil",0.2955576,32.92,13.42,43690
"Longueuil",0.2956416,32.9,13.36,43690
"Longueuil",0.2951126,32.9,13.38,43690
"Longueuil",0.2977295,32.89,13.36,43690
"Longueuil",0.2980372,32.86,13.35,43690
"Longueuil",0.2961985,32.86,13.36,43690
"Longueuil",0.2997716,32.85,13.38,43690
"Longueuil",0.2957611,32.86,13.4,43690
"Longueuil",0.2977549,32.87,13.43,43690
"Longueuil",0.2978999,32.85,13.45,43690
"Longueuil",0.3004583,32.85,13.42,43690
"Longueuil",0.2993698,32.87,13.44,43690
"Longueuil",0.3007329,32.87,13.44,43690
"Longueuil",0.3007584,32.87,13.44,43690
"Longueuil",0.3011271,32.86,13.43,43690
"Longueuil",0.3008194,32.88,13.45,43690
"Longueuil",0.3008448,32.88,13.45,43690
"Longueuil",0.3029073,32.89,13.42,43690
"Longueuil",0.3018011,32.9,13.42,43690
"Longueuil",0.3030396,32.91,13.4,43690
"Longueuil",0.3022207,32.91,13.41,43690
"Longueuil",0.3003464,32.92,13.39,43690
"Longueuil",0.3009923,32.92,13.43,43690
"Longueuil",0.3016027,32.92,13.42,43690
"Longueuil",0.2991664,32.92,13.37,43690
"Longueuil",0.2989044,32.92,13.37,43690
"Longueuil",0.2988968,32.92,13.36,43690
"Longueuil",0.3001455,32.77,13.37,43690
"Longueuil",0.2997437,32.9,13.35,43690
"Longueuil",0.3008245,32.87,13.33,43690
"Longueuil",0.3007177,32.85,13.33,43690
"Longueuil",0.304423,32.83,13.32,43690
"Longueuil",0.3036321,32.83,13.32,43690
"Longueuil",0.301829,32.85,13.34,43690
"Longueuil",0.3030192,32.83,13.38,43690
"Longueuil",0.3069051,32.82,13.37,43690
"Longueuil",0.3062083,32.8,13.39,43690
"Longueuil",0.3048782,32.81,13.4,43690
"Longueuil",0.3040797,32.79,13.39,43690
"Longueuil",0.305308,32.78,13.4,43690
"Longueuil",0.3052444,32.76,13.35,43690
"Longueuil",0.3038788,32.73,13.31,43690
"Longueuil",0.3059464,32.73,13.31,43690
"Longueuil",0.3041153,32.74,13.3,43690
"Longueuil",0.3070221,32.74,13.32,43690
"Longueuil",0.3061727,32.73,13.37,43690
"Longueuil",0.3052851,32.74,13.37,43690
"Longueuil",0.3043645,32.74,13.38,43690
"Longueuil",0.3078461,32.75,13.36,43690
"Longueuil",0.307785,32.75,13.36,43690
"Longueuil",0.3059947,32.76,13.35,43690
"Longueuil",0.3086344,32.76,13.3,43690
"Longueuil",0.3097814,32.75,13.34,43690
"Longueuil",0.3087845,32.78,13.35,43690
"Longueuil",0.3092143,32.79,13.36,43690
"Longueuil",0.3076248,32.8,13.31,43690
"Longueuil",0.3100103,32.81,13.34,43690
"Longueuil",0.3119278,32.81,13.37,43690
"Longueuil",0.3092804,32.86,13.35,43690
"Longueuil",0.3123576,32.81,13.31,43690
"Longueuil",0.3126806,32.82,13.3,43690
"Longueuil",0.312355,32.83,13.33,43690
"Longueuil",0.3106562,32.84,13.33,43690
"Longueuil",0.3119049,32.86,13.36,43690
"Longueuil",0.311938,32.85,13.35,43690
"Longueuil",0.3134791,32.85,13.34,43690
"Longueuil",0.3147634,32.88,13.36,43690
"Longueuil",0.3112818,32.9,13.36,43690
"Longueuil",0.312645,32.89,13.33,43690
"Longueuil",0.3130442,32.9,13.35,43690
"Longueuil",0.3128586,32.91,13.32,43690
"Longueuil",0.3127187,32.92,13.32,43690
"Longueuil",0.3124771,32.93,13.34,43690
"Longueuil",0.3101985,32.96,13.38,43690
"Longueuil",0.3107935,32.96,13.36,43690
"Longueuil",0.3123907,32.97,13.38,43690
"Longueuil",0.3147024,32.98,13.36,43690
"Longueuil",0.3126933,32.98,13.34,43690
"Longueuil",0.3160909,32.98,13.31,43690
"Longueuil",0.3129603,32.99,13.31,43690
"Longueuil",0.3135401,33.03,13.36,43690
"Longueuil",0.313736,33.03,13.36,43690
"Longueuil",0.3141708,33.04,13.34,43690
"Longueuil",0.3134435,33.04,13.35,43690
"Longueuil",0.3136215,33.04,13.34,43690
"Longueuil",0.3132172,33.06,13.35,43690
"Longueuil",0.3154297,33.06,13.36,43690
"Longueuil",0.3155289,33.08,13.43,43690
"Longueuil",0.3126678,33.07,13.45,43690
"Longueuil",0.3115005,33.06,13.39,43690
"Longueuil",0.312795,33.05,13.4,43690
"Longueuil",0.3116455,33.04,13.39,43690
"Longueuil",0.3137538,33.03,13.43,43690
"Longueuil",0.3141327,33.02,13.43,43690
"Longueuil",0.3136139,33,13.44,43690
"Longueuil",0.3130824,32.99,13.42,43690
"Longueuil",0.3155645,32.96,13.41,43690
"Longueuil",0.3157069,32.94,13.44,43690
"Longueuil",0.3172277,32.91,13.39,43690
"Longueuil",0.3129603,32.88,13.33,43690
"Longueuil",0.3151627,32.86,13.33,43690
"Longueuil",0.3151474,32.83,13.37,43690
"Longueuil",0.3166758,32.82,13.36,43690
"Longueuil",0.3169479,32.8,13.34,43690
"Longueuil",0.3167852,32.8,13.34,43690
"Longueuil",0.3155772,32.78,13.35,43690
"Longueuil",0.3162206,32.75,13.37,43690
"Longueuil",0.3165817,32.74,13.32,43690
"Longueuil",0.3168182,32.72,13.33,43690
"Longueuil",0.3174159,32.71,13.32,43690
"Longueuil",0.3176498,32.72,13.32,43690
"Longueuil",0.3166097,32.72,13.36,43690
"Longueuil",0.3193512,32.71,13.38,43690
"Longueuil",0.3167013,32.72,13.4,43690
"Longueuil",0.3186366,32.72,13.4,43690
"Longueuil",0.3184687,32.71,13.38,43690
"Longueuil",0.3174235,32.7,13.37,43690
"Longueuil",0.3217672,32.72,13.37,43690
"Longueuil",0.3221105,32.72,13.33,43690
"Longueuil",0.322169,32.72,13.34,43690
"Longueuil",0.3240636,32.73,13.36,43690
"Longueuil",0.3234177,32.74,13.38,43690
"Longueuil",0.323466,32.75,13.36,43690
"Longueuil",0.3241425,32.74,13.32,43690
"Longueuil",0.3252309,32.76,13.33,43690
"Longueuil",0.3241704,32.77,13.34,43690
"Longueuil",0.3247426,32.79,13.31,43690
"Longueuil",0.3246231,32.79,13.35,43690
"Longueuil",0.3230387,32.82,13.34,43690
"Longueuil",0.3262049,32.81,13.33,43690
"Longueuil",0.32385,32.82,13.33,43690
"Longueuil",0.3256811,32.82,13.32,43690
"Longueuil",0.3216553,32.84,13.34,43690
"Longueuil",0.3222555,32.83,13.32,43690
"Longueuil",0.3228353,32.83,13.33,43690
"Longueuil",0.3246435,32.83,13.3,43690
"Longueuil",0.3254725,32.82,13.34,43690
"Longueuil",0.3238907,32.83,13.34,43690
"Longueuil",0.3236237,32.82,13.36,43690
"Longueuil",0.3243917,32.8,13.3,43690
"Longueuil",0.3221054,32.77,13.29,43690
"Longueuil",0.3241323,32.76,13.28,43690
"Longueuil",0.3223648,32.74,13.32,43690
"Longueuil",0.3240967,32.73,13.3,43690
"Longueuil",0.3259939,32.73,13.34,43690
"Longueuil",0.3273799,32.69,13.33,43690
"Longueuil",0.3271154,32.71,13.35,43690
"Longueuil",0.3272425,32.69,13.33,43690
"Longueuil",0.3271993,32.67,13.34,43690
"Longueuil",0.3279546,32.66,13.3,43690
"Longueuil",0.3287837,32.65,13.3,43690
"Longueuil",0.3291982,32.66,13.35,43690
"Longueuil",0.3299942,32.66,13.34,43690
"Longueuil",0.3292262,32.65,13.34,43690
"Longueuil",0.3298747,32.66,13.35,43690
"Longueuil",0.3313242,32.67,13.39,43690
"Longueuil",0.3303121,32.68,13.38,43690
"Longueuil",0.329951,32.68,13.33,43690
"Longueuil",0.3291524,32.68,13.3,43690
"Longueuil",0.3310725,32.67,13.3,43690
"Longueuil",0.3336029,32.7,13.34,43690
"Longueuil",0.3326111,32.72,13.37,43690
"Longueuil",0.3303274,32.73,13.37,43690
"Longueuil",0.3300883,32.75,13.4,43690
"Longueuil",0.3299637,32.74,13.33,43690
"Longueuil",0.3282242,32.74,13.33,43690
"Longueuil",0.3291092,32.75,13.36,43690
"Longueuil",0.3292211,32.76,13.35,43690
"Longueuil",0.3282852,32.77,13.38,43690
"Longueuil",0.3286947,32.76,13.39,43690
"Longueuil",0.3273392,32.76,13.38,43690
"Longueuil",0.32842,32.75,13.34,43690
"Longueuil",0.3267365,32.73,13.32,43690
"Longueuil",0.3299128,32.71,13.32,43690
"Longueuil",0.3278783,32.73,13.34,43690
"Longueuil",0.3295313,32.73,13.37,43690
"Longueuil",0.3247121,32.7,13.34,43690
"Longueuil",0.3251978,32.69,13.34,43690
"Longueuil",0.32724,32.68,13.33,43690
"Longueuil",0.3261668,32.64,13.31,43690
"Longueuil",0.3246892,32.64,13.34,43690
"Longueuil",0.3259608,32.62,13.32,43690
"Longueuil",0.3260956,32.58,13.35,43690
"Longueuil",0.3274892,32.58,13.33,43690
"Longueuil",0.327446,32.57,13.3,43690
"Longueuil",0.3284353,32.58,13.34,43690
"Longueuil",0.3286896,32.56,13.31,43690
"Longueuil",0.3290634,32.55,13.32,43690
"Longueuil",0.3289362,32.56,13.32,43690
"Longueuil",0.3289236,32.57,13.31,43690
"Longueuil",0.3298492,32.58,13.31,43690
"Longueuil",0.3305155,32.6,13.33,43690
"Longueuil",0.3296636,32.59,13.33,43690
"Longueuil",0.3307699,32.6,13.36,43690
"Longueuil",0.330485,32.61,13.38,43690
"Longueuil",0.3296255,32.62,13.36,43690
"Longueuil",0.3301798,32.62,13.33,43690
"Longueuil",0.3304571,32.63,13.32,43690
"Longueuil",0.3317007,32.64,13.32,43690
"Longueuil",0.3295695,32.65,13.32,43690
"Longueuil",0.3309708,32.67,13.33,43690
"Longueuil",0.3307571,32.67,13.32,43690
"Longueuil",0.3291346,32.67,13.3,43690
"Longueuil",0.3300756,32.68,13.3,43690
"Longueuil",0.3289134,32.67,13.32,43690
"Longueuil",0.3273672,32.68,13.32,43690
"Longueuil",0.3295085,32.68,13.33,43690
"Longueuil",0.3286616,32.67,13.34,43690
"Longueuil",0.3294271,32.67,13.38,43690
"Longueuil",0.3270772,32.67,13.38,43690
"Longueuil",0.3304672,32.65,13.38,43690
"Longueuil",0.327774,32.65,13.38,43690
"Longueuil",0.3314972,32.64,13.39,43690
"Longueuil",0.3269119,32.6,13.34,43690
"Longueuil",0.32886,32.58,13.33,43690
"Longueuil",0.3290888,32.56,13.35,43690
"Longueuil",0.3278681,32.55,13.31,43690
"Longueuil",0.3319193,32.54,13.32,43690
"Longueuil",0.3311742,32.54,13.3,43690
"Longueuil",0.3308309,32.53,13.33,43690
"Longueuil",0.332105,32.52,13.31,43690
"Longueuil",0.3359553,32.5,13.35,43690
"Longueuil",0.3328654,32.51,13.34,43690
"Longueuil",0.3340505,32.6,13.34,43690
"Longueuil",0.3324534,32.51,13.37,43690
"Longueuil",0.3341242,32.51,13.36,43690
"Longueuil",0.3344193,32.52,13.35,43690
"Longueuil",0.3365377,32.54,13.39,43690
"Longueuil",0.3375575,32.53,13.39,43690
"Longueuil",0.3394445,32.56,13.38,43690
"Longueuil",0.3409475,32.56,13.44,43690
"Longueuil",0.3394597,32.57,13.4,43690
"Longueuil",0.3394597,32.58,13.39,43690
"Longueuil",0.3407873,32.59,13.39,43690
"Longueuil",0.3392766,32.59,13.37,43690
"Longueuil",0.341924,32.61,13.38,43690
"Longueuil",0.3420512,32.62,13.41,43690
"Longueuil",0.3421834,32.62,13.39,43690
"Longueuil",0.3423538,32.64,13.36,43690
"Longueuil",0.3423487,32.64,13.4,43690
"Longueuil",0.3422063,32.7,13.38,43690
"Longueuil",0.343132,32.64,13.39,43690
"Longueuil",0.3439255,32.66,13.39,43690
"Longueuil",0.3473028,32.65,13.37,43690
"Longueuil",0.3451563,32.63,13.33,43690
"Longueuil",0.3465373,32.62,13.3,43690
"Longueuil",0.3493296,32.61,13.33,43690
"Longueuil",0.3494644,32.58,13.31,43690
"Longueuil",0.3502146,32.58,13.34,43690
"Longueuil",0.3528112,32.58,13.31,43690
"Longueuil",0.3531036,32.55,13.31,43690
"Longueuil",0.3551839,32.54,13.31,43690
"Longueuil",0.3575388,32.58,13.36,43690
"Longueuil",0.3595047,32.52,13.36,43690
"Longueuil",0.3609518,32.51,13.4,43690
"Longueuil",0.3616842,32.5,13.34,43690
"Longueuil",0.3657379,32.52,13.37,43690
"Longueuil",0.3643545,32.49,13.39,43690
"Longueuil",0.36807,32.49,13.37,43690
"Longueuil",0.3689219,32.49,13.37,43690
"Longueuil",0.3728307,32.48,13.34,43690
"Longueuil",0.3725179,32.47,13.31,43690
"Longueuil",0.3736115,32.47,13.31,43690
"Longueuil",0.3750381,32.48,13.32,43690
"Longueuil",0.3799744,32.48,13.31,43690
"Longueuil",0.3825912,32.5,13.33,43690
"Longueuil",0.3862915,32.51,13.35,43690
"Longueuil",0.3857397,32.52,13.32,43690
"Longueuil",0.3868841,32.53,13.32,43690
"Longueuil",0.3920059,32.55,13.3,43690
"Longueuil",0.392835,32.56,13.33,43690
"Longueuil",0.3916753,32.58,13.36,43690
"Longueuil",0.3949738,32.61,13.37,43690
"Longueuil",0.3976949,32.62,13.39,43690
"Longueuil",0.3987198,32.62,13.39,43690
"Longueuil",0.4004466,32.63,13.41,43690
"Longueuil",0.3997218,32.64,13.42,43690
"Longueuil",0.4010086,32.63,13.37,43690
"Longueuil",0.3991343,32.69,13.33,43690
"Longueuil",0.4020513,32.63,13.33,43690
"Longueuil",0.4037043,32.63,13.31,43690
"Longueuil",0.4022293,32.62,13.31,43690
"Longueuil",0.4031016,32.62,13.3,43690
"Longueuil",0.4019267,32.63,13.35,43690
"Longueuil",0.4043045,32.61,13.34,43690
"Longueuil",0.404719,32.6,13.33,43690
"Longueuil",0.4053192,32.58,13.35,43690
"Longueuil",0.4084651,32.56,13.33,43690
"Longueuil",0.4105225,32.56,13.34,43690
"Longueuil",0.4092941,32.63,13.31,43690
"Longueuil",0.4107005,32.53,13.35,43690
"Longueuil",0.4136175,32.51,13.33,43690
"Longueuil",0.4150797,32.51,13.34,43690
"Longueuil",0.4151154,32.51,13.36,43690
"Longueuil",0.4167989,32.49,13.36,43690
"Longueuil",0.4161021,32.48,13.38,43690
"Longueuil",0.4162013,32.5,13.42,43690
"Longueuil",0.4182205,32.49,13.38,43690
"Longueuil",0.4171524,32.49,13.42,43690
"Longueuil",0.4221039,32.49,13.41,43690
"Longueuil",0.4212697,32.51,13.41,43690
"Longueuil",0.4223811,32.56,13.4,43690
"Longueuil",0.4212672,32.51,13.38,43690
"Longueuil",0.4208781,32.51,13.39,43690
"Longueuil",0.4209747,32.53,13.38,43690
"Longueuil",0.424291,32.55,13.35,43690
"Longueuil",0.4248556,32.52,13.35,43690
"Longueuil",0.4204737,32.52,13.3,43690
"Longueuil",0.4241257,32.54,13.34,43690
"Longueuil",0.4237188,32.55,13.31,43690
"Longueuil",0.4231644,32.57,13.31,43690
"Longueuil",0.4266764,32.59,13.32,43690
"Longueuil",0.4211197,32.59,13.32,43690
"Longueuil",0.4220632,32.6,13.33,43690
"Longueuil",0.4225947,32.61,13.32,43690
"Longueuil",0.4222819,32.61,13.31,43690
"Longueuil",0.4203618,32.62,13.31,43690
"Longueuil",2.836087,32.62,13.31,43690
"Longueuil",2.165298,32.62,13.33,43690
"Longueuil",0.5358378,32.68,13.34,43690
"Longueuil",0.4304708,32.62,13.43,43690
"Longueuil",0.4215444,32.61,13.42,43690
"Longueuil",0.4340948,32.58,13.42,43690
"Longueuil",0.4310404,32.57,13.39,43690
"Longueuil",0.4297536,32.55,13.39,43690
"Longueuil",0.4287415,32.61,13.39,43690
"Longueuil",0.4294485,32.51,13.38,43690
"Longueuil",0.4319992,32.51,13.39,43690
"Longueuil",0.4291051,32.5,13.4,43690
"Longueuil",0.4293798,32.54,13.37,43690
"Longueuil",0.4306819,32.48,13.39,43690
"Longueuil",0.4319941,32.48,13.42,43690
"Longueuil",0.4323374,32.47,13.43,43690
"Longueuil",0.4350764,32.48,13.39,43690
"Longueuil",0.4344152,32.46,13.36,43690
"Longueuil",0.4356181,32.46,13.38,43690
"Longueuil",0.4329503,32.47,13.37,43690
"Longueuil",0.4346441,32.48,13.4,43690
"Longueuil",0.4363632,32.48,13.37,43690
"Longueuil",0.4358241,32.49,13.38,43690
"Longueuil",0.4373449,32.5,13.36,43690
"Longueuil",0.437823,32.5,13.38,43690
"Longueuil",0.4367396,32.51,13.37,43690
"Longueuil",0.4398702,32.53,13.39,43690
"Longueuil",0.4390717,32.53,13.36,43690
"Longueuil",0.4396795,32.53,13.35,43690
"Longueuil",0.4384689,32.56,13.37,43690
"Longueuil",0.4395498,32.57,13.38,43690
"Longueuil",0.4413579,32.59,13.41,43690
"Longueuil",0.441836,32.6,13.42,43690
"Longueuil",0.4423091,32.6,13.41,43690
"Longueuil",0.4424616,32.6,13.37,43690
"Longueuil",0.4442978,32.61,13.36,43690
"Longueuil",0.4443054,32.42,13.34,43690
"Longueuil",0.4439138,32.71,13.32,43690
"Longueuil",0.443222,32.65,13.32,43690
"Longueuil",0.4421259,32.68,13.34,43690
"Longueuil",0.4431737,32.67,13.36,43690
"Longueuil",0.443339,32.7,13.39,43690
"Longueuil",0.4417419,32.68,13.35,43690
"Longueuil",0.4426626,32.7,13.36,43690
"Longueuil",0.4417953,32.7,13.36,43690
"Longueuil",0.4407171,32.69,13.4,43690
"Longueuil",0.4443003,32.69,13.37,43690
"Longueuil",0.4415588,32.67,13.33,43690
"Longueuil",0.441775,32.66,13.35,43690
"Longueuil",0.4403254,32.65,13.37,43690
"Longueuil",0.4427134,32.65,13.39,43690
"Longueuil",0.4423218,32.62,13.37,43690
"Longueuil",0.4420497,32.61,13.38,43690
"Longueuil",0.4430898,32.59,13.37,43690
"Longueuil",0.4435654,32.59,13.33,43690
"Longueuil",0.4449259,32.57,13.33,43690
"Longueuil",0.4437663,32.55,13.35,43690
"Longueuil",0.4444885,32.55,13.38,43690
"Longueuil",0.4459381,32.53,13.42,43690
"Longueuil",0.4464162,32.53,13.41,43690
"Longueuil",0.4477844,32.61,13.44,43690
"Longueuil",0.4468562,32.52,13.43,43690
"Longueuil",0.448672,32.53,13.44,43690
"Longueuil",0.4480133,32.51,13.42,43690
"Longueuil",0.4476293,32.51,13.41,43690
"Longueuil",0.4521917,32.5,13.39,43690
"Longueuil",0.4514313,32.51,13.39,43690
"Longueuil",0.4509811,32.51,13.36,43690
"Longueuil",0.4516271,32.53,13.37,43690
"Longueuil",0.451533,32.52,13.36,43690
"Longueuil",0.4496816,32.53,13.37,43690
"Longueuil",0.4500961,32.55,13.36,43690
"Longueuil",0.4498672,32.55,13.37,43690
"Longueuil",0.4526698,32.55,13.35,43690
"Longueuil",0.450498,32.58,13.38,43690
"Longueuil",0.4501521,32.59,13.37,43690
"Longueuil",0.452179,32.6,13.37,43690
"Longueuil",0.4513702,32.61,13.33,43690
"Longueuil",0.450976,32.6,13.37,43690
"Longueuil",0.453242,32.61,13.35,43690
"Longueuil",0.4535217,32.63,13.35,43690
"Longueuil",0.4539286,32.66,13.37,43690
"Longueuil",0.4533361,32.67,13.39,43690
"Longueuil",0.4519831,32.7,13.42,43690
"Longueuil",0.4521561,32.7,13.42,43690
"Longueuil",0.4510447,32.71,13.4,43690
"Longueuil",0.4520493,32.72,13.47,43690
"Longueuil",0.4508438,32.72,13.44,43690
"Longueuil",0.4490026,32.71,13.45,43690
"Longueuil",0.4472326,32.7,13.43,43690
"Longueuil",0.4478149,32.7,13.5,43690
"Longueuil",0.4487483,32.69,13.42,43690
"Longueuil",0.4468028,32.69,13.39,43690
"Longueuil",0.4475504,32.68,13.38,43690
"Longueuil",0.4471029,32.66,13.42,43690
"Longueuil",0.4494756,32.43,13.41,43690
"Longueuil",0.4494019,32.62,13.4,43690
"Longueuil",0.4486414,32.62,13.41,43690
"Longueuil",0.4515076,32.6,13.41,43690
"Longueuil",0.4495926,32.59,13.42,43690
"Longueuil",0.4494324,32.57,13.43,43690
"Longueuil",0.4518356,32.66,13.42,43690
"Longueuil",0.4510422,32.54,13.41,43690
"Longueuil",0.4530258,32.54,13.41,43690
"Longueuil",0.4550451,32.53,13.41,43690
"Longueuil",0.4523773,32.61,13.43,43690
"Longueuil",0.4562658,32.53,13.41,43690
"Longueuil",0.4539998,32.52,13.37,43690
"Longueuil",0.4555689,32.52,13.38,43690
"Longueuil",0.455335,32.52,13.37,43690
"Longueuil",0.4533488,32.53,13.38,43690
"Longueuil",0.4566294,32.54,13.37,43690
"Longueuil",0.4549357,32.54,13.36,43690
"Longueuil",0.4560114,32.53,13.34,43690
"Longueuil",0.4554545,32.56,13.34,43690
"Longueuil",0.4554494,32.54,13.31,43690
"Longueuil",0.4581808,32.54,13.33,43690
"Longueuil",0.4538651,32.57,13.34,43690
"Longueuil",0.4563166,32.59,13.43,43690
"Longueuil",0.4545339,32.61,13.37,43690
"Longueuil",0.4534887,32.63,13.37,43690
"Longueuil",0.4551086,32.64,13.36,43690
"Longueuil",0.4537023,32.66,13.42,43690
"Longueuil",0.453771,32.66,13.38,43690
"Longueuil",0.4533564,32.67,13.36,43690
"Longueuil",0.4524918,32.66,13.37,43690
"Longueuil",0.4539973,32.68,13.36,43690
"Longueuil",0.45268,32.67,13.4,43690
"Longueuil",0.4517771,32.66,13.36,43690
"Longueuil",0.4504064,32.67,13.39,43690
"Longueuil",0.4520391,32.66,13.44,43690
"Longueuil",0.450086,32.66,13.4,43690
"Longueuil",0.450943,32.64,13.39,43690
"Longueuil",0.4493179,32.63,13.38,43690
"Longueuil",0.4495977,32.6,13.37,43690
"Longueuil",0.4505056,32.58,13.35,43690
"Longueuil",0.4512075,32.56,13.34,43690
"Longueuil",0.4523799,32.54,13.36,43690
"Longueuil",0.4538854,32.54,13.33,43690
"Longueuil",0.4508387,32.52,13.33,43690
"Longueuil",0.4538193,32.51,13.38,43690
"Longueuil",0.4515025,32.51,13.35,43690
"Longueuil",0.4525706,32.5,13.38,43690
"Longueuil",0.4519373,32.51,13.43,43690
"Longueuil",0.4534582,32.51,13.44,43690
"Longueuil",0.4536845,32.51,13.48,43690
"Longueuil",0.4518687,32.49,13.39,43690
"Longueuil",0.4520645,32.5,13.39,43690
"Longueuil",0.4514974,32.49,13.38,43690
"Longueuil",0.4525528,32.48,13.35,43690
"Longueuil",0.4504064,32.47,13.33,43690
"Longueuil",0.4489771,32.49,13.31,43690
"Longueuil",0.4487585,32.49,13.32,43690
"Longueuil",0.4500961,32.5,13.33,43690
"Longueuil",0.4504572,32.52,13.31,43690
"Longueuil",0.44811,32.55,13.34,43690
"Longueuil",0.4506226,32.55,13.35,43690
"Longueuil",0.4499639,32.57,13.36,43690
"Longueuil",0.4502513,32.66,13.34,43690
"Longueuil",0.4507065,32.59,13.32,43690
"Longueuil",0.4496206,32.59,13.32,43690
"Longueuil",0.4502004,32.61,13.3,43690
"Longueuil",0.4479624,32.62,13.33,43690
"Longueuil",0.450208,32.63,13.34,43690
"Longueuil",0.4482752,32.64,13.36,43690
"Longueuil",0.4465739,32.65,13.37,43690
"Longueuil",0.4458872,32.64,13.34,43690
"Longueuil",0.446846,32.65,13.37,43690
"Longueuil",0.4451014,32.66,13.36,43690
"Longueuil",0.4458364,32.65,13.34,43690
"Longueuil",0.4437765,32.67,13.36,43690
"Longueuil",0.443985,32.63,13.36,43690
"Longueuil",0.4447962,32.61,13.34,43690
"Longueuil",0.4451192,32.59,13.35,43690
"Longueuil",0.4440511,32.59,13.38,43690
"Longueuil",0.4444834,32.57,13.41,43690
"Longueuil",0.4426447,32.57,13.46,43690
"Longueuil",0.4442291,32.56,13.4,43690
"Longueuil",0.4456838,32.53,13.39,43690
"Longueuil",0.443985,32.52,13.4,43690
"Longueuil",0.4442037,32.51,13.4,43690
"Longueuil",0.4465027,32.54,13.37,43690
"Longueuil",0.4472733,32.49,13.39,43690
"Longueuil",0.4485804,32.47,13.4,43690
"Longueuil",0.4473292,32.5,13.36,43690
"Longueuil",0.4465485,32.47,13.37,43690
"Longueuil",0.4470596,32.47,13.38,43690
"Longueuil",0.4487991,32.48,13.4,43690
"Longueuil",0.4473165,32.48,13.43,43690
"Longueuil",0.4447886,32.47,13.42,43690
"Longueuil",0.4468893,32.48,13.39,43690
"Longueuil",0.4470724,32.48,13.38,43690
"Longueuil",0.4461237,32.51,13.34,43690
"Longueuil",0.4440867,32.48,13.36,43690
"Longueuil",0.4456863,32.49,13.33,43690
"Longueuil",0.4430338,32.51,13.35,43690
"Longueuil",0.4440689,32.52,13.38,43690
"Longueuil",0.4432729,32.52,13.34,43690
"Longueuil",0.4440028,32.54,13.32,43690
"Longueuil",0.4446157,32.53,13.3,43690
"Longueuil",0.4439748,32.53,13.31,43690
"Longueuil",0.4425659,32.56,13.29,43690
"Longueuil",0.4447505,32.58,13.28,43690
"Longueuil",0.4431101,32.6,13.31,43690
"Longueuil",0.4402695,32.62,13.31,43690
"Longueuil",0.4393438,32.64,13.33,43690
"Longueuil",0.4403407,32.65,13.33,43690
"Longueuil",0.4373957,32.65,13.34,43690
"Longueuil",0.4368846,32.65,13.32,43690
"Longueuil",0.4345779,32.67,13.33,43690
"Longueuil",0.4326019,32.65,13.33,43690
"Longueuil",0.4343134,32.66,13.3,43690
"Longueuil",0.4336395,32.66,13.35,43690
"Longueuil",0.4305674,32.66,13.34,43690
"Longueuil",0.4305089,32.65,13.33,43690
"Longueuil",0.4308344,32.63,13.36,43690
"Longueuil",0.4306234,32.64,13.34,43690
"Longueuil",0.4297485,32.59,13.32,43690
"Longueuil",0.4289068,32.57,13.32,43690
"Longueuil",0.4264145,32.57,13.37,43690
"Longueuil",0.428187,32.56,13.36,43690
"Longueuil",0.4277776,32.54,13.36,43690
"Longueuil",0.4277369,32.55,13.36,43690
"Longueuil",0.4294103,32.51,13.37,43690
"Longueuil",0.4277445,32.51,13.34,43690
"Longueuil",0.4274699,32.48,13.31,43690
"Longueuil",0.4275055,32.48,13.31,43690
"Longueuil",0.4273733,32.46,13.31,43690
"Longueuil",0.4265315,32.47,13.34,43690
"Longueuil",0.4272868,32.47,13.33,43690
"Longueuil",0.4258194,32.54,13.32,43690
"Longueuil",0.424853,32.47,13.31,43690
"Longueuil",0.4281057,32.56,13.33,43690
"Longueuil",0.4256159,32.49,13.36,43690
"Longueuil",0.4248937,32.49,13.34,43690
"Longueuil",0.4279455,32.51,13.36,43690
"Longueuil",0.4248403,32.51,13.35,43690
"Longueuil",0.4251989,32.51,13.32,43690
"Longueuil",0.4248962,32.51,13.34,43690
"Longueuil",0.4257736,32.54,13.33,43690
"Longueuil",0.4234746,32.54,13.33,43690
"Longueuil",0.4224396,32.55,13.33,43690
"Longueuil",0.4236399,32.57,13.3,43690
"Longueuil",0.4224981,32.59,13.33,43690
"Longueuil",0.4188232,32.58,13.31,43690
"Longueuil",0.4203949,32.61,13.29,43690
"Longueuil",0.4192454,32.6,13.34,43690
"Longueuil",0.4209112,32.62,13.33,43690
"Longueuil",0.4197973,32.63,13.34,43690
"Longueuil",0.418368,32.63,13.3,43690
"Longueuil",0.4166819,32.63,13.31,43690
"Longueuil",0.4186884,32.64,13.36,43690
"Longueuil",0.4172058,32.67,13.37,43690
"Longueuil",0.4155731,32.66,13.38,43690
"Longueuil",0.4160258,32.66,13.4,43690
"Longueuil",0.4136149,32.66,13.4,43690
"Longueuil",0.4155146,32.65,13.38,43690
"Longueuil",0.4144974,32.63,13.4,43690
"Longueuil",0.4162776,32.63,13.39,43690
"Longueuil",0.4153646,32.6,13.38,43690
"Longueuil",0.4167811,32.57,13.34,43690
"Longueuil",0.415362,32.56,13.37,43690
"Longueuil",0.4152222,32.55,13.43,43690
"Longueuil",0.4154053,32.54,13.44,43690
"Longueuil",0.4160614,32.56,13.39,43690
"Longueuil",0.4143168,32.52,13.38,43690
"Longueuil",0.412824,32.51,13.39,43690
"Longueuil",0.4156748,32.58,13.38,43690
"Longueuil",0.4164632,32.5,13.43,43690
"Longueuil",0.4144465,32.5,13.43,43690
"Longueuil",0.4143219,32.5,13.44,43690
"Longueuil",0.4147034,32.5,13.44,43690
"Longueuil",0.4117686,32.62,13.44,43690
"Longueuil",0.4146754,32.5,13.44,43690
"Longueuil",0.4157816,32.5,13.43,43690
"Longueuil",0.4141413,32.51,13.38,43690
"Longueuil",0.4132589,32.51,13.38,43690
"Longueuil",0.4133428,32.51,13.39,43690
"Longueuil",0.4118932,32.52,13.39,43690
"Longueuil",0.4125061,32.52,13.37,43690
"Longueuil",0.4140701,32.55,13.36,43690
"Longueuil",0.4123815,32.56,13.42,43690
"Longueuil",0.4133555,32.57,13.42,43690
"Longueuil",0.4114049,32.57,13.45,43690
"Longueuil",0.4123103,32.58,13.4,43690
"Longueuil",0.4107056,32.59,13.39,43690
"Longueuil",0.4110845,32.61,13.43,43690
"Longueuil",0.4116923,32.63,13.42,43690
"Longueuil",0.4115524,32.64,13.42,43690
"Longueuil",0.4095306,32.65,13.39,43690
"Longueuil",0.4077555,32.66,13.39,43690
"Longueuil",0.4111379,32.66,13.42,43690
"Longueuil",0.4088389,32.67,13.38,43690
"Longueuil",0.4060822,32.69,13.38,43690
"Longueuil",0.4044596,32.69,13.4,43690
"Longueuil",0.4058863,32.68,13.36,43690
"Longueuil",0.4032593,32.7,13.39,43690
"Longueuil",0.4027303,32.7,13.37,43690
"Longueuil",0.4035136,32.69,13.34,43690
"Longueuil",0.4048284,32.67,13.31,43690
"Longueuil",0.4037679,32.65,13.29,43690
"Longueuil",0.4025752,32.64,13.28,43690
"Longueuil",0.4002024,32.63,13.31,43690
"Longueuil",0.3999837,32.63,13.31,43690
"Longueuil",0.3985062,32.62,13.32,43690
"Longueuil",0.3992793,32.6,13.33,43690
"Longueuil",0.3995361,32.59,13.34,43690
"Longueuil",0.3985799,32.58,13.34,43690
"Longueuil",0.3976237,32.58,13.36,43690
"Longueuil",0.3982137,32.57,13.35,43690
"Longueuil",0.3973261,32.58,13.42,43690
"Longueuil",0.3977076,32.54,13.33,43690
"Longueuil",0.3995565,32.54,13.35,43690
"Longueuil",0.3949356,32.54,13.37,43690
"Longueuil",0.3953272,32.53,13.39,43690
"Longueuil",0.3972244,32.52,13.39,43690
"Longueuil",0.3948313,32.51,13.36,43690
"Longueuil",0.3952154,32.52,13.34,43690
"Longueuil",0.3934759,32.51,13.36,43690
"Longueuil",0.3923696,32.54,13.36,43690
"Longueuil",0.3917007,32.54,13.36,43690
"Longueuil",0.3894119,32.54,13.31,43690
"Longueuil",0.3927129,32.54,13.32,43690
"Longueuil",0.3943405,32.55,13.32,43690
"Longueuil",0.3943304,32.56,13.31,43690
"Longueuil",0.3943304,32.57,13.31,43690
"Longueuil",0.3891093,32.58,13.32,43690
"Longueuil",0.3881658,32.6,13.32,43690
"Longueuil",0.3903605,32.61,13.32,43690
"Longueuil",0.3902334,32.63,13.3,43690
"Longueuil",0.3895747,32.66,13.33,43690
"Longueuil",0.3874486,32.67,13.36,43690
"Longueuil",0.385498,32.68,13.35,43690
"Longueuil",0.3853378,32.71,13.37,43690
"Longueuil",0.3860194,32.69,13.38,43690
"Longueuil",0.3856634,32.69,13.39,43690
"Longueuil",0.3854624,32.7,13.38,43690
"Longueuil",0.3823929,32.7,13.38,43690
"Longueuil",0.3821996,32.69,13.38,43690
"Longueuil",0.3817953,32.69,13.43,43690
"Longueuil",0.3809738,32.67,13.37,43690
"Longueuil",0.3788859,32.66,13.36,43690
"Longueuil",0.3798625,32.65,13.35,43690
"Longueuil",0.3788427,32.65,13.39,43690
"Longueuil",0.3765564,32.61,13.36,43690
"Longueuil",0.3773676,32.6,13.37,43690
"Longueuil",0.3765157,32.59,13.38,43690
"Longueuil",0.3784815,32.57,13.37,43690
"Longueuil",0.3763021,32.56,13.35,43690
"Longueuil",0.3773219,32.37,13.36,43690
"Longueuil",0.3786825,32.52,13.34,43690
"Longueuil",0.3789927,32.52,13.34,43690
"Longueuil",0.376887,32.52,13.35,43690
"Longueuil",0.3781382,32.52,13.34,43690
"Longueuil",0.3752975,32.52,13.35,43690
"Longueuil",0.3760376,32.5,13.34,43690
"Longueuil",0.3743693,32.5,13.31,43690
"Longueuil",0.3754552,32.51,13.33,43690
"Longueuil",0.3762461,32.52,13.33,43690
"Longueuil",0.3742854,32.52,13.34,43690
"Longueuil",0.3749008,32.54,13.34,43690
"Longueuil",0.3737666,32.54,13.33,43690
"Longueuil",0.3778661,32.54,13.31,43690
"Longueuil",0.3745193,32.55,13.32,43690
"Longueuil",0.3747431,32.67,13.36,43690
"Longueuil",0.3744863,32.57,13.4,43690
"Longueuil",0.3745931,32.59,13.43,43690
"Longueuil",0.3738276,32.61,13.43,43690
"Longueuil",0.3754629,32.61,13.4,43690
"Longueuil",0.372167,32.61,13.38,43690
"Longueuil",0.371877,32.64,13.41,43690
"Longueuil",0.3715235,32.64,13.44,43690
"Longueuil",0.3724467,32.65,13.38,43690
"Longueuil",0.3712158,32.66,13.39,43690
"Longueuil",0.3713481,32.67,13.39,43690
"Longueuil",0.368988,32.68,13.37,43690
"Longueuil",0.3679047,32.69,13.38,43690
"Longueuil",0.3683039,32.69,13.36,43690
"Longueuil",0.3675435,32.43,13.36,43690
"Longueuil",0.3648885,32.69,13.4,43690
"Longueuil",0.3652649,32.69,13.36,43690
"Longueuil",0.3670349,32.68,13.36,43690
"Longueuil",0.365181,32.66,13.35,43690
"Longueuil",0.3640518,32.66,13.35,43690
"Longueuil",0.3627879,32.68,13.39,43690
"Longueuil",0.3621343,32.66,13.41,43690
"Longueuil",0.3640289,32.63,13.4,43690
"Longueuil",0.3630473,32.62,13.37,43690
"Longueuil",0.3624649,32.6,13.4,43690
"Longueuil",0.362086,32.58,13.4,43690
"Longueuil",0.3626226,32.57,13.39,43690
"Longueuil",0.3629074,32.55,13.4,43690
"Longueuil",0.3654099,32.55,13.36,43690
"Longueuil",0.3640315,32.52,13.34,43690
"Longueuil",0.3620758,32.52,13.37,43690
"Longueuil",0.3607508,32.51,13.37,43690
"Longueuil",0.3617452,32.52,13.42,43690
"Longueuil",0.360349,32.51,13.42,43690
"Longueuil",0.3600286,32.51,13.44,43690
"Longueuil",0.3608907,32.52,13.44,43690
"Longueuil",0.3581645,32.52,13.44,43690
"Longueuil",0.3584849,32.53,13.45,43690
"Longueuil",0.3608144,32.53,13.42,43690
"Longueuil",0.3592122,32.53,13.41,43690
"Longueuil",0.3575745,32.59,13.39,43690
"Longueuil",0.3560079,32.68,13.36,43690
"Longueuil",0.3581212,32.54,13.34,43690
"Longueuil",0.353569,32.56,13.39,43690
"Longueuil",0.3526637,32.56,13.34,43690
"Longueuil",0.3531901,32.56,13.31,43690
"Longueuil",0.3498001,32.56,13.34,43690
"Longueuil",0.3506037,32.58,13.34,43690
"Longueuil",0.348971,32.59,13.34,43690
"Longueuil",0.3484217,32.59,13.31,43690
"Longueuil",0.3464737,32.6,13.31,43690
"Longueuil",0.3446198,32.65,13.31,43690
"Longueuil",0.3429438,32.6,13.33,43690
"Longueuil",0.3455607,32.63,13.37,43690
"Longueuil",0.3428446,32.64,13.36,43690
"Longueuil",0.339653,32.65,13.39,43690
"Longueuil",0.3403803,32.63,13.38,43690
"Longueuil",0.3377228,32.63,13.38,43690
"Longueuil",0.3386002,32.62,13.39,43690
"Longueuil",0.3340225,32.61,13.39,43690
"Longueuil",0.3353526,32.59,13.39,43690
"Longueuil",0.3350194,32.57,13.39,43690
"Longueuil",0.3339361,32.55,13.35,43690
"Longueuil",0.3334681,32.54,13.37,43690
"Longueuil",0.3346812,32.63,13.38,43690
"Longueuil",0.3343811,32.52,13.44,43690
"Longueuil",0.3313446,32.51,13.43,43690
"Longueuil",0.3319041,32.5,13.42,43690
"Longueuil",0.3302841,32.49,13.44,43690
"Longueuil",0.3320465,32.5,13.41,43690
"Longueuil",0.3281123,32.49,13.44,43690
"Longueuil",0.3317083,32.49,13.42,43690
"Longueuil",0.3310827,32.5,13.47,43690
"Longueuil",0.3273087,32.48,13.44,43690
"Longueuil",0.3287608,32.49,13.44,43690
"Longueuil",0.3280589,32.49,13.43,43690
"Longueuil",0.3259786,32.5,13.43,43690
"Longueuil",0.3244731,32.5,13.41,43690
"Longueuil",0.3234889,32.5,13.4,43690
"Longueuil",0.3217901,32.5,13.37,43690
"Longueuil",0.3211237,32.52,13.38,43690
"Longueuil",0.3216629,32.53,13.42,43690
"Longueuil",0.3221334,32.54,13.4,43690
"Longueuil",0.3203863,32.56,13.41,43690
"Longueuil",0.3181788,32.57,13.39,43690
"Longueuil",0.3173116,32.57,13.38,43690
"Longueuil",0.3177109,32.59,13.37,43690
"Longueuil",0.3165029,32.61,13.38,43690
"Longueuil",0.314532,32.6,13.35,43690
"Longueuil",0.3165105,32.6,13.36,43690
"Longueuil",0.3121821,32.6,13.35,43690
"Longueuil",0.3114675,32.61,13.35,43690
"Longueuil",0.3103612,32.63,13.34,43690
"Longueuil",0.3108521,32.64,13.41,43690
"Longueuil",0.3077469,32.64,13.37,43690
"Longueuil",0.3082708,32.67,13.38,43690
"Longueuil",0.3067729,32.63,13.34,43690
"Longueuil",0.3067296,32.62,13.35,43690
"Longueuil",0.304479,32.62,13.33,43690
"Longueuil",0.3048274,32.6,13.35,43690
"Longueuil",0.3015035,32.6,13.37,43690
"Longueuil",0.3006922,32.57,13.35,43690
"Longueuil",0.3003769,32.56,13.32,43690
"Longueuil",0.3008932,32.53,13.33,43690
"Longueuil",0.3011169,32.52,13.3,43690
"Longueuil",0.3003489,32.51,13.33,43690
"Longueuil",0.3000793,32.5,13.3,43690
"Longueuil",0.2998988,32.56,13.3,43690
"Longueuil",0.3014475,32.48,13.31,43690
"Longueuil",0.2975439,32.47,13.33,43690
"Longueuil",0.2999573,32.37,13.35,43690
"Longueuil",0.2994258,32.48,13.36,43690
"Longueuil",0.2968292,32.47,13.36,43690
"Longueuil",0.298289,32.48,13.42,43690
"Longueuil",0.2969793,32.48,13.39,43690
"Longueuil",0.2961044,32.48,13.39,43690
"Longueuil",0.3009669,32.49,13.4,43690
"Longueuil",0.2986272,32.48,13.39,43690
"Longueuil",0.2958349,32.48,13.34,43690
"Longueuil",0.296552,32.48,13.32,43690
"Longueuil",0.2992605,32.48,13.33,43690
"Longueuil",0.2981135,32.49,13.31,43690
"Longueuil",0.2942123,32.51,13.34,43690
"Longueuil",0.298467,32.54,13.34,43690
"Longueuil",0.2935461,32.55,13.35,43690
"Longueuil",0.2948151,32.56,13.36,43690
"Longueuil",0.2910029,32.59,13.39,43690
"Longueuil",0.294075,32.61,13.4,43690
"Longueuil",0.2942657,32.62,13.43,43690
"Longueuil",0.2945302,32.64,13.42,43690
"Longueuil",0.2937241,32.64,13.42,43690
"Longueuil",0.2906342,32.65,13.42,43690
"Longueuil",0.2924449,32.66,13.41,43690
"Longueuil",0.2874857,32.67,13.43,43690
"Longueuil",0.2871882,32.69,13.44,43690
"Longueuil",0.2874705,32.69,13.44,43690
"Longueuil",0.2874705,32.68,13.47,43690
"Longueuil",0.2863744,32.7,13.43,43690
"Longueuil",0.2863744,32.74,13.43,43690
"Longueuil",0.2860056,32.68,13.41,43690
"Longueuil",0.2865677,32.67,13.4,43690
"Longueuil",0.2865804,32.66,13.39,43690
"Longueuil",0.2855276,32.67,13.42,43690
"Longueuil",0.2842433,32.63,13.39,43690
"Longueuil",0.2847672,32.62,13.38,43690
"Longueuil",0.2885488,32.6,13.34,43690
"Longueuil",0.2848434,32.61,13.34,43690
"Longueuil",0.2854106,32.64,13.36,43690
"Longueuil",0.2871221,32.56,13.39,43690
"Longueuil",0.2848867,32.57,13.39,43690
"Longueuil",0.2869288,32.54,13.39,43690
"Longueuil",0.2867177,32.53,13.38,43690
"Longueuil",0.2868576,32.51,13.4,43690
"Longueuil",0.2878291,32.5,13.36,43690
"Longueuil",0.2866745,32.49,13.34,43690
"Longueuil",0.2847086,32.49,13.35,43690
"Longueuil",0.2866923,32.5,13.35,43690
"Longueuil",0.2860489,32.5,13.37,43690
"Longueuil",0.2868627,32.5,13.37,43690
"Longueuil",0.2860641,32.49,13.35,43690
"Longueuil",0.286143,32.54,13.37,43690
"Longueuil",0.2845179,32.51,13.39,43690
"Longueuil",0.2865041,32.64,13.39,43690
"Longueuil",0.2855835,32.52,13.4,43690
"Longueuil",0.2870636,32.54,13.41,43690
"Longueuil",0.2852173,32.55,13.39,43690
"Longueuil",0.283872,32.56,13.39,43690
"Longueuil",0.2858327,32.56,13.39,43690
"Longueuil",0.2872442,32.57,13.39,43690
"Longueuil",0.287763,32.58,13.42,43690
"Longueuil",0.2851969,32.6,13.39,43690
"Longueuil",0.2825648,32.61,13.38,43690
"Longueuil",0.2867203,32.61,13.38,43690
"Longueuil",0.2845993,32.63,13.41,43690
"Longueuil",0.2858963,32.63,13.38,43690
"Longueuil",0.285052,32.64,13.38,43690
"Longueuil",0.2844416,32.65,13.37,43690
"Longueuil",0.2850901,32.48,13.39,43690
"Longueuil",0.2834142,32.65,13.43,43690
"Longueuil",0.2827784,32.65,13.4,43690
"Longueuil",0.280365,32.65,13.4,43690
"Longueuil",0.2823029,32.64,13.39,43690
"Longueuil",0.2824122,32.63,13.37,43690
"Longueuil",0.2806524,32.61,13.35,43690
"Longueuil",0.2818934,32.65,13.34,43690
"Longueuil",0.2816696,32.58,13.35,43690
"Longueuil",0.2820791,32.57,13.38,43690
"Longueuil",0.2817993,32.65,13.37,43690
"Longueuil",0.2834473,32.55,13.39,43690
"Longueuil",0.2851156,32.54,13.38,43690
"Longueuil",0.2828344,32.53,13.5,43690
"Longueuil",0.2836787,32.54,13.43,43690
"Longueuil",0.2845891,32.59,13.46,43690
"Longueuil",0.2849274,32.53,13.44,43690
"Longueuil",0.2851181,32.52,13.42,43690
"Longueuil",0.2843653,32.5,13.4,43690
"Longueuil",0.2851639,32.5,13.38,43690
"Longueuil",0.2850876,32.49,13.41,43690
"Longueuil",0.2843424,32.51,13.4,43690
"Longueuil",0.284406,32.52,13.4,43690
"Longueuil",0.2854207,32.51,13.43,43690
"Longueuil",0.2838338,32.51,13.39,43690
"Longueuil",0.2845103,32.52,13.37,43690
"Longueuil",0.2835719,32.54,13.42,43690
"Longueuil",0.286204,32.55,13.41,43690
"Longueuil",0.2853343,32.56,13.38,43690
"Longueuil",0.2834803,32.63,13.42,43690
"Longueuil",0.2843882,32.58,13.5,43690
"Longueuil",0.2854538,32.59,13.45,43690
"Longueuil",0.2834269,32.59,13.41,43690
"Longueuil",0.2853165,32.6,13.45,43690
"Longueuil",0.2860794,32.65,13.42,43690
"Longueuil",0.2873815,32.63,13.45,43690
"Longueuil",0.2839254,32.66,13.41,43690
"Longueuil",0.2843399,32.71,13.42,43690
"Longueuil",0.2879028,32.68,13.44,43690
"Longueuil",0.2835108,32.68,13.41,43690
"Longueuil",0.2817764,32.68,13.43,43690
"Longueuil",0.2832159,32.69,13.43,43690
"Longueuil",0.2824122,32.69,13.41,43690
"Longueuil",0.2813187,32.68,13.41,43690
"Longueuil",0.2836889,32.66,13.36,43690
"Longueuil",0.280192,32.66,13.37,43690
"Longueuil",0.281133,32.64,13.35,43690
"Longueuil",0.2804464,32.63,13.33,43690
"Longueuil",0.2820078,32.63,13.34,43690
"Longueuil",0.2800344,32.62,13.36,43690
"Longueuil",0.2809652,32.61,13.36,43690
"Longueuil",0.2808533,32.59,13.37,43690
"Longueuil",0.2815221,32.58,13.35,43690
"Longueuil",0.2823842,32.55,13.31,43690
"Longueuil",0.2831319,32.54,13.34,43690
"Longueuil",0.2838491,32.54,13.34,43690
"Longueuil",0.2834625,32.52,13.34,43690
"Longueuil",0.2826945,32.52,13.33,43690
"Longueuil",0.283226,32.52,13.36,43690
"Longueuil",0.2845383,32.63,13.39,43690
"Longueuil",0.2853877,32.52,13.38,43690
"Longueuil",0.2855784,32.54,13.41,43690
"Longueuil",0.2840576,32.53,13.4,43690
"Longueuil",0.2858938,32.53,13.37,43690
"Longueuil",0.2859268,32.53,13.36,43690
"Longueuil",0.2875595,32.54,13.39,43690
"Longueuil",0.2862091,32.54,13.37,43690
"Longueuil",0.2838516,32.55,13.37,43690
"Longueuil",0.2843577,32.58,13.42,43690
"Longueuil",0.2847214,32.58,13.4,43690
"Longueuil",0.2840067,32.58,13.4,43690
"Longueuil",0.2864227,32.59,13.37,43690
"Longueuil",0.2853877,32.62,13.35,43690
"Longueuil",0.2865346,32.63,13.39,43690
"Longueuil",0.2860056,32.63,13.39,43690
"Longueuil",0.2875239,32.64,13.4,43690
"Longueuil",0.2853419,32.65,13.42,43690
"Longueuil",0.2850851,32.66,13.36,43690
"Longueuil",0.2848104,32.67,13.34,43690
"Longueuil",0.2820765,32.73,13.35,43690
"Longueuil",0.2824605,32.69,13.36,43690
"Longueuil",0.2832591,32.68,13.36,43690
"Longueuil",0.2823842,32.69,13.35,43690
"Longueuil",0.2825292,32.69,13.38,43690
"Longueuil",0.2815984,32.69,13.41,43690
"Longueuil",0.281957,32.69,13.44,43690
"Longueuil",0.2812704,32.68,13.41,43690
"Longueuil",0.2812475,32.7,13.43,43690
"Longueuil",0.282519,32.66,13.41,43690
"Longueuil",0.281428,32.63,13.42,43690
"Longueuil",0.2853037,32.61,13.39,43690
"Longueuil",0.2811712,32.61,13.37,43690
"Longueuil",0.2813161,32.59,13.34,43690
"Longueuil",0.2860947,32.58,13.34,43690
"Longueuil",0.2851791,32.56,13.35,43690
"Longueuil",0.2851715,32.56,13.36,43690
"Longueuil",0.2837601,32.63,13.35,43690
"Longueuil",0.2843831,32.56,13.39,43690
"Longueuil",0.2864176,32.57,13.4,43690
"Longueuil",0.28538,32.61,13.39,43690
"Longueuil",0.2847061,32.54,13.38,43690
"Longueuil",0.2844162,32.54,13.38,43690
"Longueuil",0.2864126,32.67,13.4,43690
"Longueuil",0.2839279,32.54,13.42,43690
"Longueuil",0.2847977,32.56,13.44,43690
"Longueuil",0.2864889,32.55,13.45,43690
"Longueuil",0.2846451,32.58,13.44,43690
"Longueuil",0.2846731,32.56,13.45,43690
"Longueuil",0.2840118,32.65,13.41,43690
"Longueuil",0.2835744,32.59,13.42,43690
"Longueuil",0.2844492,32.61,13.39,43690
"Longueuil",0.283287,32.64,13.42,43690
"Longueuil",0.2858353,32.62,13.42,43690
"Longueuil",0.2855148,32.64,13.46,43690
"Longueuil",0.286204,32.64,13.45,43690
"Longueuil",0.2863185,32.66,13.45,43690
"Longueuil",0.286377,32.67,13.44,43690
"Longueuil",0.2881317,32.67,13.39,43690
"Longueuil",0.2831014,32.68,13.38,43690
"Longueuil",0.2847646,32.68,13.35,43690
"Longueuil",0.2864049,32.7,13.34,43690
"Longueuil",0.2849554,32.7,13.34,43690
"Longueuil",0.2834269,32.7,13.34,43690
"Longueuil",0.2817713,32.72,13.38,43690
"Longueuil",0.2827581,32.71,13.35,43690
"Longueuil",0.2839406,32.72,13.33,43690
"Longueuil",0.2808634,32.7,13.35,43690
"Longueuil",0.2819977,32.69,13.3,43690
"Longueuil",0.2821375,32.68,13.31,43690
"Longueuil",0.2817535,32.68,13.31,43690
"Longueuil",0.2820943,32.67,13.31,43690
"Longueuil",0.2809245,32.66,13.33,43690
"Longueuil",0.2812398,32.65,13.3,43690
"Longueuil",0.2839152,32.63,13.33,43690
"Longueuil",0.2826436,32.62,13.37,43690
"Longueuil",0.2811991,32.61,13.38,43690
"Longueuil",0.2825495,32.59,13.32,43690
"Longueuil",0.2832209,32.58,13.32,43690
"Longueuil",0.2838821,32.64,13.33,43690
"Longueuil",0.2830353,32.56,13.38,43690
"Longueuil",0.2848282,32.56,13.37,43690
"Longueuil",0.2856598,32.59,13.38,43690
"Longueuil",0.2836711,32.55,13.37,43690
"Longueuil",0.285586,32.55,13.36,43690
"Longueuil",0.2886327,32.55,13.33,43690
"Longueuil",0.2862956,32.55,13.36,43690
"Longueuil",0.2854665,32.58,13.38,43690
"Longueuil",0.2854055,32.57,13.39,43690
"Longueuil",0.2868703,32.57,13.36,43690
"Longueuil",0.2861888,32.58,13.35,43690
"Longueuil",0.2870153,32.59,13.36,43690
"Longueuil",0.2855021,32.6,13.43,43690
"Longueuil",0.2861557,32.61,13.37,43690
"Longueuil",0.2857717,32.63,13.33,43690
"Longueuil",0.2862956,32.62,13.34,43690
"Longueuil",0.2853877,32.63,13.32,43690
"Longueuil",0.2882334,32.63,13.34,43690
"Longueuil",0.2849986,32.66,13.34,43690
"Longueuil",0.2853266,32.66,13.34,43690
"Longueuil",0.284551,32.68,13.37,43690
"Longueuil",0.2832031,32.48,13.34,43690
"Longueuil",0.2867915,32.71,13.34,43690
"Longueuil",0.2859294,32.71,13.32,43690
"Longueuil",0.2845866,32.74,13.33,43690
"Longueuil",0.2823741,32.74,13.34,43690
"Longueuil",0.2876129,32.75,13.34,43690
"Longueuil",0.2791443,32.75,13.36,43690
"Longueuil",0.2814611,32.76,13.41,43690
"Longueuil",0.2829793,32.74,13.42,43690
"Longueuil",0.2827276,32.73,13.4,43690
"Longueuil",0.2825775,32.72,13.36,43690
"Longueuil",0.2836914,32.71,13.35,43690
"Longueuil",0.2819926,32.68,13.34,43690
"Longueuil",0.2835464,32.67,13.36,43690
"Longueuil",0.2827021,32.66,13.38,43690
"Longueuil",0.2830734,32.65,13.43,43690
"Longueuil",0.2837601,32.64,13.44,43690
"Longueuil",0.2847595,32.62,13.41,43690
"Longueuil",0.2833939,32.59,13.4,43690
"Longueuil",0.2850393,32.59,13.39,43690
"Longueuil",0.283933,32.59,13.41,43690
"Longueuil",0.2839381,32.65,13.38,43690
"Longueuil",0.2846832,32.57,13.43,43690
"Longueuil",0.2838643,32.58,13.42,43690
"Longueuil",0.2845663,32.56,13.4,43690
"Longueuil",0.2847086,32.55,13.35,43690
"Longueuil",0.2850189,32.55,13.41,43690
"Longueuil",0.2856394,32.57,13.37,43690
"Longueuil",0.2851537,32.58,13.35,43690
"Longueuil",0.285731,32.57,13.3,43690
"Longueuil",0.28464,32.58,13.34,43690
"Longueuil",0.28582,32.59,13.34,43690
"Longueuil",0.2863464,32.6,13.36,43690
"Longueuil",0.2867635,32.61,13.34,43690
"Longueuil",0.2866999,32.63,13.33,43690
"Longueuil",0.286265,32.64,13.35,43690
"Longueuil",0.2861989,32.65,13.38,43690
"Longueuil",0.2871729,32.67,13.36,43690
"Longueuil",0.2861786,32.68,13.37,43690
"Longueuil",0.2875697,32.68,13.39,43690
"Longueuil",0.2849655,32.68,13.36,43690
"Longueuil",0.284729,32.69,13.36,43690
"Longueuil",0.2851461,32.7,13.34,43690
"Longueuil",0.2819926,32.71,13.33,43690
"Longueuil",0.2858327,32.72,13.39,43690
"Longueuil",0.2835973,32.72,13.38,43690
"Longueuil",0.2844442,32.73,13.41,43690
"Longueuil",0.2831396,32.74,13.45,43690
"Longueuil",0.2820536,32.73,13.43,43690
"Longueuil",0.2826691,32.7,13.41,43690
"Longueuil",0.2816671,32.69,13.43,43690
"Longueuil",0.2828471,32.69,13.41,43690
"Longueuil",0.2825597,32.67,13.45,43690
"Longueuil",0.2818604,32.66,13.43,43690
"Longueuil",0.2804896,32.66,13.42,43690
"Longueuil",0.2834244,32.63,13.46,43690
"Longueuil",0.2828674,32.62,13.44,43690
"Longueuil",0.2863032,32.6,13.42,43690
"Longueuil",0.2836049,32.59,13.41,43690
"Longueuil",0.2814255,32.57,13.42,43690
"Longueuil",0.2853673,32.56,13.38,43690
"Longueuil",0.2849096,32.56,13.36,43690
"Longueuil",0.2835617,32.55,13.34,43690
"Longueuil",0.2831879,32.56,13.35,43690
"Longueuil",0.2877172,32.57,13.4,43690
"Longueuil",0.2849121,32.56,13.37,43690
"Longueuil",0.2850977,32.55,13.34,43690
"Longueuil",0.282959,32.56,13.34,43690
"Longueuil",0.2861303,32.55,13.31,43690
"Longueuil",0.2846349,32.56,13.33,43690
"Longueuil",0.284139,32.57,13.37,43690
"Longueuil",0.2848816,32.59,13.37,43690
"Longueuil",0.2845281,32.58,13.37,43690
"Longueuil",0.2865067,32.6,13.33,43690
"Longueuil",0.2848841,32.61,13.35,43690
"Longueuil",0.284996,32.64,13.38,43690
"Longueuil",0.2846629,32.65,13.32,43690
"Longueuil",0.2852148,32.65,13.34,43690
"Longueuil",0.2826716,32.69,13.32,43690
"Longueuil",0.2859344,32.66,13.3,43690
"Longueuil",0.2849223,32.68,13.31,43690
"Longueuil",0.2829691,32.68,13.35,43690
"Longueuil",0.2821833,32.7,13.36,43690
"Longueuil",0.2815755,32.72,13.4,43690
"Longueuil",0.2816366,32.72,13.39,43690
"Longueuil",0.2799962,32.47,13.34,43690
"Longueuil",0.2799021,32.7,13.34,43690
"Longueuil",0.280604,32.7,13.34,43690
"Longueuil",0.2809448,32.7,13.36,43690
"Longueuil",0.2809804,32.68,13.39,43690
"Longueuil",0.2815475,32.68,13.42,43690
"Longueuil",0.280604,32.68,13.4,43690
"Longueuil",0.2805557,32.65,13.42,43690
"Longueuil",0.2812653,32.63,13.43,43690
"Longueuil",0.2824351,32.62,13.44,43690
"Longueuil",0.2810516,32.61,13.41,43690
"Longueuil",0.2814763,32.59,13.41,43690
"Longueuil",0.2830048,32.57,13.42,43690
"Longueuil",0.2853012,32.56,13.38,43690
"Longueuil",0.2841593,32.55,13.4,43690
"Longueuil",0.2839254,32.54,13.39,43690
"Longueuil",0.28523,32.54,13.34,43690
"Longueuil",0.2851791,32.52,13.34,43690
"Longueuil",0.2849426,32.5,13.3,43690
"Longueuil",0.2862778,32.51,13.32,43690
"Longueuil",0.2854258,32.52,13.31,43690
"Longueuil",0.2870585,32.52,13.31,43690
"Longueuil",0.2856928,32.53,13.31,43690
"Longueuil",0.2848002,32.54,13.31,43690
"Longueuil",0.2858327,32.55,13.34,43690
"Longueuil",0.2861888,32.55,13.32,43690
"Longueuil",0.2846247,32.55,13.3,43690
"Longueuil",0.2854233,32.63,13.31,43690
"Longueuil",0.2857157,32.58,13.31,43690
"Longueuil",0.2856165,32.58,13.33,43690
"Longueuil",0.2876663,32.6,13.31,43690
"Longueuil",0.2855097,32.61,13.31,43690
"Longueuil",0.2866974,32.63,13.34,43690
"Longueuil",0.28523,32.64,13.33,43690
"Longueuil",0.2856878,32.66,13.36,43690
"Longueuil",0.286733,32.66,13.34,43690
"Longueuil",0.2867838,32.69,13.34,43690
"Longueuil",0.2852809,32.69,13.34,43690
"Longueuil",0.2844137,32.7,13.35,43690
"Longueuil",0.2825317,32.73,13.38,43690
"Longueuil",0.2845866,32.73,13.39,43690
"Longueuil",0.2825953,32.73,13.36,43690
"Longueuil",0.2855428,32.73,13.34,43690
"Longueuil",0.2832845,32.74,13.37,43690
"Longueuil",0.2834829,32.74,13.37,43690
"Longueuil",0.2826538,32.73,13.37,43690
"Longueuil",0.2827886,32.76,13.34,43690
"Longueuil",0.2831014,32.75,13.33,43690
"Longueuil",0.2814916,32.74,13.35,43690
"Longueuil",0.2811407,32.7,13.38,43690
"Longueuil",0.2811737,32.69,13.4,43690
"Longueuil",0.2811762,32.68,13.38,43690
"Longueuil",0.2810999,32.66,13.38,43690
"Longueuil",0.2825979,32.65,13.39,43690
"Longueuil",0.2822749,32.63,13.4,43690
"Longueuil",0.2843755,32.6,13.37,43690
"Longueuil",0.2815348,32.59,13.39,43690
"Longueuil",0.2824503,32.58,13.37,43690
"Longueuil",0.2842102,32.58,13.39,43690
"Longueuil",0.2846349,32.58,13.38,43690
"Longueuil",0.2848765,32.57,13.37,43690
"Longueuil",0.2845128,32.62,13.38,43690
"Longueuil",0.2840627,32.64,13.34,43690
"Longueuil",0.2847494,32.56,13.36,43690
"Longueuil",0.2844366,32.55,13.34,43690
"Longueuil",0.2858836,32.56,13.34,43690
"Longueuil",0.2828878,32.55,13.34,43690
"Longueuil",0.2842941,32.57,13.34,43690
"Longueuil",0.2852987,32.58,13.37,43690
"Longueuil",0.2861176,32.64,13.34,43690
"Longueuil",0.285586,32.59,13.36,43690
"Longueuil",0.2858861,32.6,13.35,43690
"Longueuil",0.2857157,32.6,13.38,43690
"Longueuil",0.2857768,32.63,13.39,43690
"Longueuil",0.2857157,32.62,13.37,43690
"Longueuil",0.2854589,32.63,13.4,43690
"Longueuil",0.2857615,32.65,13.39,43690
"Longueuil",0.285024,32.66,13.37,43690
"Longueuil",0.2864558,32.67,13.37,43690
"Longueuil",0.2836736,32.66,13.37,43690
"Longueuil",0.2849477,32.68,13.34,43690
"Longueuil",0.2846069,32.69,13.37,43690
"Longueuil",0.2855377,32.71,13.36,43690
"Longueuil",0.2843043,32.72,13.36,43690
"Longueuil",0.2843195,32.74,13.34,43690
"Longueuil",0.2842356,32.75,13.35,43690
"Longueuil",0.2823537,32.75,13.39,43690
"Longueuil",0.2815018,32.77,13.32,43690
"Longueuil",0.2815145,32.75,13.31,43690
"Longueuil",0.2816416,32.76,13.33,43690
"Longueuil",0.2815653,32.79,13.39,43690
"Longueuil",0.2826233,32.78,13.38,43690
"Longueuil",0.2837067,32.78,13.4,43690
"Longueuil",0.282753,32.78,13.41,43690
"Longueuil",0.2825674,32.78,13.4,43690
"Longueuil",0.2810999,32.76,13.41,43690
"Longueuil",0.2797165,32.73,13.39,43690
"Longueuil",0.2799123,32.73,13.41,43690
"Longueuil",0.2801336,32.71,13.39,43690
"Longueuil",0.2815806,32.68,13.39,43690
"Longueuil",0.2811101,32.65,13.34,43690
"Longueuil",0.2834422,32.64,13.37,43690
"Longueuil",0.2819468,32.63,13.34,43690
"Longueuil",0.2822189,32.63,13.36,43690
"Longueuil",0.2841441,32.62,13.36,43690
"Longueuil",0.2848129,32.61,13.33,43690
"Longueuil",0.2833277,32.59,13.33,43690
"Longueuil",0.2835592,32.59,13.33,43690
"Longueuil",0.2854309,32.58,13.3,43690
"Longueuil",0.2850164,32.58,13.33,43690
"Longueuil",0.2845917,32.58,13.32,43690
"Longueuil",0.2846502,32.58,13.32,43690
"Longueuil",0.2864838,32.58,13.34,43690
"Longueuil",0.2863871,32.6,13.35,43690
"Longueuil",0.2839228,32.63,13.37,43690
"Longueuil",0.2860743,32.63,13.41,43690
"Longueuil",0.2848587,32.63,13.36,43690
"Longueuil",0.2837041,32.64,13.33,43690
"Longueuil",0.2842484,32.63,13.38,43690
"Longueuil",0.2872137,32.64,13.33,43690
"Longueuil",0.2865728,32.66,13.3,43690
"Longueuil",0.2870077,32.66,13.34,43690
"Longueuil",0.2835388,32.67,13.34,43690
"Longueuil",0.2847417,32.69,13.35,43690
"Longueuil",0.2881953,32.7,13.34,43690
"Longueuil",0.2860209,32.7,13.29,43690
"Longueuil",0.2855403,32.71,13.42,43690
"Longueuil",0.28449,32.73,13.36,43690
"Longueuil",0.2846527,32.74,13.37,43690
"Longueuil",0.2878062,32.75,13.34,43690
"Longueuil",0.2820257,32.74,13.32,43690
"Longueuil",0.2861277,32.75,13.31,43690
"Longueuil",0.2829336,32.76,13.29,43690
"Longueuil",0.2815475,32.75,13.31,43690
"Longueuil",0.2821299,32.76,13.34,43690
"Longueuil",0.2845027,32.76,13.32,43690
"Longueuil",0.2826614,32.75,13.34,43690
"Longueuil",0.2810364,32.75,13.33,43690
"Longueuil",0.2822215,32.74,13.31,43690
"Longueuil",0.2831523,32.73,13.3,43690
"Longueuil",0.2839533,32.72,13.37,43690
"Longueuil",0.2776896,32.71,13.39,43690
"Longueuil",0.2732213,32.57,13.4,43690
"Longueuil",0.2725347,32.67,13.42,43690
"Longueuil",0.2759247,32.66,13.39,43690
"Longueuil",0.2763519,32.64,13.35,43690
"Longueuil",0.2759908,32.62,13.37,43690
"Longueuil",0.2758764,32.62,13.38,43690
"Longueuil",0.2796427,32.61,13.38,43690
"Longueuil",0.2777278,32.6,13.35,43690
"Longueuil",0.2771123,32.58,13.33,43690
"Longueuil",0.277888,32.63,13.33,43690
"Longueuil",0.2792867,32.59,13.4,43690
"Longueuil",0.2783941,32.58,13.36,43690
"Longueuil",0.2789637,32.58,13.34,43690
"Longueuil",0.2767868,32.57,13.33,43690
"Longueuil",0.2798818,32.57,13.33,43690
"Longueuil",0.2816569,32.59,13.36,43690
"Longueuil",0.2805913,32.61,13.37,43690
"Longueuil",0.281545,32.61,13.38,43690
"Longueuil",0.2775396,32.61,13.36,43690
"Longueuil",0.2796198,32.62,13.36,43690
"Longueuil",0.2793655,32.62,13.34,43690
"Longueuil",0.2788289,32.63,13.34,43690
"Longueuil",0.2811584,32.65,13.34,43690
"Longueuil",0.2817663,32.66,13.33,43690
"Longueuil",0.2789179,32.66,13.36,43690
"Longueuil",0.2822825,32.67,13.34,43690
"Longueuil",0.2819519,32.68,13.34,43690
"Longueuil",0.2813416,32.69,13.36,43690
"Longueuil",0.2822774,32.7,13.31,43690
"Longueuil",0.2790146,32.73,13.33,43690
"Longueuil",0.2827225,32.76,13.35,43690
"Longueuil",0.2796427,32.76,13.38,43690
"Longueuil",0.2787476,32.77,13.37,43690
"Longueuil",0.2796834,32.78,13.38,43690
"Longueuil",1.947609,32.79,13.39,43690
"Longueuil",1.303314,32.78,13.4,43690
"Longueuil",1.556079,32.78,13.41,43690
"Longueuil",0.4738515,32.77,13.43,43690
"Longueuil",0.28022,32.76,13.38,43690
"Longueuil",0.2793198,32.76,13.36,43690
"Longueuil",0.2782593,32.78,13.36,43690
"Longueuil",0.2783101,32.73,13.35,43690
"Longueuil",0.2775421,32.7,13.31,43690
"Longueuil",0.2772268,32.69,13.33,43690
"Longueuil",0.2771606,32.68,13.33,43690
"Longueuil",0.2785619,32.66,13.34,43690
"Longueuil",0.2773768,32.64,13.31,43690
"Longueuil",0.2794546,32.62,13.31,43690
"Longueuil",0.2806625,32.62,13.31,43690
"Longueuil",0.2771149,32.62,13.36,43690
"Longueuil",0.2786942,32.64,13.34,43690
"Longueuil",0.2805201,32.62,13.37,43690
"Longueuil",0.2794012,32.61,13.4,43690
"Longueuil",0.278244,32.62,13.41,43690
"Longueuil",0.279775,32.59,13.4,43690
"Longueuil",0.2815475,32.58,13.39,43690
"Longueuil",0.2807795,32.58,13.34,43690
"Longueuil",0.2786789,32.6,13.4,43690
"Longueuil",0.2793223,32.59,13.4,43690
"Longueuil",0.2805481,32.61,13.4,43690
"Longueuil",0.2810287,32.62,13.41,43690
"Longueuil",0.2823003,32.62,13.4,43690
"Longueuil",0.2800064,32.61,13.38,43690
"Longueuil",0.2804998,32.63,13.38,43690
"Longueuil",0.2798767,32.64,13.44,43690
"Longueuil",0.2819824,32.65,13.45,43690
"Longueuil",0.2801437,32.66,13.44,43690
"Longueuil",0.2808177,32.67,13.4,43690
"Longueuil",0.2806066,32.65,13.37,43690
"Longueuil",0.2802658,32.65,13.33,43690
"Longueuil",0.2817281,32.68,13.33,43690
"Longueuil",0.2808914,32.69,13.35,43690
"Longueuil",0.2816416,32.72,13.38,43690
"Longueuil",0.277298,32.73,13.39,43690
"Longueuil",0.2788289,32.74,13.38,43690
"Longueuil",0.2815069,32.76,13.35,43690
"Longueuil",0.2799326,32.74,13.37,43690
"Longueuil",0.2773209,32.74,13.35,43690
"Longueuil",0.2776566,32.74,13.41,43690
"Longueuil",0.2777964,32.74,13.4,43690
"Longueuil",0.2768351,32.74,13.47,43690
"Longueuil",0.277654,32.72,13.45,43690
"Longueuil",0.2794927,32.72,13.44,43690
"Longueuil",0.2769216,32.7,13.42,43690
"Longueuil",0.278094,32.68,13.4,43690
"Longueuil",0.2786687,32.66,13.4,43690
"Longueuil",0.2794673,32.66,13.42,43690
"Longueuil",0.2807897,32.63,13.47,43690
"Longueuil",0.2804616,32.63,13.41,43690
"Longueuil",0.2793503,32.61,13.42,43690
"Longueuil",0.2805811,32.59,13.43,43690
"Longueuil",0.2827962,32.59,13.45,43690
"Longueuil",0.2842916,32.58,13.42,43690
"Longueuil",0.2838618,32.58,13.42,43690
"Longueuil",0.2840627,32.58,13.43,43690
"Longueuil",0.282753,32.57,13.42,43690
"Longueuil",0.2822418,32.58,13.39,43690
"Longueuil",0.2816925,32.57,13.43,43690
"Longueuil",0.2847595,32.59,13.41,43690
"Longueuil",0.2825317,32.58,13.39,43690
"Longueuil",0.2822723,32.58,13.38,43690
"Longueuil",0.2847494,32.6,13.34,43690
"Longueuil",0.2850876,32.63,13.35,43690
"Longueuil",0.2846934,32.65,13.34,43690
"Longueuil",0.283193,32.63,13.38,43690
"Longueuil",0.283282,32.65,13.41,43690
"Longueuil",0.2841187,32.66,13.4,43690
"Longueuil",0.284022,32.67,13.38,43690
"Longueuil",0.2825445,32.68,13.41,43690
"Longueuil",0.2821248,32.68,13.41,43690
"Longueuil",0.2823868,32.69,13.42,43690
"Longueuil",0.2810389,32.69,13.44,43690
"Longueuil",0.2801666,32.69,13.41,43690
"Longueuil",0.281601,32.69,13.43,43690
"Longueuil",0.281545,32.68,13.42,43690
"Longueuil",0.2828598,32.68,13.4,43690
"Longueuil",0.2835948,32.67,13.39,43690
"Longueuil",0.2798869,32.66,13.4,43690
"Longueuil",0.2818095,32.65,13.4,43690
"Longueuil",0.2800573,32.64,13.37,43690
"Longueuil",0.2806727,32.63,13.38,43690
"Longueuil",0.2798462,32.6,13.36,43690
"Longueuil",0.282486,32.61,13.33,43690
"Longueuil",0.28302,32.57,13.34,43690
"Longueuil",0.2838542,32.58,13.37,43690
"Longueuil",0.2833582,32.57,13.37,43690
"Longueuil",0.2825139,32.57,13.35,43690
"Longueuil",0.2849096,32.56,13.38,43690
"Longueuil",0.287,32.54,13.37,43690
"Longueuil",0.2852249,32.54,13.39,43690
"Longueuil",0.2877274,32.55,13.38,43690
"Longueuil",0.2852224,32.53,13.39,43690
"Longueuil",0.2847544,32.54,13.38,43690
"Longueuil",0.2881444,32.54,13.45,43690
"Longueuil",0.2874146,32.54,13.43,43690
"Longueuil",0.2859548,32.56,13.42,43690
"Longueuil",0.2885513,32.56,13.38,43690
"Longueuil",0.2872721,32.58,13.39,43690
"Longueuil",0.2900416,32.56,13.36,43690
"Longueuil",0.2890523,32.57,13.32,43690
"Longueuil",0.2889506,32.57,13.36,43690
"Longueuil",0.2878799,32.6,13.37,43690
"Longueuil",0.2883072,32.62,13.38,43690
"Longueuil",0.2907206,32.62,13.37,43690
"Longueuil",0.2887955,32.63,13.33,43690
"Longueuil",0.2902578,32.64,13.36,43690
"Longueuil",0.2888769,32.65,13.37,43690
"Longueuil",0.2921117,32.67,13.36,43690
"Longueuil",0.2893346,32.67,13.41,43690
"Longueuil",0.2878799,32.68,13.39,43690
"Longueuil",0.2895635,32.68,13.4,43690
"Longueuil",0.2891006,32.68,13.41,43690
"Longueuil",0.2864176,32.68,13.48,43690
"Longueuil",0.288002,32.67,13.46,43690
"Longueuil",0.2876129,32.67,13.42,43690
"Longueuil",0.2882843,32.64,13.47,43690
"Longueuil",0.2882055,32.64,13.41,43690
"Longueuil",0.285642,32.62,13.38,43690
"Longueuil",0.287768,32.6,13.38,43690
"Longueuil",0.2890193,32.59,13.37,43690
"Longueuil",0.2868271,32.61,13.37,43690
"Longueuil",0.2889532,32.56,13.38,43690
"Longueuil",0.2898305,32.58,13.35,43690
"Longueuil",0.290151,32.53,13.31,43690
"Longueuil",0.2918727,32.51,13.31,43690
"Longueuil",0.2936325,32.51,13.32,43690
"Longueuil",0.2914861,32.51,13.35,43690
"Longueuil",0.2891184,32.5,13.36,43690
"Longueuil",0.2915929,32.51,13.33,43690
"Longueuil",0.2909495,32.54,13.34,43690
"Longueuil",0.2919362,32.54,13.36,43690
"Longueuil",0.2922236,32.55,13.37,43690
"Longueuil",0.2922516,32.54,13.36,43690
"Longueuil",0.2945887,32.55,13.36,43690
"Longueuil",0.2919693,32.62,13.34,43690
"Longueuil",0.292951,32.56,13.35,43690
"Longueuil",0.2942352,32.57,13.36,43690
"Longueuil",0.2959239,32.58,13.35,43690
"Longueuil",0.2941742,32.58,13.37,43690
"Longueuil",0.2943471,32.61,13.38,43690
"Longueuil",0.2948303,32.63,13.41,43690
"Longueuil",0.2940343,32.63,13.42,43690
"Longueuil",0.2956797,32.64,13.38,43690
"Longueuil",0.2944666,32.66,13.36,43690
"Longueuil",0.2931137,32.64,13.36,43690
"Longueuil",0.2936045,32.66,13.42,43690
"Longueuil",0.2922974,32.66,13.41,43690
"Longueuil",0.293663,32.67,13.41,43690
"Longueuil",0.2924042,32.66,13.38,43690
"Longueuil",0.2914937,32.65,13.34,43690
"Longueuil",0.2906545,32.64,13.33,43690
"Longueuil",0.2944336,32.63,13.34,43690
"Longueuil",0.2914861,32.62,13.36,43690
"Longueuil",0.2923737,32.62,13.36,43690
"Longueuil",0.2915598,32.6,13.38,43690
"Longueuil",0.2950541,32.59,13.36,43690
"Longueuil",0.2920965,32.57,13.37,43690
"Longueuil",0.2942352,32.54,13.33,43690
"Longueuil",0.2954585,32.54,13.36,43690
"Longueuil",0.2970174,32.54,13.36,43690
"Longueuil",0.2976023,32.58,13.4,43690
"Longueuil",0.2968369,32.52,13.4,43690
"Longueuil",0.2981542,32.51,13.42,43690
"Longueuil",0.2970251,32.52,13.4,43690
"Longueuil",0.2977854,32.51,13.35,43690
"Longueuil",0.2984873,32.51,13.36,43690
"Longueuil",0.2972488,32.51,13.36,43690
"Longueuil",0.3005396,32.5,13.39,43690
"Longueuil",0.3016256,32.52,13.37,43690
"Longueuil",0.3011042,32.54,13.39,43690
"Longueuil",0.3007863,32.55,13.4,43690
"Longueuil",0.2997513,32.55,13.39,43690
"Longueuil",0.3021698,32.55,13.37,43690
"Longueuil",0.3000031,32.57,13.4,43690
"Longueuil",0.3016561,32.57,13.43,43690
"Longueuil",0.3028971,32.58,13.37,43690
"Longueuil",0.3032252,32.59,13.39,43690
"Longueuil",0.3016612,32.6,13.35,43690
"Longueuil",0.3013,32.61,13.38,43690
"Longueuil",0.3033447,32.61,13.33,43690
"Longueuil",0.3032761,32.63,13.33,43690
"Longueuil",0.3009338,32.63,13.34,43690
"Longueuil",0.3020147,32.66,13.33,43690
"Longueuil",0.3012161,32.67,13.32,43690
"Longueuil",0.3040822,32.67,13.32,43690
"Longueuil",0.3010966,32.69,13.38,43690
"Longueuil",0.3040721,32.69,13.35,43690
"Longueuil",0.3001404,32.7,13.34,43690
"Longueuil",0.2996852,32.68,13.34,43690
"Longueuil",0.2980677,32.68,13.31,43690
"Longueuil",0.3000132,32.68,13.31,43690
"Longueuil",0.3015213,32.67,13.33,43690
"Longueuil",0.3019867,32.66,13.31,43690
"Longueuil",0.2988892,32.65,13.35,43690
"Longueuil",0.3015493,32.64,13.35,43690
"Longueuil",0.3005015,32.64,13.36,43690
"Longueuil",0.3015544,32.63,13.36,43690
"Longueuil",0.3022588,32.61,13.41,43690
"Longueuil",0.3009491,32.61,13.38,43690
"Longueuil",0.3021011,32.65,13.4,43690
"Longueuil",0.30675,32.56,13.38,43690
"Longueuil",0.3051504,32.55,13.34,43690
"Longueuil",0.304896,32.54,13.35,43690
"Longueuil",0.307607,32.54,13.36,43690
"Longueuil",0.3087158,32.54,13.38,43690
"Longueuil",0.3072332,32.53,13.34,43690
"Longueuil",0.3090744,32.54,13.33,43690
"Longueuil",0.3091405,32.53,13.34,43690
"Longueuil",0.308609,32.54,13.34,43690
"Longueuil",0.3097102,32.54,13.34,43690
"Longueuil",0.3089676,32.54,13.31,43690
"Longueuil",0.3083954,32.57,13.33,43690
"Longueuil",0.3102519,32.57,13.3,43690
"Longueuil",0.3099467,32.58,13.34,43690
"Longueuil",0.3114141,32.58,13.32,43690
"Longueuil",0.3104375,32.59,13.33,43690
"Longueuil",0.3124288,32.6,13.32,43690
"Longueuil",0.310613,32.62,13.31,43690
"Longueuil",0.3094737,32.62,13.33,43690
"Longueuil",0.311058,32.62,13.31,43690
"Longueuil",0.3110937,32.64,13.31,43690
"Longueuil",0.3087845,32.65,13.36,43690
"Longueuil",0.3097788,32.64,13.35,43690
"Longueuil",0.3098017,32.65,13.33,43690
"Longueuil",0.3097178,32.65,13.35,43690
"Longueuil",0.3091405,32.63,13.36,43690
"Longueuil",0.3102493,32.67,13.34,43690
"Longueuil",0.310585,32.63,13.33,43690
"Longueuil",0.3115667,32.64,13.37,43690
"Longueuil",0.3095398,32.6,13.37,43690
"Longueuil",0.3107274,32.58,13.35,43690
"Longueuil",0.3128764,32.56,13.36,43690
"Longueuil",0.3128967,32.55,13.36,43690
"Longueuil",0.3151906,32.54,13.38,43690
"Longueuil",0.3147863,32.54,13.39,43690
"Longueuil",0.3183772,32.52,13.35,43690
"Longueuil",0.3164495,32.51,13.38,43690
"Longueuil",0.3184814,32.5,13.39,43690
"Longueuil",0.3171616,32.5,13.38,43690
"Longueuil",0.3213018,32.49,13.39,43690
"Longueuil",0.3204015,32.49,13.36,43690
"Longueuil",0.3223012,32.48,13.36,43690
"Longueuil",0.3217341,32.47,13.31,43690
"Longueuil",0.3219223,32.48,13.3,43690
"Longueuil",0.3223165,32.5,13.37,43690
"Longueuil",0.3248723,32.52,13.39,43690
"Longueuil",0.3235041,32.52,13.37,43690
"Longueuil",0.3239517,32.55,13.39,43690
"Longueuil",0.3248622,32.55,13.4,43690
"Longueuil",0.324145,32.55,13.39,43690
"Longueuil",0.3273595,32.56,13.36,43690
"Longueuil",0.3242874,32.58,13.39,43690
"Longueuil",0.3215154,32.6,13.4,43690
"Longueuil",0.3235194,32.59,13.38,43690
"Longueuil",0.3240585,32.61,13.43,43690
"Longueuil",0.3241831,32.62,13.4,43690
"Longueuil",0.3236694,32.63,13.39,43690
"Longueuil",0.3255717,32.63,13.39,43690
"Longueuil",0.3245672,32.64,13.41,43690
"Longueuil",0.3243739,32.62,13.38,43690
"Longueuil",0.3263346,32.63,13.37,43690
"Longueuil",0.3283463,32.62,13.38,43690
"Longueuil",0.3266653,32.63,13.37,43690
"Longueuil",0.3244807,32.6,13.39,43690
"Longueuil",0.3263219,32.62,13.42,43690
"Longueuil",0.326739,32.6,13.39,43690
"Longueuil",0.3284225,32.6,13.39,43690
"Longueuil",0.329483,32.57,13.42,43690
"Longueuil",0.3307317,32.63,13.46,43690
"Longueuil",0.3312353,32.54,13.45,43690
"Longueuil",0.3330866,32.53,13.43,43690
"Longueuil",0.3334325,32.57,13.42,43690
"Longueuil",0.335528,32.51,13.4,43690
"Longueuil",0.3356679,32.49,13.42,43690
"Longueuil",0.3376795,32.57,13.38,43690
"Longueuil",0.3378754,32.48,13.38,43690
"Longueuil",0.3386408,32.48,13.36,43690
"Longueuil",0.3405253,32.49,13.35,43690
"Longueuil",0.3391291,32.49,13.36,43690
"Longueuil",0.3417969,32.48,13.38,43690
"Longueuil",0.3410594,32.49,13.36,43690
"Longueuil",0.3413722,32.48,13.34,43690
"Longueuil",0.341685,32.48,13.37,43690
"Longueuil",0.3451106,32.5,13.44,43690
"Longueuil",0.3448766,32.5,13.33,43690
"Longueuil",0.3450902,32.52,13.37,43690
"Longueuil",0.3453471,32.53,13.35,43690
"Longueuil",0.3476919,32.6,13.32,43690
"Longueuil",0.3483887,32.61,13.32,43690
"Longueuil",0.3526179,32.66,13.39,43690
"Longueuil",0.3510996,32.56,13.34,43690
"Longueuil",0.3500036,32.41,13.31,43690
"Longueuil",0.3511861,32.57,13.29,43690
"Longueuil",0.351977,32.58,13.3,43690
"Longueuil",0.3534851,32.6,13.33,43690
"Longueuil",0.3536707,32.61,13.33,43690
"Longueuil",0.3535487,32.64,13.36,43690
"Longueuil",0.3543498,32.64,13.34,43690
"Longueuil",0.3541031,32.63,13.33,43690
"Longueuil",0.3567835,32.65,13.33,43690
"Longueuil",0.3557434,32.43,13.37,43690
"Longueuil",0.3547897,32.63,13.32,43690
"Longueuil",0.3557739,32.62,13.33,43690
"Longueuil",0.3580805,32.61,13.37,43690
"Longueuil",0.3583145,32.6,13.36,43690
"Longueuil",0.3598022,32.59,13.38,43690
"Longueuil",0.3590317,32.58,13.41,43690
"Longueuil",0.3622335,32.56,13.41,43690
"Longueuil",0.364006,32.55,13.39,43690
"Longueuil",0.3656209,32.59,13.35,43690
"Longueuil",0.3674291,32.52,13.34,43690
"Longueuil",0.3680725,32.5,13.34,43690
"Longueuil",0.3699061,32.5,13.36,43690
"Longueuil",0.3728612,32.49,13.38,43690
"Longueuil",0.3736979,32.49,13.36,43690
"Longueuil",0.3747559,32.48,13.34,43690
"Longueuil",0.3768743,32.48,13.39,43690
"Longueuil",0.3798421,32.51,13.35,43690
"Longueuil",0.3770981,32.59,13.39,43690
"Longueuil",0.3789291,32.5,13.4,43690
"Longueuil",0.3790054,32.52,13.38,43690
"Longueuil",0.3811188,32.51,13.38,43690
"Longueuil",0.3810094,32.52,13.37,43690
"Longueuil",0.3824844,32.52,13.35,43690
"Longueuil",0.3854167,32.53,13.33,43690
"Longueuil",0.38473,32.54,13.32,43690
"Longueuil",0.3862279,32.55,13.31,43690
"Longueuil",0.3863958,32.69,13.33,43690
"Longueuil",0.3855947,32.57,13.31,43690
"Longueuil",0.3847834,32.59,13.31,43690
"Longueuil",0.38532,32.59,13.3,43690
"Longueuil",0.3868434,32.6,13.31,43690
"Longueuil",0.3880971,32.62,13.34,43690
"Longueuil",0.386823,32.63,13.37,43690
"Longueuil",0.3900986,32.65,13.37,43690
"Longueuil",0.3920517,32.65,13.38,43690
"Longueuil",0.3881556,32.65,13.39,43690
"Longueuil",0.3890127,32.63,13.37,43690
"Longueuil",0.3913905,32.62,13.35,43690
"Longueuil",0.3903631,32.6,13.34,43690
"Longueuil",0.3888346,32.61,13.39,43690
"Longueuil",0.3913142,32.59,13.38,43690
"Longueuil",0.3924204,32.58,13.37,43690
"Longueuil",0.3924179,32.57,13.39,43690
"Longueuil",0.3949305,32.55,13.35,43690
"Longueuil",0.3952713,32.54,13.37,43690
"Longueuil",0.3949153,32.52,13.37,43690
"Longueuil",0.3980154,32.52,13.4,43690
"Longueuil",0.3954264,32.51,13.42,43690
"Longueuil",0.3986028,32.51,13.38,43690
"Longueuil",0.3987783,32.5,13.37,43690
"Longueuil",0.4012731,32.5,13.38,43690
"Longueuil",0.4016953,32.52,13.33,43690
"Longueuil",0.4043147,32.48,13.34,43690
"Longueuil",0.4061076,32.48,13.32,43690
"Longueuil",0.4061661,32.49,13.35,43690
"Longueuil",0.4096018,32.59,13.39,43690
"Longueuil",0.4109879,32.52,13.38,43690
"Longueuil",0.4121501,32.53,13.35,43690
"Longueuil",0.4155197,32.53,13.32,43690
"Longueuil",0.4182358,32.54,13.32,43690
"Longueuil",0.4191717,32.54,13.31,43690
"Longueuil",0.4206034,32.57,13.31,43690
"Longueuil",0.423584,32.57,13.3,43690
"Longueuil",0.4255269,32.58,13.31,43690
"Longueuil",0.4284159,32.61,13.32,43690
"Longueuil",0.431694,32.62,13.34,43690
"Longueuil",0.4323095,32.64,13.35,43690
"Longueuil",0.4333929,32.72,13.3,43690
"Longueuil",0.4331385,32.66,13.34,43690
"Longueuil",0.4351985,32.67,13.33,43690
"Longueuil",0.4334641,32.68,13.32,43690
"Longueuil",0.4367676,32.71,13.36,43690
"Longueuil",0.4366226,32.72,13.42,43690
"Longueuil",0.4368006,32.72,13.39,43690
"Longueuil",0.4374593,32.7,13.38,43690
"Longueuil",0.438296,32.69,13.47,43690
"Longueuil",0.4412588,32.69,13.35,43690
"Longueuil",0.4400838,32.68,13.35,43690
"Longueuil",0.4440384,32.67,13.35,43690
"Longueuil",0.4415588,32.65,13.38,43690
"Longueuil",0.4423803,32.65,13.38,43690
"Longueuil",0.4446436,32.67,13.38,43690
"Longueuil",0.4468206,32.56,13.33,43690
"Longueuil",0.4471308,32.65,13.32,43690
"Longueuil",0.4486923,32.66,13.31,43690
"Longueuil",0.4502233,32.71,13.3,43690
"Longueuil",0.4531199,32.72,13.33,43690
"Longueuil",0.4535471,32.71,13.36,43690
"Longueuil",0.4550552,32.67,13.37,43690
"Longueuil",0.4561284,32.65,13.39,43690
"Longueuil",0.4589716,32.62,13.36,43690
"Longueuil",0.4601771,32.61,13.34,43690
"Longueuil",0.4608307,32.59,13.34,43690
"Longueuil",0.4648158,32.59,13.34,43690
"Longueuil",0.4655762,32.59,13.36,43690
"Longueuil",0.4676946,32.59,13.36,43690
"Longueuil",0.4710108,32.6,13.36,43690
"Longueuil",0.4746399,32.6,13.37,43690
"Longueuil",0.4756571,32.61,13.37,43690
"Longueuil",0.4768906,32.62,13.42,43690
"Longueuil",0.480217,32.63,13.39,43690
"Longueuil",0.4829254,32.64,13.39,43690
"Longueuil",0.4841868,32.64,13.42,43690
"Longueuil",0.4881134,32.66,13.42,43690
"Longueuil",0.4913432,32.68,13.39,43690
"Longueuil",0.4935125,32.67,13.36,43690
"Longueuil",0.4964879,32.69,13.37,43690
"Longueuil",0.4981512,32.7,13.34,43690
"Longueuil",0.5012843,32.71,13.37,43690
"Longueuil",0.4999441,32.74,13.37,43690
"Longueuil",0.4994863,32.73,13.39,43690
"Longueuil",0.503657,32.73,13.36,43690
"Longueuil",0.5057933,32.72,13.34,43690
"Longueuil",0.5075302,32.71,13.3,43690
"Longueuil",0.5082728,32.75,13.31,43690
"Longueuil",0.5110855,32.69,13.31,43690
"Longueuil",0.5164083,32.69,13.31,43690
"Longueuil",0.5171229,32.68,13.36,43690
"Longueuil",0.5176366,32.68,13.36,43690
"Longueuil",0.5190074,32.66,13.34,43690
"Longueuil",0.5204468,32.65,13.35,43690
"Longueuil",0.5226517,32.64,13.33,43690
"Longueuil",0.5226898,32.63,13.34,43690
"Longueuil",0.5284093,32.61,13.36,43690
"Longueuil",0.5307795,32.6,13.37,43690
"Longueuil",0.5299657,32.58,13.37,43690
"Longueuil",0.5339203,32.57,13.39,43690
"Longueuil",0.5348867,32.66,13.37,43690
"Longueuil",0.5372645,32.56,13.33,43690
"Longueuil",0.5381953,32.56,13.34,43690
"Longueuil",0.5407181,32.56,13.4,43690
"Longueuil",0.5420456,32.56,13.38,43690
"Longueuil",0.5449498,32.57,13.38,43690
"Longueuil",0.5435893,32.57,13.42,43690
"Longueuil",0.5470683,32.58,13.44,43690
"Longueuil",0.5475642,32.58,13.35,43690
"Longueuil",0.5509059,32.61,13.37,43690
"Longueuil",0.5507863,32.62,13.37,43690
"Longueuil",0.5527751,32.62,13.37,43690
"Longueuil",0.5554657,32.62,13.34,43690
"Longueuil",0.5552037,32.62,13.34,43690
"Longueuil",0.5589015,32.64,13.35,43690
"Longueuil",0.5593262,32.65,13.38,43690
"Longueuil",0.5620041,32.67,13.41,43690
"Longueuil",0.5648143,32.67,13.4,43690
"Longueuil",0.564799,32.67,13.37,43690
"Longueuil",0.5667928,32.74,13.34,43690
"Longueuil",0.568634,32.69,13.35,43690
"Longueuil",0.5703761,32.69,13.34,43690
"Longueuil",0.5695775,32.69,13.34,43690
"Longueuil",0.5736847,32.71,13.34,43690
"Longueuil",0.5741832,32.69,13.34,43690
